2026-06-10 00:00:18,035 | INFO | Riesgo monitor_runtime [aggressive_hybrid_v1_3_tp5_sl3]: open=0 break_even=0 partials=0 pending=0 last_signal=- last_action=-
2026-06-10 00:00:45,014 | INFO | Ejecutando job 'sync_trades' [aggressive_hybrid_v1_3_tp5_sl3]: C:\Users\USER\Documentos\Maestria\Mark-III\.venv\Scripts\python.exe main_pipeline.py --mode sync_trades --config C:\Users\USER\Documentos\Maestria\Mark-III\config\config_optimizado_20260513_152459.yaml
2026-06-10 00:00:53,080 | INFO | Riesgo sync_trades [aggressive_hybrid_v1_3_tp5_sl3]: open=0 break_even=0 partials=0 pending=0 last_signal=- last_action=-
2026-06-10 00:00:53,085 | INFO | Job 'sync_trades' completado.
2026-06-10 00:01:15,061 | INFO | Ejecutando job 'production' [aggressive_hybrid_v1_3_tp5_sl3]: C:\Users\USER\Documentos\Maestria\Mark-III\.venv\Scripts\python.exe main_pipeline.py --mode production --config C:\Users\USER\Documentos\Maestria\Mark-III\config\config_optimizado_20260513_152459.yaml
2026-06-10 00:01:32,597 | INFO | Señal production [aggressive_hybrid_v1_3_tp5_sl3]: ts=2026-06-10 08:00:00 signal=HOLD primary=HOLD(0.498) filter=HOLD support=0.0 pips=0.8815507536644059 reason=signal_hold entry= sl= tp=
2026-06-10 00:01:32,602 | INFO | Job 'production' completado.
2026-06-10 00:01:40,081 | INFO | Ejecutando job 'production' [aggressive_hybrid_v1_4_mid_r3_4p6b_hybrid_champion_fast]: C:\Users\USER\Documentos\Maestria\Mark-III\.venv\Scripts\python.exe main_pipeline.py --mode production --config C:\Users\USER\Documentos\Maestria\Mark-III\config\config_optimizado_20260603_075730.yaml
2026-06-10 00:01:45,026 | INFO | Ejecutando job 'sync_trades' [aggressive_hybrid_v1_3_tp5_sl3]: C:\Users\USER\Documentos\Maestria\Mark-III\.venv\Scripts\python.exe main_pipeline.py --mode sync_trades --config C:\Users\USER\Documentos\Maestria\Mark-III\config\config_optimizado_20260513_152459.yaml
2026-06-10 00:01:55,895 | INFO | Riesgo sync_trades [aggressive_hybrid_v1_3_tp5_sl3]: open=0 break_even=0 partials=0 pending=0 last_signal=- last_action=-
2026-06-10 00:01:55,897 | INFO | Job 'sync_trades' completado.
2026-06-10 00:02:02,818 | INFO | Señal production [aggressive_hybrid_v1_4_mid_r3_4p6b_hybrid_champion_fast]: ts=2026-06-10 08:00:00 signal=HOLD primary=HOLD(0.472) filter=HOLD support=0.0 pips=0.4615250625038282 reason=signal_hold entry= sl= tp=
2026-06-10 00:02:02,818 | INFO | Job 'production' completado.
2026-06-10 00:02:18,819 | INFO | Riesgo monitor_runtime [aggressive_hybrid_v1_3_tp5_sl3]: open=0 break_even=0 partials=0 pending=0 last_signal=- last_action=-
2026-06-10 00:02:45,014 | INFO | Ejecutando job 'sync_trades' [aggressive_hybrid_v1_3_tp5_sl3]: C:\Users\USER\Documentos\Maestria\Mark-III\.venv\Scripts\python.exe main_pipeline.py --mode sync_trades --config C:\Users\USER\Documentos\Maestria\Mark-III\config\config_optimizado_20260513_152459.yaml
2026-06-10 00:02:52,559 | INFO | Riesgo sync_trades [aggressive_hybrid_v1_3_tp5_sl3]: open=0 break_even=0 partials=0 pending=0 last_signal=- last_action=-
2026-06-10 00:02:52,559 | INFO | Job 'sync_trades' completado.
2026-06-10 00:03:45,018 | INFO | Ejecutando job 'sync_trades' [aggressive_hybrid_v1_3_tp5_sl3]: C:\Users\USER\Documentos\Maestria\Mark-III\.venv\Scripts\python.exe main_pipeline.py --mode sync_trades --config C:\Users\USER\Documentos\Maestria\Mark-III\config\config_optimizado_20260513_152459.yaml
2026-06-10 00:03:52,458 | INFO | Riesgo sync_trades [aggressive_hybrid_v1_3_tp5_sl3]: open=0 break_even=0 partials=0 pending=0 last_signal=- last_action=-
2026-06-10 00:03:52,458 | INFO | Job 'sync_trades' completado.
2026-06-10 00:04:18,304 | INFO | Riesgo monitor_runtime [aggressive_hybrid_v1_3_tp5_sl3]: open=0 break_even=0 partials=0 pending=0 last_signal=- last_action=-
2026-06-10 00:04:45,026 | INFO | Ejecutando job 'sync_trades' [aggressive_hybrid_v1_3_tp5_sl3]: C:\Users\USER\Documentos\Maestria\Mark-III\.venv\Scripts\python.exe main_pipeline.py --mode sync_trades --config C:\Users\USER\Documentos\Maestria\Mark-III\config\config_optimizado_20260513_152459.yaml
2026-06-10 00:04:53,545 | INFO | Riesgo sync_trades [aggressive_hybrid_v1_3_tp5_sl3]: open=0 break_even=0 partials=0 pending=0 last_signal=- last_action=-
2026-06-10 00:04:53,545 | INFO | Job 'sync_trades' completado.
2026-06-10 00:05:45,016 | INFO | Ejecutando job 'sync_trades' [aggressive_hybrid_v1_3_tp5_sl3]: C:\Users\USER\Documentos\Maestria\Mark-III\.venv\Scripts\python.exe main_pipeline.py --mode sync_trades --config C:\Users\USER\Documentos\Maestria\Mark-III\config\config_optimizado_20260513_152459.yaml
2026-06-10 00:05:53,450 | INFO | Riesgo sync_trades [aggressive_hybrid_v1_3_tp5_sl3]: open=0 break_even=0 partials=0 pending=0 last_signal=- last_action=-
2026-06-10 00:05:53,452 | INFO | Job 'sync_trades' completado.
2026-06-10 00:06:15,095 | INFO | Ejecutando job 'production' [aggressive_hybrid_v1_3_tp5_sl3]: C:\Users\USER\Documentos\Maestria\Mark-III\.venv\Scripts\python.exe main_pipeline.py --mode production --config C:\Users\USER\Documentos\Maestria\Mark-III\config\config_optimizado_20260513_152459.yaml
2026-06-10 00:06:18,388 | INFO | Riesgo monitor_runtime [aggressive_hybrid_v1_3_tp5_sl3]: open=0 break_even=0 partials=0 pending=0 last_signal=- last_action=-
2026-06-10 00:06:32,493 | INFO | Señal production [aggressive_hybrid_v1_3_tp5_sl3]: ts=2026-06-10 08:05:00 signal=HOLD primary=HOLD(0.679) filter=HOLD support=0.0 pips=2.7275087928860797 reason=signal_hold entry= sl= tp=
2026-06-10 00:06:32,494 | INFO | Job 'production' completado.
2026-06-10 00:06:40,069 | INFO | Ejecutando job 'production' [aggressive_hybrid_v1_4_mid_r3_4p6b_hybrid_champion_fast]: C:\Users\USER\Documentos\Maestria\Mark-III\.venv\Scripts\python.exe main_pipeline.py --mode production --config C:\Users\USER\Documentos\Maestria\Mark-III\config\config_optimizado_20260603_075730.yaml
2026-06-10 00:06:45,015 | INFO | Ejecutando job 'sync_trades' [aggressive_hybrid_v1_3_tp5_sl3]: C:\Users\USER\Documentos\Maestria\Mark-III\.venv\Scripts\python.exe main_pipeline.py --mode sync_trades --config C:\Users\USER\Documentos\Maestria\Mark-III\config\config_optimizado_20260513_152459.yaml
2026-06-10 00:06:55,823 | INFO | Riesgo sync_trades [aggressive_hybrid_v1_3_tp5_sl3]: open=0 break_even=0 partials=0 pending=0 last_signal=- last_action=-
2026-06-10 00:06:55,824 | INFO | Job 'sync_trades' completado.
2026-06-10 00:07:00,751 | INFO | Señal production [aggressive_hybrid_v1_4_mid_r3_4p6b_hybrid_champion_fast]: ts=2026-06-10 08:05:00 signal=HOLD primary=HOLD(0.612) filter=HOLD support=0.0 pips=1.4773091244566179 reason=signal_hold entry= sl= tp=
2026-06-10 00:07:00,751 | INFO | Job 'production' completado.
2026-06-10 00:07:45,020 | INFO | Ejecutando job 'sync_trades' [aggressive_hybrid_v1_3_tp5_sl3]: C:\Users\USER\Documentos\Maestria\Mark-III\.venv\Scripts\python.exe main_pipeline.py --mode sync_trades --config C:\Users\USER\Documentos\Maestria\Mark-III\config\config_optimizado_20260513_152459.yaml
2026-06-10 00:07:53,560 | INFO | Riesgo sync_trades [aggressive_hybrid_v1_3_tp5_sl3]: open=0 break_even=0 partials=0 pending=0 last_signal=- last_action=-
2026-06-10 00:07:53,560 | INFO | Job 'sync_trades' completado.
2026-06-10 00:08:18,070 | INFO | Riesgo monitor_runtime [aggressive_hybrid_v1_3_tp5_sl3]: open=0 break_even=0 partials=0 pending=0 last_signal=- last_action=-
2026-06-10 00:08:45,015 | INFO | Ejecutando job 'sync_trades' [aggressive_hybrid_v1_3_tp5_sl3]: C:\Users\USER\Documentos\Maestria\Mark-III\.venv\Scripts\python.exe main_pipeline.py --mode sync_trades --config C:\Users\USER\Documentos\Maestria\Mark-III\config\config_optimizado_20260513_152459.yaml
2026-06-10 00:08:52,951 | INFO | Riesgo sync_trades [aggressive_hybrid_v1_3_tp5_sl3]: open=0 break_even=0 partials=0 pending=0 last_signal=- last_action=-
2026-06-10 00:08:52,951 | INFO | Job 'sync_trades' completado.
2026-06-10 00:09:45,028 | INFO | Ejecutando job 'sync_trades' [aggressive_hybrid_v1_3_tp5_sl3]: C:\Users\USER\Documentos\Maestria\Mark-III\.venv\Scripts\python.exe main_pipeline.py --mode sync_trades --config C:\Users\USER\Documentos\Maestria\Mark-III\config\config_optimizado_20260513_152459.yaml
2026-06-10 00:09:52,574 | INFO | Riesgo sync_trades [aggressive_hybrid_v1_3_tp5_sl3]: open=0 break_even=0 partials=0 pending=0 last_signal=- last_action=-
2026-06-10 00:09:52,574 | INFO | Job 'sync_trades' completado.
2026-06-10 00:10:16,951 | INFO | Riesgo monitor_runtime [aggressive_hybrid_v1_3_tp5_sl3]: open=0 break_even=0 partials=0 pending=0 last_signal=- last_action=-
2026-06-10 00:10:45,014 | INFO | Ejecutando job 'sync_trades' [aggressive_hybrid_v1_3_tp5_sl3]: C:\Users\USER\Documentos\Maestria\Mark-III\.venv\Scripts\python.exe main_pipeline.py --mode sync_trades --config C:\Users\USER\Documentos\Maestria\Mark-III\config\config_optimizado_20260513_152459.yaml
2026-06-10 00:10:53,352 | INFO | Riesgo sync_trades [aggressive_hybrid_v1_3_tp5_sl3]: open=0 break_even=0 partials=0 pending=0 last_signal=- last_action=-
2026-06-10 00:10:53,354 | INFO | Job 'sync_trades' completado.
2026-06-10 00:11:15,069 | INFO | Ejecutando job 'production' [aggressive_hybrid_v1_3_tp5_sl3]: C:\Users\USER\Documentos\Maestria\Mark-III\.venv\Scripts\python.exe main_pipeline.py --mode production --config C:\Users\USER\Documentos\Maestria\Mark-III\config\config_optimizado_20260513_152459.yaml
2026-06-10 00:11:30,890 | INFO | Señal production [aggressive_hybrid_v1_3_tp5_sl3]: ts=2026-06-10 08:10:00 signal=HOLD primary=HOLD(0.660) filter=HOLD support=0.0 pips=2.5358254350335225 reason=signal_hold entry= sl= tp=
2026-06-10 00:11:30,890 | INFO | Job 'production' completado.
2026-06-10 00:11:40,061 | INFO | Ejecutando job 'production' [aggressive_hybrid_v1_4_mid_r3_4p6b_hybrid_champion_fast]: C:\Users\USER\Documentos\Maestria\Mark-III\.venv\Scripts\python.exe main_pipeline.py --mode production --config C:\Users\USER\Documentos\Maestria\Mark-III\config\config_optimizado_20260603_075730.yaml
2026-06-10 00:11:45,024 | INFO | Ejecutando job 'sync_trades' [aggressive_hybrid_v1_3_tp5_sl3]: C:\Users\USER\Documentos\Maestria\Mark-III\.venv\Scripts\python.exe main_pipeline.py --mode sync_trades --config C:\Users\USER\Documentos\Maestria\Mark-III\config\config_optimizado_20260513_152459.yaml
2026-06-10 00:11:56,216 | INFO | Riesgo sync_trades [aggressive_hybrid_v1_3_tp5_sl3]: open=0 break_even=0 partials=0 pending=0 last_signal=- last_action=-
2026-06-10 00:11:56,218 | INFO | Job 'sync_trades' completado.
2026-06-10 00:12:01,410 | INFO | Señal production [aggressive_hybrid_v1_4_mid_r3_4p6b_hybrid_champion_fast]: ts=2026-06-10 08:10:00 signal=HOLD primary=HOLD(0.526) filter=HOLD support=0.0 pips=0.8558370478016671 reason=signal_hold entry= sl= tp=
2026-06-10 00:12:01,410 | INFO | Job 'production' completado.
2026-06-10 00:12:17,556 | INFO | Riesgo monitor_runtime [aggressive_hybrid_v1_3_tp5_sl3]: open=0 break_even=0 partials=0 pending=0 last_signal=- last_action=-
2026-06-10 00:12:45,021 | INFO | Ejecutando job 'sync_trades' [aggressive_hybrid_v1_3_tp5_sl3]: C:\Users\USER\Documentos\Maestria\Mark-III\.venv\Scripts\python.exe main_pipeline.py --mode sync_trades --config C:\Users\USER\Documentos\Maestria\Mark-III\config\config_optimizado_20260513_152459.yaml
2026-06-10 00:12:52,506 | INFO | Riesgo sync_trades [aggressive_hybrid_v1_3_tp5_sl3]: open=0 break_even=0 partials=0 pending=0 last_signal=- last_action=-
2026-06-10 00:12:52,506 | INFO | Job 'sync_trades' completado.
2026-06-10 00:13:45,017 | INFO | Ejecutando job 'sync_trades' [aggressive_hybrid_v1_3_tp5_sl3]: C:\Users\USER\Documentos\Maestria\Mark-III\.venv\Scripts\python.exe main_pipeline.py --mode sync_trades --config C:\Users\USER\Documentos\Maestria\Mark-III\config\config_optimizado_20260513_152459.yaml
2026-06-10 00:13:52,445 | INFO | Riesgo sync_trades [aggressive_hybrid_v1_3_tp5_sl3]: open=0 break_even=0 partials=0 pending=0 last_signal=- last_action=-
2026-06-10 00:13:52,446 | INFO | Job 'sync_trades' completado.
2026-06-10 00:14:17,024 | INFO | Riesgo monitor_runtime [aggressive_hybrid_v1_3_tp5_sl3]: open=0 break_even=0 partials=0 pending=0 last_signal=- last_action=-
2026-06-10 00:14:45,017 | INFO | Ejecutando job 'sync_trades' [aggressive_hybrid_v1_3_tp5_sl3]: C:\Users\USER\Documentos\Maestria\Mark-III\.venv\Scripts\python.exe main_pipeline.py --mode sync_trades --config C:\Users\USER\Documentos\Maestria\Mark-III\config\config_optimizado_20260513_152459.yaml
2026-06-10 00:14:52,521 | INFO | Riesgo sync_trades [aggressive_hybrid_v1_3_tp5_sl3]: open=0 break_even=0 partials=0 pending=0 last_signal=- last_action=-
2026-06-10 00:14:52,521 | INFO | Job 'sync_trades' completado.
2026-06-10 00:15:45,016 | INFO | Ejecutando job 'sync_trades' [aggressive_hybrid_v1_3_tp5_sl3]: C:\Users\USER\Documentos\Maestria\Mark-III\.venv\Scripts\python.exe main_pipeline.py --mode sync_trades --config C:\Users\USER\Documentos\Maestria\Mark-III\config\config_optimizado_20260513_152459.yaml
2026-06-10 00:15:53,423 | INFO | Riesgo sync_trades [aggressive_hybrid_v1_3_tp5_sl3]: open=0 break_even=0 partials=0 pending=0 last_signal=- last_action=-
2026-06-10 00:15:53,424 | INFO | Job 'sync_trades' completado.
2026-06-10 00:16:15,088 | INFO | Ejecutando job 'production' [aggressive_hybrid_v1_3_tp5_sl3]: C:\Users\USER\Documentos\Maestria\Mark-III\.venv\Scripts\python.exe main_pipeline.py --mode production --config C:\Users\USER\Documentos\Maestria\Mark-III\config\config_optimizado_20260513_152459.yaml
2026-06-10 00:16:19,636 | INFO | Riesgo monitor_runtime [aggressive_hybrid_v1_3_tp5_sl3]: open=0 break_even=0 partials=0 pending=0 last_signal=- last_action=-
2026-06-10 00:16:31,490 | INFO | Señal production [aggressive_hybrid_v1_3_tp5_sl3]: ts=2026-06-10 08:15:00 signal=HOLD primary=HOLD(0.470) filter=HOLD support=0.0 pips=-0.5993362832026543 reason=signal_hold entry= sl= tp=
2026-06-10 00:16:31,490 | INFO | Job 'production' completado.
2026-06-10 00:16:40,071 | INFO | Ejecutando job 'production' [aggressive_hybrid_v1_4_mid_r3_4p6b_hybrid_champion_fast]: C:\Users\USER\Documentos\Maestria\Mark-III\.venv\Scripts\python.exe main_pipeline.py --mode production --config C:\Users\USER\Documentos\Maestria\Mark-III\config\config_optimizado_20260603_075730.yaml
2026-06-10 00:16:45,024 | INFO | Ejecutando job 'sync_trades' [aggressive_hybrid_v1_3_tp5_sl3]: C:\Users\USER\Documentos\Maestria\Mark-III\.venv\Scripts\python.exe main_pipeline.py --mode sync_trades --config C:\Users\USER\Documentos\Maestria\Mark-III\config\config_optimizado_20260513_152459.yaml
2026-06-10 00:16:55,816 | INFO | Riesgo sync_trades [aggressive_hybrid_v1_3_tp5_sl3]: open=0 break_even=0 partials=0 pending=0 last_signal=- last_action=-
2026-06-10 00:16:55,827 | INFO | Job 'sync_trades' completado.
2026-06-10 00:17:01,401 | INFO | Señal production [aggressive_hybrid_v1_4_mid_r3_4p6b_hybrid_champion_fast]: ts=2026-06-10 08:15:00 signal=HOLD primary=HOLD(0.631) filter=HOLD support=0.0 pips=-1.6178539365920452 reason=signal_hold entry= sl= tp=
2026-06-10 00:17:01,401 | INFO | Job 'production' completado.
2026-06-10 00:17:45,028 | INFO | Ejecutando job 'sync_trades' [aggressive_hybrid_v1_3_tp5_sl3]: C:\Users\USER\Documentos\Maestria\Mark-III\.venv\Scripts\python.exe main_pipeline.py --mode sync_trades --config C:\Users\USER\Documentos\Maestria\Mark-III\config\config_optimizado_20260513_152459.yaml
2026-06-10 00:17:52,438 | INFO | Riesgo sync_trades [aggressive_hybrid_v1_3_tp5_sl3]: open=0 break_even=0 partials=0 pending=0 last_signal=- last_action=-
2026-06-10 00:17:52,438 | INFO | Job 'sync_trades' completado.
2026-06-10 00:18:16,608 | INFO | Riesgo monitor_runtime [aggressive_hybrid_v1_3_tp5_sl3]: open=0 break_even=0 partials=0 pending=0 last_signal=- last_action=-
2026-06-10 00:18:45,022 | INFO | Ejecutando job 'sync_trades' [aggressive_hybrid_v1_3_tp5_sl3]: C:\Users\USER\Documentos\Maestria\Mark-III\.venv\Scripts\python.exe main_pipeline.py --mode sync_trades --config C:\Users\USER\Documentos\Maestria\Mark-III\config\config_optimizado_20260513_152459.yaml
2026-06-10 00:18:52,348 | INFO | Riesgo sync_trades [aggressive_hybrid_v1_3_tp5_sl3]: open=0 break_even=0 partials=0 pending=0 last_signal=- last_action=-
2026-06-10 00:18:52,348 | INFO | Job 'sync_trades' completado.
2026-06-10 00:19:45,019 | INFO | Ejecutando job 'sync_trades' [aggressive_hybrid_v1_3_tp5_sl3]: C:\Users\USER\Documentos\Maestria\Mark-III\.venv\Scripts\python.exe main_pipeline.py --mode sync_trades --config C:\Users\USER\Documentos\Maestria\Mark-III\config\config_optimizado_20260513_152459.yaml
2026-06-10 00:19:52,893 | INFO | Riesgo sync_trades [aggressive_hybrid_v1_3_tp5_sl3]: open=0 break_even=0 partials=0 pending=0 last_signal=- last_action=-
2026-06-10 00:19:52,894 | INFO | Job 'sync_trades' completado.
2026-06-10 00:20:16,864 | INFO | Riesgo monitor_runtime [aggressive_hybrid_v1_3_tp5_sl3]: open=0 break_even=0 partials=0 pending=0 last_signal=- last_action=-
2026-06-10 00:20:45,015 | INFO | Ejecutando job 'sync_trades' [aggressive_hybrid_v1_3_tp5_sl3]: C:\Users\USER\Documentos\Maestria\Mark-III\.venv\Scripts\python.exe main_pipeline.py --mode sync_trades --config C:\Users\USER\Documentos\Maestria\Mark-III\config\config_optimizado_20260513_152459.yaml
2026-06-10 00:20:52,360 | INFO | Riesgo sync_trades [aggressive_hybrid_v1_3_tp5_sl3]: open=0 break_even=0 partials=0 pending=0 last_signal=- last_action=-
2026-06-10 00:20:52,360 | INFO | Job 'sync_trades' completado.
2026-06-10 00:21:15,087 | INFO | Ejecutando job 'production' [aggressive_hybrid_v1_3_tp5_sl3]: C:\Users\USER\Documentos\Maestria\Mark-III\.venv\Scripts\python.exe main_pipeline.py --mode production --config C:\Users\USER\Documentos\Maestria\Mark-III\config\config_optimizado_20260513_152459.yaml
2026-06-10 00:21:31,420 | INFO | Señal production [aggressive_hybrid_v1_3_tp5_sl3]: ts=2026-06-10 08:20:00 signal=HOLD primary=HOLD(0.611) filter=HOLD support=0.0 pips=-2.0391334832203163 reason=signal_hold entry= sl= tp=
2026-06-10 00:21:31,421 | INFO | Job 'production' completado.
2026-06-10 00:21:40,071 | INFO | Ejecutando job 'production' [aggressive_hybrid_v1_4_mid_r3_4p6b_hybrid_champion_fast]: C:\Users\USER\Documentos\Maestria\Mark-III\.venv\Scripts\python.exe main_pipeline.py --mode production --config C:\Users\USER\Documentos\Maestria\Mark-III\config\config_optimizado_20260603_075730.yaml
2026-06-10 00:21:45,028 | INFO | Ejecutando job 'sync_trades' [aggressive_hybrid_v1_3_tp5_sl3]: C:\Users\USER\Documentos\Maestria\Mark-III\.venv\Scripts\python.exe main_pipeline.py --mode sync_trades --config C:\Users\USER\Documentos\Maestria\Mark-III\config\config_optimizado_20260513_152459.yaml
2026-06-10 00:21:54,749 | INFO | Riesgo sync_trades [aggressive_hybrid_v1_3_tp5_sl3]: open=0 break_even=0 partials=0 pending=0 last_signal=- last_action=-
2026-06-10 00:21:54,749 | INFO | Job 'sync_trades' completado.
2026-06-10 00:21:57,987 | INFO | Señal production [aggressive_hybrid_v1_4_mid_r3_4p6b_hybrid_champion_fast]: ts=2026-06-10 08:20:00 signal=HOLD primary=HOLD(0.501) filter=HOLD support=0.0 pips=0.6716690881192022 reason=signal_hold entry= sl= tp=
2026-06-10 00:21:57,987 | INFO | Job 'production' completado.
2026-06-10 00:22:17,019 | INFO | Riesgo monitor_runtime [aggressive_hybrid_v1_3_tp5_sl3]: open=0 break_even=0 partials=0 pending=0 last_signal=- last_action=-
2026-06-10 00:22:45,023 | INFO | Ejecutando job 'sync_trades' [aggressive_hybrid_v1_3_tp5_sl3]: C:\Users\USER\Documentos\Maestria\Mark-III\.venv\Scripts\python.exe main_pipeline.py --mode sync_trades --config C:\Users\USER\Documentos\Maestria\Mark-III\config\config_optimizado_20260513_152459.yaml
2026-06-10 00:22:52,450 | INFO | Riesgo sync_trades [aggressive_hybrid_v1_3_tp5_sl3]: open=0 break_even=0 partials=0 pending=0 last_signal=- last_action=-
2026-06-10 00:22:52,450 | INFO | Job 'sync_trades' completado.
2026-06-10 00:23:45,028 | INFO | Ejecutando job 'sync_trades' [aggressive_hybrid_v1_3_tp5_sl3]: C:\Users\USER\Documentos\Maestria\Mark-III\.venv\Scripts\python.exe main_pipeline.py --mode sync_trades --config C:\Users\USER\Documentos\Maestria\Mark-III\config\config_optimizado_20260513_152459.yaml
2026-06-10 00:23:52,351 | INFO | Riesgo sync_trades [aggressive_hybrid_v1_3_tp5_sl3]: open=0 break_even=0 partials=0 pending=0 last_signal=- last_action=-
2026-06-10 00:23:52,351 | INFO | Job 'sync_trades' completado.
2026-06-10 00:24:17,313 | INFO | Riesgo monitor_runtime [aggressive_hybrid_v1_3_tp5_sl3]: open=0 break_even=0 partials=0 pending=0 last_signal=- last_action=-
2026-06-10 00:24:45,017 | INFO | Ejecutando job 'sync_trades' [aggressive_hybrid_v1_3_tp5_sl3]: C:\Users\USER\Documentos\Maestria\Mark-III\.venv\Scripts\python.exe main_pipeline.py --mode sync_trades --config C:\Users\USER\Documentos\Maestria\Mark-III\config\config_optimizado_20260513_152459.yaml
2026-06-10 00:24:52,816 | INFO | Riesgo sync_trades [aggressive_hybrid_v1_3_tp5_sl3]: open=0 break_even=0 partials=0 pending=0 last_signal=- last_action=-
2026-06-10 00:24:52,817 | INFO | Job 'sync_trades' completado.
2026-06-10 00:25:45,013 | INFO | Ejecutando job 'sync_trades' [aggressive_hybrid_v1_3_tp5_sl3]: C:\Users\USER\Documentos\Maestria\Mark-III\.venv\Scripts\python.exe main_pipeline.py --mode sync_trades --config C:\Users\USER\Documentos\Maestria\Mark-III\config\config_optimizado_20260513_152459.yaml
2026-06-10 00:25:52,402 | INFO | Riesgo sync_trades [aggressive_hybrid_v1_3_tp5_sl3]: open=0 break_even=0 partials=0 pending=0 last_signal=- last_action=-
2026-06-10 00:25:52,403 | INFO | Job 'sync_trades' completado.
2026-06-10 00:26:15,096 | INFO | Ejecutando job 'production' [aggressive_hybrid_v1_3_tp5_sl3]: C:\Users\USER\Documentos\Maestria\Mark-III\.venv\Scripts\python.exe main_pipeline.py --mode production --config C:\Users\USER\Documentos\Maestria\Mark-III\config\config_optimizado_20260513_152459.yaml
2026-06-10 00:26:19,739 | INFO | Riesgo monitor_runtime [aggressive_hybrid_v1_3_tp5_sl3]: open=0 break_even=0 partials=0 pending=0 last_signal=- last_action=-
2026-06-10 00:26:31,628 | INFO | Señal production [aggressive_hybrid_v1_3_tp5_sl3]: ts=2026-06-10 08:25:00 signal=HOLD primary=HOLD(0.425) filter=HOLD support=0.0 pips=-0.14372336885426823 reason=signal_hold entry= sl= tp=
2026-06-10 00:26:31,629 | INFO | Job 'production' completado.
2026-06-10 00:26:40,058 | INFO | Ejecutando job 'production' [aggressive_hybrid_v1_4_mid_r3_4p6b_hybrid_champion_fast]: C:\Users\USER\Documentos\Maestria\Mark-III\.venv\Scripts\python.exe main_pipeline.py --mode production --config C:\Users\USER\Documentos\Maestria\Mark-III\config\config_optimizado_20260603_075730.yaml
2026-06-10 00:26:45,019 | INFO | Ejecutando job 'sync_trades' [aggressive_hybrid_v1_3_tp5_sl3]: C:\Users\USER\Documentos\Maestria\Mark-III\.venv\Scripts\python.exe main_pipeline.py --mode sync_trades --config C:\Users\USER\Documentos\Maestria\Mark-III\config\config_optimizado_20260513_152459.yaml
2026-06-10 00:26:55,702 | INFO | Riesgo sync_trades [aggressive_hybrid_v1_3_tp5_sl3]: open=0 break_even=0 partials=0 pending=0 last_signal=- last_action=-
2026-06-10 00:26:55,725 | INFO | Job 'sync_trades' completado.
2026-06-10 00:27:00,980 | INFO | Señal production [aggressive_hybrid_v1_4_mid_r3_4p6b_hybrid_champion_fast]: ts=2026-06-10 08:25:00 signal=HOLD primary=HOLD(0.616) filter=HOLD support=0.0 pips=1.5104876895435109 reason=signal_hold entry= sl= tp=
2026-06-10 00:27:00,980 | INFO | Job 'production' completado.
2026-06-10 00:27:45,020 | INFO | Ejecutando job 'sync_trades' [aggressive_hybrid_v1_3_tp5_sl3]: C:\Users\USER\Documentos\Maestria\Mark-III\.venv\Scripts\python.exe main_pipeline.py --mode sync_trades --config C:\Users\USER\Documentos\Maestria\Mark-III\config\config_optimizado_20260513_152459.yaml
2026-06-10 00:27:52,380 | INFO | Riesgo sync_trades [aggressive_hybrid_v1_3_tp5_sl3]: open=0 break_even=0 partials=0 pending=0 last_signal=- last_action=-
2026-06-10 00:27:52,380 | INFO | Job 'sync_trades' completado.
2026-06-10 00:28:16,512 | INFO | Riesgo monitor_runtime [aggressive_hybrid_v1_3_tp5_sl3]: open=0 break_even=0 partials=0 pending=0 last_signal=- last_action=-
2026-06-10 00:28:45,018 | INFO | Ejecutando job 'sync_trades' [aggressive_hybrid_v1_3_tp5_sl3]: C:\Users\USER\Documentos\Maestria\Mark-III\.venv\Scripts\python.exe main_pipeline.py --mode sync_trades --config C:\Users\USER\Documentos\Maestria\Mark-III\config\config_optimizado_20260513_152459.yaml
2026-06-10 00:28:52,297 | INFO | Riesgo sync_trades [aggressive_hybrid_v1_3_tp5_sl3]: open=0 break_even=0 partials=0 pending=0 last_signal=- last_action=-
2026-06-10 00:28:52,297 | INFO | Job 'sync_trades' completado.
2026-06-10 00:29:45,021 | INFO | Ejecutando job 'sync_trades' [aggressive_hybrid_v1_3_tp5_sl3]: C:\Users\USER\Documentos\Maestria\Mark-III\.venv\Scripts\python.exe main_pipeline.py --mode sync_trades --config C:\Users\USER\Documentos\Maestria\Mark-III\config\config_optimizado_20260513_152459.yaml
2026-06-10 00:29:52,369 | INFO | Riesgo sync_trades [aggressive_hybrid_v1_3_tp5_sl3]: open=0 break_even=0 partials=0 pending=0 last_signal=- last_action=-
2026-06-10 00:29:52,369 | INFO | Job 'sync_trades' completado.
2026-06-10 00:30:17,056 | INFO | Riesgo monitor_runtime [aggressive_hybrid_v1_3_tp5_sl3]: open=0 break_even=0 partials=0 pending=0 last_signal=- last_action=-
2026-06-10 00:30:45,020 | INFO | Ejecutando job 'sync_trades' [aggressive_hybrid_v1_3_tp5_sl3]: C:\Users\USER\Documentos\Maestria\Mark-III\.venv\Scripts\python.exe main_pipeline.py --mode sync_trades --config C:\Users\USER\Documentos\Maestria\Mark-III\config\config_optimizado_20260513_152459.yaml
2026-06-10 00:30:52,550 | INFO | Riesgo sync_trades [aggressive_hybrid_v1_3_tp5_sl3]: open=0 break_even=0 partials=0 pending=0 last_signal=- last_action=-
2026-06-10 00:30:52,550 | INFO | Job 'sync_trades' completado.
2026-06-10 00:31:15,078 | INFO | Ejecutando job 'production' [aggressive_hybrid_v1_3_tp5_sl3]: C:\Users\USER\Documentos\Maestria\Mark-III\.venv\Scripts\python.exe main_pipeline.py --mode production --config C:\Users\USER\Documentos\Maestria\Mark-III\config\config_optimizado_20260513_152459.yaml
2026-06-10 00:31:30,282 | INFO | Señal production [aggressive_hybrid_v1_3_tp5_sl3]: ts=2026-06-10 08:30:00 signal=HOLD primary=BUY(0.713) filter=HOLD support=-0.38694970284811137 pips=3.0685967135264076 reason=entry_context_hard_contradiction entry=1.15502 sl=1.15461 tp=1.15547
2026-06-10 00:31:30,282 | INFO | Job 'production' completado.
2026-06-10 00:31:40,056 | INFO | Ejecutando job 'production' [aggressive_hybrid_v1_4_mid_r3_4p6b_hybrid_champion_fast]: C:\Users\USER\Documentos\Maestria\Mark-III\.venv\Scripts\python.exe main_pipeline.py --mode production --config C:\Users\USER\Documentos\Maestria\Mark-III\config\config_optimizado_20260603_075730.yaml
2026-06-10 00:31:45,016 | INFO | Ejecutando job 'sync_trades' [aggressive_hybrid_v1_3_tp5_sl3]: C:\Users\USER\Documentos\Maestria\Mark-III\.venv\Scripts\python.exe main_pipeline.py --mode sync_trades --config C:\Users\USER\Documentos\Maestria\Mark-III\config\config_optimizado_20260513_152459.yaml
2026-06-10 00:31:55,590 | INFO | Riesgo sync_trades [aggressive_hybrid_v1_3_tp5_sl3]: open=0 break_even=0 partials=0 pending=0 last_signal=- last_action=-
2026-06-10 00:31:55,597 | INFO | Job 'sync_trades' completado.
2026-06-10 00:31:59,997 | INFO | Señal production [aggressive_hybrid_v1_4_mid_r3_4p6b_hybrid_champion_fast]: ts=2026-06-10 08:30:00 signal=HOLD primary=BUY(0.692) filter=BUY support=0.5990624062392869 pips=2.0593556703549845 reason=direct_confirmed_wait_candle_retrace entry=1.15505 sl=1.15465 tp=1.15569
2026-06-10 00:31:59,997 | INFO | Job 'production' completado.
2026-06-10 00:32:17,309 | INFO | Riesgo monitor_runtime [aggressive_hybrid_v1_3_tp5_sl3]: open=0 break_even=0 partials=0 pending=0 last_signal=- last_action=-
2026-06-10 00:32:45,026 | INFO | Ejecutando job 'sync_trades' [aggressive_hybrid_v1_3_tp5_sl3]: C:\Users\USER\Documentos\Maestria\Mark-III\.venv\Scripts\python.exe main_pipeline.py --mode sync_trades --config C:\Users\USER\Documentos\Maestria\Mark-III\config\config_optimizado_20260513_152459.yaml
2026-06-10 00:32:52,455 | INFO | Riesgo sync_trades [aggressive_hybrid_v1_3_tp5_sl3]: open=0 break_even=0 partials=0 pending=0 last_signal=- last_action=-
2026-06-10 00:32:52,455 | INFO | Job 'sync_trades' completado.
2026-06-10 00:33:45,029 | INFO | Ejecutando job 'sync_trades' [aggressive_hybrid_v1_3_tp5_sl3]: C:\Users\USER\Documentos\Maestria\Mark-III\.venv\Scripts\python.exe main_pipeline.py --mode sync_trades --config C:\Users\USER\Documentos\Maestria\Mark-III\config\config_optimizado_20260513_152459.yaml
2026-06-10 00:33:52,399 | INFO | Riesgo sync_trades [aggressive_hybrid_v1_3_tp5_sl3]: open=0 break_even=0 partials=0 pending=0 last_signal=- last_action=-
2026-06-10 00:33:52,399 | INFO | Job 'sync_trades' completado.
2026-06-10 00:34:16,655 | INFO | Riesgo monitor_runtime [aggressive_hybrid_v1_3_tp5_sl3]: open=0 break_even=0 partials=0 pending=0 last_signal=- last_action=-
2026-06-10 00:34:45,028 | INFO | Ejecutando job 'sync_trades' [aggressive_hybrid_v1_3_tp5_sl3]: C:\Users\USER\Documentos\Maestria\Mark-III\.venv\Scripts\python.exe main_pipeline.py --mode sync_trades --config C:\Users\USER\Documentos\Maestria\Mark-III\config\config_optimizado_20260513_152459.yaml
2026-06-10 00:34:52,779 | INFO | Riesgo sync_trades [aggressive_hybrid_v1_3_tp5_sl3]: open=0 break_even=0 partials=0 pending=0 last_signal=- last_action=-
2026-06-10 00:34:52,779 | INFO | Job 'sync_trades' completado.
2026-06-10 00:35:45,021 | INFO | Ejecutando job 'sync_trades' [aggressive_hybrid_v1_3_tp5_sl3]: C:\Users\USER\Documentos\Maestria\Mark-III\.venv\Scripts\python.exe main_pipeline.py --mode sync_trades --config C:\Users\USER\Documentos\Maestria\Mark-III\config\config_optimizado_20260513_152459.yaml
2026-06-10 00:35:52,400 | INFO | Riesgo sync_trades [aggressive_hybrid_v1_3_tp5_sl3]: open=0 break_even=0 partials=0 pending=0 last_signal=- last_action=-
2026-06-10 00:35:52,400 | INFO | Job 'sync_trades' completado.
2026-06-10 00:36:15,108 | INFO | Ejecutando job 'production' [aggressive_hybrid_v1_3_tp5_sl3]: C:\Users\USER\Documentos\Maestria\Mark-III\.venv\Scripts\python.exe main_pipeline.py --mode production --config C:\Users\USER\Documentos\Maestria\Mark-III\config\config_optimizado_20260513_152459.yaml
2026-06-10 00:36:19,982 | INFO | Riesgo monitor_runtime [aggressive_hybrid_v1_3_tp5_sl3]: open=0 break_even=0 partials=0 pending=0 last_signal=- last_action=-
2026-06-10 00:36:32,344 | INFO | Señal production [aggressive_hybrid_v1_3_tp5_sl3]: ts=2026-06-10 08:35:00 signal=HOLD primary=BUY(0.881) filter=HOLD support=-0.023931526394476772 pips=4.786132046281353 reason=filter_hold_wait_candle_retrace entry=1.15538 sl=1.15495 tp=1.15586
2026-06-10 00:36:32,345 | INFO | Job 'production' completado.
2026-06-10 00:36:40,079 | INFO | Ejecutando job 'production' [aggressive_hybrid_v1_4_mid_r3_4p6b_hybrid_champion_fast]: C:\Users\USER\Documentos\Maestria\Mark-III\.venv\Scripts\python.exe main_pipeline.py --mode production --config C:\Users\USER\Documentos\Maestria\Mark-III\config\config_optimizado_20260603_075730.yaml
2026-06-10 00:36:45,027 | INFO | Ejecutando job 'sync_trades' [aggressive_hybrid_v1_3_tp5_sl3]: C:\Users\USER\Documentos\Maestria\Mark-III\.venv\Scripts\python.exe main_pipeline.py --mode sync_trades --config C:\Users\USER\Documentos\Maestria\Mark-III\config\config_optimizado_20260513_152459.yaml
2026-06-10 00:36:55,022 | INFO | Riesgo sync_trades [aggressive_hybrid_v1_3_tp5_sl3]: open=0 break_even=0 partials=0 pending=0 last_signal=- last_action=-
2026-06-10 00:36:55,022 | INFO | Job 'sync_trades' completado.
2026-06-10 00:36:57,452 | INFO | Señal production [aggressive_hybrid_v1_4_mid_r3_4p6b_hybrid_champion_fast]: ts=2026-06-10 08:35:00 signal=HOLD primary=HOLD(0.673) filter=HOLD support=0.0 pips=1.924123471142471 reason=signal_hold entry= sl= tp=
2026-06-10 00:36:57,452 | INFO | Job 'production' completado.
2026-06-10 00:37:45,022 | INFO | Ejecutando job 'sync_trades' [aggressive_hybrid_v1_3_tp5_sl3]: C:\Users\USER\Documentos\Maestria\Mark-III\.venv\Scripts\python.exe main_pipeline.py --mode sync_trades --config C:\Users\USER\Documentos\Maestria\Mark-III\config\config_optimizado_20260513_152459.yaml
2026-06-10 00:37:52,470 | INFO | Riesgo sync_trades [aggressive_hybrid_v1_3_tp5_sl3]: open=0 break_even=0 partials=0 pending=0 last_signal=- last_action=-
2026-06-10 00:37:52,470 | INFO | Job 'sync_trades' completado.
2026-06-10 00:38:17,562 | INFO | Riesgo monitor_runtime [aggressive_hybrid_v1_3_tp5_sl3]: open=0 break_even=0 partials=0 pending=0 last_signal=- last_action=-
2026-06-10 00:38:45,022 | INFO | Ejecutando job 'sync_trades' [aggressive_hybrid_v1_3_tp5_sl3]: C:\Users\USER\Documentos\Maestria\Mark-III\.venv\Scripts\python.exe main_pipeline.py --mode sync_trades --config C:\Users\USER\Documentos\Maestria\Mark-III\config\config_optimizado_20260513_152459.yaml
2026-06-10 00:38:52,862 | INFO | Riesgo sync_trades [aggressive_hybrid_v1_3_tp5_sl3]: open=0 break_even=0 partials=0 pending=0 last_signal=- last_action=-
2026-06-10 00:38:52,862 | INFO | Job 'sync_trades' completado.
2026-06-10 00:39:45,016 | INFO | Ejecutando job 'sync_trades' [aggressive_hybrid_v1_3_tp5_sl3]: C:\Users\USER\Documentos\Maestria\Mark-III\.venv\Scripts\python.exe main_pipeline.py --mode sync_trades --config C:\Users\USER\Documentos\Maestria\Mark-III\config\config_optimizado_20260513_152459.yaml
2026-06-10 00:39:53,662 | INFO | Riesgo sync_trades [aggressive_hybrid_v1_3_tp5_sl3]: open=0 break_even=0 partials=0 pending=0 last_signal=- last_action=-
2026-06-10 00:39:53,662 | INFO | Job 'sync_trades' completado.
2026-06-10 00:40:16,453 | INFO | Riesgo monitor_runtime [aggressive_hybrid_v1_3_tp5_sl3]: open=0 break_even=0 partials=0 pending=0 last_signal=- last_action=-
2026-06-10 00:40:45,024 | INFO | Ejecutando job 'sync_trades' [aggressive_hybrid_v1_3_tp5_sl3]: C:\Users\USER\Documentos\Maestria\Mark-III\.venv\Scripts\python.exe main_pipeline.py --mode sync_trades --config C:\Users\USER\Documentos\Maestria\Mark-III\config\config_optimizado_20260513_152459.yaml
2026-06-10 00:40:52,370 | INFO | Riesgo sync_trades [aggressive_hybrid_v1_3_tp5_sl3]: open=0 break_even=0 partials=0 pending=0 last_signal=- last_action=-
2026-06-10 00:40:52,370 | INFO | Job 'sync_trades' completado.
2026-06-10 00:41:15,069 | INFO | Ejecutando job 'production' [aggressive_hybrid_v1_3_tp5_sl3]: C:\Users\USER\Documentos\Maestria\Mark-III\.venv\Scripts\python.exe main_pipeline.py --mode production --config C:\Users\USER\Documentos\Maestria\Mark-III\config\config_optimizado_20260513_152459.yaml
2026-06-10 00:41:30,231 | INFO | Señal production [aggressive_hybrid_v1_3_tp5_sl3]: ts=2026-06-10 08:40:00 signal=HOLD primary=BUY(0.828) filter=HOLD support=-0.07591656778685245 pips=4.248200257472109 reason=filter_hold_wait_candle_retrace entry=1.15559 sl=1.15518 tp=1.15604
2026-06-10 00:41:30,231 | INFO | Job 'production' completado.
2026-06-10 00:41:40,053 | INFO | Ejecutando job 'production' [aggressive_hybrid_v1_4_mid_r3_4p6b_hybrid_champion_fast]: C:\Users\USER\Documentos\Maestria\Mark-III\.venv\Scripts\python.exe main_pipeline.py --mode production --config C:\Users\USER\Documentos\Maestria\Mark-III\config\config_optimizado_20260603_075730.yaml
2026-06-10 00:41:45,025 | INFO | Ejecutando job 'sync_trades' [aggressive_hybrid_v1_3_tp5_sl3]: C:\Users\USER\Documentos\Maestria\Mark-III\.venv\Scripts\python.exe main_pipeline.py --mode sync_trades --config C:\Users\USER\Documentos\Maestria\Mark-III\config\config_optimizado_20260513_152459.yaml
2026-06-10 00:41:55,550 | INFO | Riesgo sync_trades [aggressive_hybrid_v1_3_tp5_sl3]: open=0 break_even=0 partials=0 pending=0 last_signal=- last_action=-
2026-06-10 00:41:55,551 | INFO | Job 'sync_trades' completado.
2026-06-10 00:41:59,651 | INFO | Señal production [aggressive_hybrid_v1_4_mid_r3_4p6b_hybrid_champion_fast]: ts=2026-06-10 08:40:00 signal=HOLD primary=BUY(0.772) filter=HOLD support=-0.2472856397790083 pips=2.6432487326121965 reason=filter_hold_wait_candle_retrace entry=1.15563 sl=1.15537 tp=1.15589
2026-06-10 00:41:59,651 | INFO | Job 'production' completado.
2026-06-10 00:42:17,276 | INFO | Riesgo monitor_runtime [aggressive_hybrid_v1_3_tp5_sl3]: open=0 break_even=0 partials=0 pending=0 last_signal=- last_action=-
2026-06-10 00:42:45,026 | INFO | Ejecutando job 'sync_trades' [aggressive_hybrid_v1_3_tp5_sl3]: C:\Users\USER\Documentos\Maestria\Mark-III\.venv\Scripts\python.exe main_pipeline.py --mode sync_trades --config C:\Users\USER\Documentos\Maestria\Mark-III\config\config_optimizado_20260513_152459.yaml
2026-06-10 00:42:53,338 | INFO | Riesgo sync_trades [aggressive_hybrid_v1_3_tp5_sl3]: open=0 break_even=0 partials=0 pending=0 last_signal=- last_action=-
2026-06-10 00:42:53,338 | INFO | Job 'sync_trades' completado.
2026-06-10 00:43:45,021 | INFO | Ejecutando job 'sync_trades' [aggressive_hybrid_v1_3_tp5_sl3]: C:\Users\USER\Documentos\Maestria\Mark-III\.venv\Scripts\python.exe main_pipeline.py --mode sync_trades --config C:\Users\USER\Documentos\Maestria\Mark-III\config\config_optimizado_20260513_152459.yaml
2026-06-10 00:43:52,577 | INFO | Riesgo sync_trades [aggressive_hybrid_v1_3_tp5_sl3]: open=0 break_even=0 partials=0 pending=0 last_signal=- last_action=-
2026-06-10 00:43:52,577 | INFO | Job 'sync_trades' completado.
2026-06-10 00:44:16,343 | INFO | Riesgo monitor_runtime [aggressive_hybrid_v1_3_tp5_sl3]: open=0 break_even=0 partials=0 pending=0 last_signal=- last_action=-
2026-06-10 00:44:45,021 | INFO | Ejecutando job 'sync_trades' [aggressive_hybrid_v1_3_tp5_sl3]: C:\Users\USER\Documentos\Maestria\Mark-III\.venv\Scripts\python.exe main_pipeline.py --mode sync_trades --config C:\Users\USER\Documentos\Maestria\Mark-III\config\config_optimizado_20260513_152459.yaml
2026-06-10 00:44:53,072 | INFO | Riesgo sync_trades [aggressive_hybrid_v1_3_tp5_sl3]: open=0 break_even=0 partials=0 pending=0 last_signal=- last_action=-
2026-06-10 00:44:53,072 | INFO | Job 'sync_trades' completado.
2026-06-10 00:45:45,023 | INFO | Ejecutando job 'sync_trades' [aggressive_hybrid_v1_3_tp5_sl3]: C:\Users\USER\Documentos\Maestria\Mark-III\.venv\Scripts\python.exe main_pipeline.py --mode sync_trades --config C:\Users\USER\Documentos\Maestria\Mark-III\config\config_optimizado_20260513_152459.yaml
2026-06-10 00:45:52,941 | INFO | Riesgo sync_trades [aggressive_hybrid_v1_3_tp5_sl3]: open=0 break_even=0 partials=0 pending=0 last_signal=- last_action=-
2026-06-10 00:45:52,942 | INFO | Job 'sync_trades' completado.
2026-06-10 00:46:15,099 | INFO | Ejecutando job 'production' [aggressive_hybrid_v1_3_tp5_sl3]: C:\Users\USER\Documentos\Maestria\Mark-III\.venv\Scripts\python.exe main_pipeline.py --mode production --config C:\Users\USER\Documentos\Maestria\Mark-III\config\config_optimizado_20260513_152459.yaml
2026-06-10 00:46:20,443 | INFO | Riesgo monitor_runtime [aggressive_hybrid_v1_3_tp5_sl3]: open=0 break_even=0 partials=0 pending=0 last_signal=- last_action=-
2026-06-10 00:46:35,670 | INFO | Señal production [aggressive_hybrid_v1_3_tp5_sl3]: ts=2026-06-10 08:45:00 signal=HOLD primary=HOLD(0.669) filter=HOLD support=0.0 pips=2.6259079797921197 reason=signal_hold entry= sl= tp=
2026-06-10 00:46:35,670 | INFO | Job 'production' completado.
2026-06-10 00:46:40,078 | INFO | Ejecutando job 'production' [aggressive_hybrid_v1_4_mid_r3_4p6b_hybrid_champion_fast]: C:\Users\USER\Documentos\Maestria\Mark-III\.venv\Scripts\python.exe main_pipeline.py --mode production --config C:\Users\USER\Documentos\Maestria\Mark-III\config\config_optimizado_20260603_075730.yaml
2026-06-10 00:46:45,015 | INFO | Ejecutando job 'sync_trades' [aggressive_hybrid_v1_3_tp5_sl3]: C:\Users\USER\Documentos\Maestria\Mark-III\.venv\Scripts\python.exe main_pipeline.py --mode sync_trades --config C:\Users\USER\Documentos\Maestria\Mark-III\config\config_optimizado_20260513_152459.yaml
2026-06-10 00:46:56,578 | INFO | Riesgo sync_trades [aggressive_hybrid_v1_3_tp5_sl3]: open=0 break_even=0 partials=0 pending=0 last_signal=- last_action=-
2026-06-10 00:46:56,612 | INFO | Job 'sync_trades' completado.
2026-06-10 00:47:02,627 | INFO | Señal production [aggressive_hybrid_v1_4_mid_r3_4p6b_hybrid_champion_fast]: ts=2026-06-10 08:45:00 signal=HOLD primary=HOLD(0.447) filter=HOLD support=0.0 pips=0.28344496839771965 reason=signal_hold entry= sl= tp=
2026-06-10 00:47:02,627 | INFO | Job 'production' completado.
2026-06-10 00:47:45,029 | INFO | Ejecutando job 'sync_trades' [aggressive_hybrid_v1_3_tp5_sl3]: C:\Users\USER\Documentos\Maestria\Mark-III\.venv\Scripts\python.exe main_pipeline.py --mode sync_trades --config C:\Users\USER\Documentos\Maestria\Mark-III\config\config_optimizado_20260513_152459.yaml
2026-06-10 00:47:52,637 | INFO | Riesgo sync_trades [aggressive_hybrid_v1_3_tp5_sl3]: open=0 break_even=0 partials=0 pending=0 last_signal=- last_action=-
2026-06-10 00:47:52,637 | INFO | Job 'sync_trades' completado.
2026-06-10 00:48:16,840 | INFO | Riesgo monitor_runtime [aggressive_hybrid_v1_3_tp5_sl3]: open=0 break_even=0 partials=0 pending=0 last_signal=- last_action=-
2026-06-10 00:48:45,020 | INFO | Ejecutando job 'sync_trades' [aggressive_hybrid_v1_3_tp5_sl3]: C:\Users\USER\Documentos\Maestria\Mark-III\.venv\Scripts\python.exe main_pipeline.py --mode sync_trades --config C:\Users\USER\Documentos\Maestria\Mark-III\config\config_optimizado_20260513_152459.yaml
2026-06-10 00:48:52,701 | INFO | Riesgo sync_trades [aggressive_hybrid_v1_3_tp5_sl3]: open=0 break_even=0 partials=0 pending=0 last_signal=- last_action=-
2026-06-10 00:48:52,701 | INFO | Job 'sync_trades' completado.
2026-06-10 00:49:45,014 | INFO | Ejecutando job 'sync_trades' [aggressive_hybrid_v1_3_tp5_sl3]: C:\Users\USER\Documentos\Maestria\Mark-III\.venv\Scripts\python.exe main_pipeline.py --mode sync_trades --config C:\Users\USER\Documentos\Maestria\Mark-III\config\config_optimizado_20260513_152459.yaml
2026-06-10 00:49:52,773 | INFO | Riesgo sync_trades [aggressive_hybrid_v1_3_tp5_sl3]: open=0 break_even=0 partials=0 pending=0 last_signal=- last_action=-
2026-06-10 00:49:52,773 | INFO | Job 'sync_trades' completado.
2026-06-10 00:50:17,028 | INFO | Riesgo monitor_runtime [aggressive_hybrid_v1_3_tp5_sl3]: open=0 break_even=0 partials=0 pending=0 last_signal=- last_action=-
2026-06-10 00:50:45,027 | INFO | Ejecutando job 'sync_trades' [aggressive_hybrid_v1_3_tp5_sl3]: C:\Users\USER\Documentos\Maestria\Mark-III\.venv\Scripts\python.exe main_pipeline.py --mode sync_trades --config C:\Users\USER\Documentos\Maestria\Mark-III\config\config_optimizado_20260513_152459.yaml
2026-06-10 00:50:52,516 | INFO | Riesgo sync_trades [aggressive_hybrid_v1_3_tp5_sl3]: open=0 break_even=0 partials=0 pending=0 last_signal=- last_action=-
2026-06-10 00:50:52,516 | INFO | Job 'sync_trades' completado.
2026-06-10 00:51:15,089 | INFO | Ejecutando job 'production' [aggressive_hybrid_v1_3_tp5_sl3]: C:\Users\USER\Documentos\Maestria\Mark-III\.venv\Scripts\python.exe main_pipeline.py --mode production --config C:\Users\USER\Documentos\Maestria\Mark-III\config\config_optimizado_20260513_152459.yaml
2026-06-10 00:51:31,340 | INFO | Señal production [aggressive_hybrid_v1_3_tp5_sl3]: ts=2026-06-10 08:50:00 signal=HOLD primary=HOLD(0.513) filter=HOLD support=0.0 pips=1.0363322127387746 reason=signal_hold entry= sl= tp=
2026-06-10 00:51:31,341 | INFO | Job 'production' completado.
2026-06-10 00:51:40,060 | INFO | Ejecutando job 'production' [aggressive_hybrid_v1_4_mid_r3_4p6b_hybrid_champion_fast]: C:\Users\USER\Documentos\Maestria\Mark-III\.venv\Scripts\python.exe main_pipeline.py --mode production --config C:\Users\USER\Documentos\Maestria\Mark-III\config\config_optimizado_20260603_075730.yaml
2026-06-10 00:51:45,017 | INFO | Ejecutando job 'sync_trades' [aggressive_hybrid_v1_3_tp5_sl3]: C:\Users\USER\Documentos\Maestria\Mark-III\.venv\Scripts\python.exe main_pipeline.py --mode sync_trades --config C:\Users\USER\Documentos\Maestria\Mark-III\config\config_optimizado_20260513_152459.yaml
2026-06-10 00:51:55,647 | INFO | Riesgo sync_trades [aggressive_hybrid_v1_3_tp5_sl3]: open=0 break_even=0 partials=0 pending=0 last_signal=- last_action=-
2026-06-10 00:51:55,650 | INFO | Job 'sync_trades' completado.
2026-06-10 00:51:57,299 | INFO | Señal production [aggressive_hybrid_v1_4_mid_r3_4p6b_hybrid_champion_fast]: ts=2026-06-10 08:50:00 signal=HOLD primary=HOLD(0.460) filter=HOLD support=0.0 pips=-0.3746833688937723 reason=signal_hold entry= sl= tp=
2026-06-10 00:51:57,300 | INFO | Job 'production' completado.
2026-06-10 00:52:17,585 | INFO | Riesgo monitor_runtime [aggressive_hybrid_v1_3_tp5_sl3]: open=0 break_even=0 partials=0 pending=0 last_signal=- last_action=-
2026-06-10 00:52:45,021 | INFO | Ejecutando job 'sync_trades' [aggressive_hybrid_v1_3_tp5_sl3]: C:\Users\USER\Documentos\Maestria\Mark-III\.venv\Scripts\python.exe main_pipeline.py --mode sync_trades --config C:\Users\USER\Documentos\Maestria\Mark-III\config\config_optimizado_20260513_152459.yaml
2026-06-10 00:52:52,906 | INFO | Riesgo sync_trades [aggressive_hybrid_v1_3_tp5_sl3]: open=0 break_even=0 partials=0 pending=0 last_signal=- last_action=-
2026-06-10 00:52:52,906 | INFO | Job 'sync_trades' completado.
2026-06-10 00:53:45,023 | INFO | Ejecutando job 'sync_trades' [aggressive_hybrid_v1_3_tp5_sl3]: C:\Users\USER\Documentos\Maestria\Mark-III\.venv\Scripts\python.exe main_pipeline.py --mode sync_trades --config C:\Users\USER\Documentos\Maestria\Mark-III\config\config_optimizado_20260513_152459.yaml
2026-06-10 00:53:52,399 | INFO | Riesgo sync_trades [aggressive_hybrid_v1_3_tp5_sl3]: open=0 break_even=0 partials=0 pending=0 last_signal=- last_action=-
2026-06-10 00:53:52,399 | INFO | Job 'sync_trades' completado.
2026-06-10 00:54:17,074 | INFO | Riesgo monitor_runtime [aggressive_hybrid_v1_3_tp5_sl3]: open=0 break_even=0 partials=0 pending=0 last_signal=- last_action=-
2026-06-10 00:54:45,014 | INFO | Ejecutando job 'sync_trades' [aggressive_hybrid_v1_3_tp5_sl3]: C:\Users\USER\Documentos\Maestria\Mark-III\.venv\Scripts\python.exe main_pipeline.py --mode sync_trades --config C:\Users\USER\Documentos\Maestria\Mark-III\config\config_optimizado_20260513_152459.yaml
2026-06-10 00:54:52,784 | INFO | Riesgo sync_trades [aggressive_hybrid_v1_3_tp5_sl3]: open=0 break_even=0 partials=0 pending=0 last_signal=- last_action=-
2026-06-10 00:54:52,787 | INFO | Job 'sync_trades' completado.
2026-06-10 00:55:45,015 | INFO | Ejecutando job 'sync_trades' [aggressive_hybrid_v1_3_tp5_sl3]: C:\Users\USER\Documentos\Maestria\Mark-III\.venv\Scripts\python.exe main_pipeline.py --mode sync_trades --config C:\Users\USER\Documentos\Maestria\Mark-III\config\config_optimizado_20260513_152459.yaml
2026-06-10 00:55:52,697 | INFO | Riesgo sync_trades [aggressive_hybrid_v1_3_tp5_sl3]: open=0 break_even=0 partials=0 pending=0 last_signal=- last_action=-
2026-06-10 00:55:52,698 | INFO | Job 'sync_trades' completado.
2026-06-10 00:56:15,110 | INFO | Ejecutando job 'production' [aggressive_hybrid_v1_3_tp5_sl3]: C:\Users\USER\Documentos\Maestria\Mark-III\.venv\Scripts\python.exe main_pipeline.py --mode production --config C:\Users\USER\Documentos\Maestria\Mark-III\config\config_optimizado_20260513_152459.yaml
2026-06-10 00:56:23,237 | INFO | Riesgo monitor_runtime [aggressive_hybrid_v1_3_tp5_sl3]: open=0 break_even=0 partials=0 pending=0 last_signal=- last_action=-
2026-06-10 00:56:39,488 | INFO | Señal production [aggressive_hybrid_v1_3_tp5_sl3]: ts=2026-06-10 08:55:00 signal=HOLD primary=HOLD(0.572) filter=HOLD support=0.0 pips=-1.6407611546105965 reason=signal_hold entry= sl= tp=
2026-06-10 00:56:39,489 | INFO | Job 'production' completado.
2026-06-10 00:56:40,073 | INFO | Ejecutando job 'production' [aggressive_hybrid_v1_4_mid_r3_4p6b_hybrid_champion_fast]: C:\Users\USER\Documentos\Maestria\Mark-III\.venv\Scripts\python.exe main_pipeline.py --mode production --config C:\Users\USER\Documentos\Maestria\Mark-III\config\config_optimizado_20260603_075730.yaml
2026-06-10 00:56:45,045 | INFO | Ejecutando job 'sync_trades' [aggressive_hybrid_v1_3_tp5_sl3]: C:\Users\USER\Documentos\Maestria\Mark-III\.venv\Scripts\python.exe main_pipeline.py --mode sync_trades --config C:\Users\USER\Documentos\Maestria\Mark-III\config\config_optimizado_20260513_152459.yaml
2026-06-10 00:56:56,337 | INFO | Riesgo sync_trades [aggressive_hybrid_v1_3_tp5_sl3]: open=0 break_even=0 partials=0 pending=0 last_signal=- last_action=-
2026-06-10 00:56:56,338 | INFO | Job 'sync_trades' completado.
2026-06-10 00:57:00,478 | INFO | Señal production [aggressive_hybrid_v1_4_mid_r3_4p6b_hybrid_champion_fast]: ts=2026-06-10 08:55:00 signal=HOLD primary=HOLD(0.470) filter=HOLD support=0.0 pips=-0.4479757407671967 reason=signal_hold entry= sl= tp=
2026-06-10 00:57:00,479 | INFO | Job 'production' completado.
2026-06-10 00:57:45,029 | INFO | Ejecutando job 'sync_trades' [aggressive_hybrid_v1_3_tp5_sl3]: C:\Users\USER\Documentos\Maestria\Mark-III\.venv\Scripts\python.exe main_pipeline.py --mode sync_trades --config C:\Users\USER\Documentos\Maestria\Mark-III\config\config_optimizado_20260513_152459.yaml
2026-06-10 00:57:52,456 | INFO | Riesgo sync_trades [aggressive_hybrid_v1_3_tp5_sl3]: open=0 break_even=0 partials=0 pending=0 last_signal=- last_action=-
2026-06-10 00:57:52,456 | INFO | Job 'sync_trades' completado.
2026-06-10 00:58:17,309 | INFO | Riesgo monitor_runtime [aggressive_hybrid_v1_3_tp5_sl3]: open=0 break_even=0 partials=0 pending=0 last_signal=- last_action=-
2026-06-10 00:58:45,020 | INFO | Ejecutando job 'sync_trades' [aggressive_hybrid_v1_3_tp5_sl3]: C:\Users\USER\Documentos\Maestria\Mark-III\.venv\Scripts\python.exe main_pipeline.py --mode sync_trades --config C:\Users\USER\Documentos\Maestria\Mark-III\config\config_optimizado_20260513_152459.yaml
2026-06-10 00:58:52,390 | INFO | Riesgo sync_trades [aggressive_hybrid_v1_3_tp5_sl3]: open=0 break_even=0 partials=0 pending=0 last_signal=- last_action=-
2026-06-10 00:58:52,391 | INFO | Job 'sync_trades' completado.
2026-06-10 00:59:45,019 | INFO | Ejecutando job 'sync_trades' [aggressive_hybrid_v1_3_tp5_sl3]: C:\Users\USER\Documentos\Maestria\Mark-III\.venv\Scripts\python.exe main_pipeline.py --mode sync_trades --config C:\Users\USER\Documentos\Maestria\Mark-III\config\config_optimizado_20260513_152459.yaml
2026-06-10 00:59:53,144 | INFO | Riesgo sync_trades [aggressive_hybrid_v1_3_tp5_sl3]: open=0 break_even=0 partials=0 pending=0 last_signal=- last_action=-
2026-06-10 00:59:53,144 | INFO | Job 'sync_trades' completado.
2026-06-10 01:00:17,185 | INFO | Riesgo monitor_runtime [aggressive_hybrid_v1_3_tp5_sl3]: open=0 break_even=0 partials=0 pending=0 last_signal=- last_action=-
2026-06-10 01:00:45,019 | INFO | Ejecutando job 'sync_trades' [aggressive_hybrid_v1_3_tp5_sl3]: C:\Users\USER\Documentos\Maestria\Mark-III\.venv\Scripts\python.exe main_pipeline.py --mode sync_trades --config C:\Users\USER\Documentos\Maestria\Mark-III\config\config_optimizado_20260513_152459.yaml
2026-06-10 01:00:52,339 | INFO | Riesgo sync_trades [aggressive_hybrid_v1_3_tp5_sl3]: open=0 break_even=0 partials=0 pending=0 last_signal=- last_action=-
2026-06-10 01:00:52,340 | INFO | Job 'sync_trades' completado.
2026-06-10 01:01:15,091 | INFO | Ejecutando job 'production' [aggressive_hybrid_v1_3_tp5_sl3]: C:\Users\USER\Documentos\Maestria\Mark-III\.venv\Scripts\python.exe main_pipeline.py --mode production --config C:\Users\USER\Documentos\Maestria\Mark-III\config\config_optimizado_20260513_152459.yaml
2026-06-10 01:01:30,531 | INFO | Señal production [aggressive_hybrid_v1_3_tp5_sl3]: ts=2026-06-10 09:00:00 signal=HOLD primary=HOLD(0.517) filter=HOLD support=0.0 pips=-1.0768635156040671 reason=signal_hold entry= sl= tp=
2026-06-10 01:01:30,532 | INFO | Job 'production' completado.
2026-06-10 01:01:40,070 | INFO | Ejecutando job 'production' [aggressive_hybrid_v1_4_mid_r3_4p6b_hybrid_champion_fast]: C:\Users\USER\Documentos\Maestria\Mark-III\.venv\Scripts\python.exe main_pipeline.py --mode production --config C:\Users\USER\Documentos\Maestria\Mark-III\config\config_optimizado_20260603_075730.yaml
2026-06-10 01:01:45,015 | INFO | Ejecutando job 'sync_trades' [aggressive_hybrid_v1_3_tp5_sl3]: C:\Users\USER\Documentos\Maestria\Mark-III\.venv\Scripts\python.exe main_pipeline.py --mode sync_trades --config C:\Users\USER\Documentos\Maestria\Mark-III\config\config_optimizado_20260513_152459.yaml
2026-06-10 01:01:55,734 | INFO | Riesgo sync_trades [aggressive_hybrid_v1_3_tp5_sl3]: open=0 break_even=0 partials=0 pending=0 last_signal=- last_action=-
2026-06-10 01:01:55,784 | INFO | Job 'sync_trades' completado.
2026-06-10 01:01:58,037 | INFO | Señal production [aggressive_hybrid_v1_4_mid_r3_4p6b_hybrid_champion_fast]: ts=2026-06-10 09:00:00 signal=HOLD primary=HOLD(0.565) filter=BUY support=0.0 pips=1.1406086144141054 reason=signal_hold entry= sl= tp=
2026-06-10 01:01:58,039 | INFO | Job 'production' completado.
2026-06-10 01:02:17,503 | INFO | Riesgo monitor_runtime [aggressive_hybrid_v1_3_tp5_sl3]: open=0 break_even=0 partials=0 pending=0 last_signal=- last_action=-
2026-06-10 01:02:45,024 | INFO | Ejecutando job 'sync_trades' [aggressive_hybrid_v1_3_tp5_sl3]: C:\Users\USER\Documentos\Maestria\Mark-III\.venv\Scripts\python.exe main_pipeline.py --mode sync_trades --config C:\Users\USER\Documentos\Maestria\Mark-III\config\config_optimizado_20260513_152459.yaml
2026-06-10 01:02:52,590 | INFO | Riesgo sync_trades [aggressive_hybrid_v1_3_tp5_sl3]: open=0 break_even=0 partials=0 pending=0 last_signal=- last_action=-
2026-06-10 01:02:52,590 | INFO | Job 'sync_trades' completado.
2026-06-10 01:03:45,028 | INFO | Ejecutando job 'sync_trades' [aggressive_hybrid_v1_3_tp5_sl3]: C:\Users\USER\Documentos\Maestria\Mark-III\.venv\Scripts\python.exe main_pipeline.py --mode sync_trades --config C:\Users\USER\Documentos\Maestria\Mark-III\config\config_optimizado_20260513_152459.yaml
2026-06-10 01:03:52,260 | INFO | Riesgo sync_trades [aggressive_hybrid_v1_3_tp5_sl3]: open=0 break_even=0 partials=0 pending=0 last_signal=- last_action=-
2026-06-10 01:03:52,261 | INFO | Job 'sync_trades' completado.
2026-06-10 01:04:16,403 | INFO | Riesgo monitor_runtime [aggressive_hybrid_v1_3_tp5_sl3]: open=0 break_even=0 partials=0 pending=0 last_signal=- last_action=-
2026-06-10 01:04:45,020 | INFO | Ejecutando job 'sync_trades' [aggressive_hybrid_v1_3_tp5_sl3]: C:\Users\USER\Documentos\Maestria\Mark-III\.venv\Scripts\python.exe main_pipeline.py --mode sync_trades --config C:\Users\USER\Documentos\Maestria\Mark-III\config\config_optimizado_20260513_152459.yaml
2026-06-10 01:04:53,420 | INFO | Riesgo sync_trades [aggressive_hybrid_v1_3_tp5_sl3]: open=0 break_even=0 partials=0 pending=0 last_signal=- last_action=-
2026-06-10 01:04:53,421 | INFO | Job 'sync_trades' completado.
2026-06-10 01:05:45,028 | INFO | Ejecutando job 'sync_trades' [aggressive_hybrid_v1_3_tp5_sl3]: C:\Users\USER\Documentos\Maestria\Mark-III\.venv\Scripts\python.exe main_pipeline.py --mode sync_trades --config C:\Users\USER\Documentos\Maestria\Mark-III\config\config_optimizado_20260513_152459.yaml
2026-06-10 01:05:52,529 | INFO | Riesgo sync_trades [aggressive_hybrid_v1_3_tp5_sl3]: open=0 break_even=0 partials=0 pending=0 last_signal=- last_action=-
2026-06-10 01:05:52,529 | INFO | Job 'sync_trades' completado.
2026-06-10 01:06:15,101 | INFO | Ejecutando job 'production' [aggressive_hybrid_v1_3_tp5_sl3]: C:\Users\USER\Documentos\Maestria\Mark-III\.venv\Scripts\python.exe main_pipeline.py --mode production --config C:\Users\USER\Documentos\Maestria\Mark-III\config\config_optimizado_20260513_152459.yaml
2026-06-10 01:06:18,354 | INFO | Riesgo monitor_runtime [aggressive_hybrid_v1_3_tp5_sl3]: open=0 break_even=0 partials=0 pending=0 last_signal=- last_action=-
2026-06-10 01:06:31,885 | INFO | Señal production [aggressive_hybrid_v1_3_tp5_sl3]: ts=2026-06-10 09:05:00 signal=HOLD primary=HOLD(0.453) filter=HOLD support=0.0 pips=0.4263840911726456 reason=signal_hold entry= sl= tp=
2026-06-10 01:06:31,885 | INFO | Job 'production' completado.
2026-06-10 01:06:40,071 | INFO | Ejecutando job 'production' [aggressive_hybrid_v1_4_mid_r3_4p6b_hybrid_champion_fast]: C:\Users\USER\Documentos\Maestria\Mark-III\.venv\Scripts\python.exe main_pipeline.py --mode production --config C:\Users\USER\Documentos\Maestria\Mark-III\config\config_optimizado_20260603_075730.yaml
2026-06-10 01:06:45,019 | INFO | Ejecutando job 'sync_trades' [aggressive_hybrid_v1_3_tp5_sl3]: C:\Users\USER\Documentos\Maestria\Mark-III\.venv\Scripts\python.exe main_pipeline.py --mode sync_trades --config C:\Users\USER\Documentos\Maestria\Mark-III\config\config_optimizado_20260513_152459.yaml
2026-06-10 01:06:55,567 | INFO | Riesgo sync_trades [aggressive_hybrid_v1_3_tp5_sl3]: open=0 break_even=0 partials=0 pending=0 last_signal=- last_action=-
2026-06-10 01:06:55,569 | INFO | Job 'sync_trades' completado.
2026-06-10 01:07:01,141 | INFO | Señal production [aggressive_hybrid_v1_4_mid_r3_4p6b_hybrid_champion_fast]: ts=2026-06-10 09:05:00 signal=HOLD primary=HOLD(0.525) filter=HOLD support=0.0 pips=0.8453030401192416 reason=signal_hold entry= sl= tp=
2026-06-10 01:07:01,142 | INFO | Job 'production' completado.
2026-06-10 01:07:45,025 | INFO | Ejecutando job 'sync_trades' [aggressive_hybrid_v1_3_tp5_sl3]: C:\Users\USER\Documentos\Maestria\Mark-III\.venv\Scripts\python.exe main_pipeline.py --mode sync_trades --config C:\Users\USER\Documentos\Maestria\Mark-III\config\config_optimizado_20260513_152459.yaml
2026-06-10 01:07:52,333 | INFO | Riesgo sync_trades [aggressive_hybrid_v1_3_tp5_sl3]: open=0 break_even=0 partials=0 pending=0 last_signal=- last_action=-
2026-06-10 01:07:52,333 | INFO | Job 'sync_trades' completado.
2026-06-10 01:08:16,480 | INFO | Riesgo monitor_runtime [aggressive_hybrid_v1_3_tp5_sl3]: open=0 break_even=0 partials=0 pending=0 last_signal=- last_action=-
2026-06-10 01:08:45,019 | INFO | Ejecutando job 'sync_trades' [aggressive_hybrid_v1_3_tp5_sl3]: C:\Users\USER\Documentos\Maestria\Mark-III\.venv\Scripts\python.exe main_pipeline.py --mode sync_trades --config C:\Users\USER\Documentos\Maestria\Mark-III\config\config_optimizado_20260513_152459.yaml
2026-06-10 01:08:52,681 | INFO | Riesgo sync_trades [aggressive_hybrid_v1_3_tp5_sl3]: open=0 break_even=0 partials=0 pending=0 last_signal=- last_action=-
2026-06-10 01:08:52,681 | INFO | Job 'sync_trades' completado.
2026-06-10 01:09:45,020 | INFO | Ejecutando job 'sync_trades' [aggressive_hybrid_v1_3_tp5_sl3]: C:\Users\USER\Documentos\Maestria\Mark-III\.venv\Scripts\python.exe main_pipeline.py --mode sync_trades --config C:\Users\USER\Documentos\Maestria\Mark-III\config\config_optimizado_20260513_152459.yaml
2026-06-10 01:09:52,512 | INFO | Riesgo sync_trades [aggressive_hybrid_v1_3_tp5_sl3]: open=0 break_even=0 partials=0 pending=0 last_signal=- last_action=-
2026-06-10 01:09:52,512 | INFO | Job 'sync_trades' completado.
2026-06-10 01:10:16,863 | INFO | Riesgo monitor_runtime [aggressive_hybrid_v1_3_tp5_sl3]: open=0 break_even=0 partials=0 pending=0 last_signal=- last_action=-
2026-06-10 01:10:45,021 | INFO | Ejecutando job 'sync_trades' [aggressive_hybrid_v1_3_tp5_sl3]: C:\Users\USER\Documentos\Maestria\Mark-III\.venv\Scripts\python.exe main_pipeline.py --mode sync_trades --config C:\Users\USER\Documentos\Maestria\Mark-III\config\config_optimizado_20260513_152459.yaml
2026-06-10 01:10:52,366 | INFO | Riesgo sync_trades [aggressive_hybrid_v1_3_tp5_sl3]: open=0 break_even=0 partials=0 pending=0 last_signal=- last_action=-
2026-06-10 01:10:52,366 | INFO | Job 'sync_trades' completado.
2026-06-10 01:11:15,084 | INFO | Ejecutando job 'production' [aggressive_hybrid_v1_3_tp5_sl3]: C:\Users\USER\Documentos\Maestria\Mark-III\.venv\Scripts\python.exe main_pipeline.py --mode production --config C:\Users\USER\Documentos\Maestria\Mark-III\config\config_optimizado_20260513_152459.yaml
2026-06-10 01:11:29,889 | INFO | Señal production [aggressive_hybrid_v1_3_tp5_sl3]: ts=2026-06-10 09:10:00 signal=HOLD primary=HOLD(0.569) filter=HOLD support=0.0 pips=1.604951473200542 reason=signal_hold entry= sl= tp=
2026-06-10 01:11:29,889 | INFO | Job 'production' completado.
2026-06-10 01:11:40,056 | INFO | Ejecutando job 'production' [aggressive_hybrid_v1_4_mid_r3_4p6b_hybrid_champion_fast]: C:\Users\USER\Documentos\Maestria\Mark-III\.venv\Scripts\python.exe main_pipeline.py --mode production --config C:\Users\USER\Documentos\Maestria\Mark-III\config\config_optimizado_20260603_075730.yaml
2026-06-10 01:11:45,018 | INFO | Ejecutando job 'sync_trades' [aggressive_hybrid_v1_3_tp5_sl3]: C:\Users\USER\Documentos\Maestria\Mark-III\.venv\Scripts\python.exe main_pipeline.py --mode sync_trades --config C:\Users\USER\Documentos\Maestria\Mark-III\config\config_optimizado_20260513_152459.yaml
2026-06-10 01:11:55,675 | INFO | Riesgo sync_trades [aggressive_hybrid_v1_3_tp5_sl3]: open=0 break_even=0 partials=0 pending=0 last_signal=- last_action=-
2026-06-10 01:11:55,696 | INFO | Job 'sync_trades' completado.
2026-06-10 01:11:57,621 | INFO | Señal production [aggressive_hybrid_v1_4_mid_r3_4p6b_hybrid_champion_fast]: ts=2026-06-10 09:10:00 signal=HOLD primary=HOLD(0.443) filter=HOLD support=0.0 pips=0.25470636801522395 reason=signal_hold entry= sl= tp=
2026-06-10 01:11:57,627 | INFO | Job 'production' completado.
2026-06-10 01:12:17,508 | INFO | Riesgo monitor_runtime [aggressive_hybrid_v1_3_tp5_sl3]: open=0 break_even=0 partials=0 pending=0 last_signal=- last_action=-
2026-06-10 01:12:45,022 | INFO | Ejecutando job 'sync_trades' [aggressive_hybrid_v1_3_tp5_sl3]: C:\Users\USER\Documentos\Maestria\Mark-III\.venv\Scripts\python.exe main_pipeline.py --mode sync_trades --config C:\Users\USER\Documentos\Maestria\Mark-III\config\config_optimizado_20260513_152459.yaml
2026-06-10 01:12:52,676 | INFO | Riesgo sync_trades [aggressive_hybrid_v1_3_tp5_sl3]: open=0 break_even=0 partials=0 pending=0 last_signal=- last_action=-
2026-06-10 01:12:52,676 | INFO | Job 'sync_trades' completado.
2026-06-10 01:13:45,027 | INFO | Ejecutando job 'sync_trades' [aggressive_hybrid_v1_3_tp5_sl3]: C:\Users\USER\Documentos\Maestria\Mark-III\.venv\Scripts\python.exe main_pipeline.py --mode sync_trades --config C:\Users\USER\Documentos\Maestria\Mark-III\config\config_optimizado_20260513_152459.yaml
2026-06-10 01:13:52,246 | INFO | Riesgo sync_trades [aggressive_hybrid_v1_3_tp5_sl3]: open=0 break_even=0 partials=0 pending=0 last_signal=- last_action=-
2026-06-10 01:13:52,247 | INFO | Job 'sync_trades' completado.
2026-06-10 01:14:17,863 | INFO | Riesgo monitor_runtime [aggressive_hybrid_v1_3_tp5_sl3]: open=0 break_even=0 partials=0 pending=0 last_signal=- last_action=-
2026-06-10 01:14:45,014 | INFO | Ejecutando job 'sync_trades' [aggressive_hybrid_v1_3_tp5_sl3]: C:\Users\USER\Documentos\Maestria\Mark-III\.venv\Scripts\python.exe main_pipeline.py --mode sync_trades --config C:\Users\USER\Documentos\Maestria\Mark-III\config\config_optimizado_20260513_152459.yaml
2026-06-10 01:14:52,555 | INFO | Riesgo sync_trades [aggressive_hybrid_v1_3_tp5_sl3]: open=0 break_even=0 partials=0 pending=0 last_signal=- last_action=-
2026-06-10 01:14:52,555 | INFO | Job 'sync_trades' completado.
2026-06-10 01:15:45,025 | INFO | Ejecutando job 'sync_trades' [aggressive_hybrid_v1_3_tp5_sl3]: C:\Users\USER\Documentos\Maestria\Mark-III\.venv\Scripts\python.exe main_pipeline.py --mode sync_trades --config C:\Users\USER\Documentos\Maestria\Mark-III\config\config_optimizado_20260513_152459.yaml
2026-06-10 01:15:52,649 | INFO | Riesgo sync_trades [aggressive_hybrid_v1_3_tp5_sl3]: open=0 break_even=0 partials=0 pending=0 last_signal=- last_action=-
2026-06-10 01:15:52,649 | INFO | Job 'sync_trades' completado.
2026-06-10 01:16:15,096 | INFO | Ejecutando job 'production' [aggressive_hybrid_v1_3_tp5_sl3]: C:\Users\USER\Documentos\Maestria\Mark-III\.venv\Scripts\python.exe main_pipeline.py --mode production --config C:\Users\USER\Documentos\Maestria\Mark-III\config\config_optimizado_20260513_152459.yaml
2026-06-10 01:16:18,849 | INFO | Riesgo monitor_runtime [aggressive_hybrid_v1_3_tp5_sl3]: open=0 break_even=0 partials=0 pending=0 last_signal=- last_action=-
2026-06-10 01:16:36,295 | INFO | Señal production [aggressive_hybrid_v1_3_tp5_sl3]: ts=2026-06-10 09:15:00 signal=HOLD primary=HOLD(0.496) filter=HOLD support=0.0 pips=0.864822400140295 reason=signal_hold entry= sl= tp=
2026-06-10 01:16:36,295 | INFO | Job 'production' completado.
2026-06-10 01:16:40,060 | INFO | Ejecutando job 'production' [aggressive_hybrid_v1_4_mid_r3_4p6b_hybrid_champion_fast]: C:\Users\USER\Documentos\Maestria\Mark-III\.venv\Scripts\python.exe main_pipeline.py --mode production --config C:\Users\USER\Documentos\Maestria\Mark-III\config\config_optimizado_20260603_075730.yaml
2026-06-10 01:16:45,028 | INFO | Ejecutando job 'sync_trades' [aggressive_hybrid_v1_3_tp5_sl3]: C:\Users\USER\Documentos\Maestria\Mark-III\.venv\Scripts\python.exe main_pipeline.py --mode sync_trades --config C:\Users\USER\Documentos\Maestria\Mark-III\config\config_optimizado_20260513_152459.yaml
2026-06-10 01:16:54,563 | INFO | Riesgo sync_trades [aggressive_hybrid_v1_3_tp5_sl3]: open=0 break_even=0 partials=0 pending=0 last_signal=- last_action=-
2026-06-10 01:16:54,573 | INFO | Job 'sync_trades' completado.
2026-06-10 01:16:57,029 | INFO | Señal production [aggressive_hybrid_v1_4_mid_r3_4p6b_hybrid_champion_fast]: ts=2026-06-10 09:15:00 signal=HOLD primary=HOLD(0.497) filter=HOLD support=0.0 pips=-0.6440699604881278 reason=signal_hold entry= sl= tp=
2026-06-10 01:16:57,029 | INFO | Job 'production' completado.
2026-06-10 01:17:45,018 | INFO | Ejecutando job 'sync_trades' [aggressive_hybrid_v1_3_tp5_sl3]: C:\Users\USER\Documentos\Maestria\Mark-III\.venv\Scripts\python.exe main_pipeline.py --mode sync_trades --config C:\Users\USER\Documentos\Maestria\Mark-III\config\config_optimizado_20260513_152459.yaml
2026-06-10 01:17:52,389 | INFO | Riesgo sync_trades [aggressive_hybrid_v1_3_tp5_sl3]: open=0 break_even=0 partials=0 pending=0 last_signal=- last_action=-
2026-06-10 01:17:52,390 | INFO | Job 'sync_trades' completado.
2026-06-10 01:18:16,941 | INFO | Riesgo monitor_runtime [aggressive_hybrid_v1_3_tp5_sl3]: open=0 break_even=0 partials=0 pending=0 last_signal=- last_action=-
2026-06-10 01:18:45,026 | INFO | Ejecutando job 'sync_trades' [aggressive_hybrid_v1_3_tp5_sl3]: C:\Users\USER\Documentos\Maestria\Mark-III\.venv\Scripts\python.exe main_pipeline.py --mode sync_trades --config C:\Users\USER\Documentos\Maestria\Mark-III\config\config_optimizado_20260513_152459.yaml
2026-06-10 01:18:52,421 | INFO | Riesgo sync_trades [aggressive_hybrid_v1_3_tp5_sl3]: open=0 break_even=0 partials=0 pending=0 last_signal=- last_action=-
2026-06-10 01:18:52,421 | INFO | Job 'sync_trades' completado.
2026-06-10 01:19:45,022 | INFO | Ejecutando job 'sync_trades' [aggressive_hybrid_v1_3_tp5_sl3]: C:\Users\USER\Documentos\Maestria\Mark-III\.venv\Scripts\python.exe main_pipeline.py --mode sync_trades --config C:\Users\USER\Documentos\Maestria\Mark-III\config\config_optimizado_20260513_152459.yaml
2026-06-10 01:19:53,096 | INFO | Riesgo sync_trades [aggressive_hybrid_v1_3_tp5_sl3]: open=0 break_even=0 partials=0 pending=0 last_signal=- last_action=-
2026-06-10 01:19:53,096 | INFO | Job 'sync_trades' completado.
2026-06-10 01:20:17,019 | INFO | Riesgo monitor_runtime [aggressive_hybrid_v1_3_tp5_sl3]: open=0 break_even=0 partials=0 pending=0 last_signal=- last_action=-
2026-06-10 01:20:45,026 | INFO | Ejecutando job 'sync_trades' [aggressive_hybrid_v1_3_tp5_sl3]: C:\Users\USER\Documentos\Maestria\Mark-III\.venv\Scripts\python.exe main_pipeline.py --mode sync_trades --config C:\Users\USER\Documentos\Maestria\Mark-III\config\config_optimizado_20260513_152459.yaml
2026-06-10 01:20:52,582 | INFO | Riesgo sync_trades [aggressive_hybrid_v1_3_tp5_sl3]: open=0 break_even=0 partials=0 pending=0 last_signal=- last_action=-
2026-06-10 01:20:52,583 | INFO | Job 'sync_trades' completado.
2026-06-10 01:21:15,078 | INFO | Ejecutando job 'production' [aggressive_hybrid_v1_3_tp5_sl3]: C:\Users\USER\Documentos\Maestria\Mark-III\.venv\Scripts\python.exe main_pipeline.py --mode production --config C:\Users\USER\Documentos\Maestria\Mark-III\config\config_optimizado_20260513_152459.yaml
2026-06-10 01:21:30,477 | INFO | Señal production [aggressive_hybrid_v1_3_tp5_sl3]: ts=2026-06-10 09:20:00 signal=HOLD primary=HOLD(0.519) filter=HOLD support=0.0 pips=1.0994294533901658 reason=signal_hold entry= sl= tp=
2026-06-10 01:21:30,478 | INFO | Job 'production' completado.
2026-06-10 01:21:40,069 | INFO | Ejecutando job 'production' [aggressive_hybrid_v1_4_mid_r3_4p6b_hybrid_champion_fast]: C:\Users\USER\Documentos\Maestria\Mark-III\.venv\Scripts\python.exe main_pipeline.py --mode production --config C:\Users\USER\Documentos\Maestria\Mark-III\config\config_optimizado_20260603_075730.yaml
2026-06-10 01:21:45,015 | INFO | Ejecutando job 'sync_trades' [aggressive_hybrid_v1_3_tp5_sl3]: C:\Users\USER\Documentos\Maestria\Mark-III\.venv\Scripts\python.exe main_pipeline.py --mode sync_trades --config C:\Users\USER\Documentos\Maestria\Mark-III\config\config_optimizado_20260513_152459.yaml
2026-06-10 01:21:55,484 | INFO | Riesgo sync_trades [aggressive_hybrid_v1_3_tp5_sl3]: open=0 break_even=0 partials=0 pending=0 last_signal=- last_action=-
2026-06-10 01:21:55,492 | INFO | Job 'sync_trades' completado.
2026-06-10 01:21:57,585 | INFO | Señal production [aggressive_hybrid_v1_4_mid_r3_4p6b_hybrid_champion_fast]: ts=2026-06-10 09:20:00 signal=HOLD primary=HOLD(0.449) filter=HOLD support=0.0 pips=0.2972079395085136 reason=signal_hold entry= sl= tp=
2026-06-10 01:21:57,585 | INFO | Job 'production' completado.
2026-06-10 01:22:17,562 | INFO | Riesgo monitor_runtime [aggressive_hybrid_v1_3_tp5_sl3]: open=0 break_even=0 partials=0 pending=0 last_signal=- last_action=-
2026-06-10 01:22:45,026 | INFO | Ejecutando job 'sync_trades' [aggressive_hybrid_v1_3_tp5_sl3]: C:\Users\USER\Documentos\Maestria\Mark-III\.venv\Scripts\python.exe main_pipeline.py --mode sync_trades --config C:\Users\USER\Documentos\Maestria\Mark-III\config\config_optimizado_20260513_152459.yaml
2026-06-10 01:22:53,072 | INFO | Riesgo sync_trades [aggressive_hybrid_v1_3_tp5_sl3]: open=0 break_even=0 partials=0 pending=0 last_signal=- last_action=-
2026-06-10 01:22:53,072 | INFO | Job 'sync_trades' completado.
2026-06-10 01:23:45,022 | INFO | Ejecutando job 'sync_trades' [aggressive_hybrid_v1_3_tp5_sl3]: C:\Users\USER\Documentos\Maestria\Mark-III\.venv\Scripts\python.exe main_pipeline.py --mode sync_trades --config C:\Users\USER\Documentos\Maestria\Mark-III\config\config_optimizado_20260513_152459.yaml
2026-06-10 01:23:52,341 | INFO | Riesgo sync_trades [aggressive_hybrid_v1_3_tp5_sl3]: open=0 break_even=0 partials=0 pending=0 last_signal=- last_action=-
2026-06-10 01:23:52,341 | INFO | Job 'sync_trades' completado.
2026-06-10 01:24:19,486 | INFO | Riesgo monitor_runtime [aggressive_hybrid_v1_3_tp5_sl3]: open=0 break_even=0 partials=0 pending=0 last_signal=- last_action=-
2026-06-10 01:24:45,026 | INFO | Ejecutando job 'sync_trades' [aggressive_hybrid_v1_3_tp5_sl3]: C:\Users\USER\Documentos\Maestria\Mark-III\.venv\Scripts\python.exe main_pipeline.py --mode sync_trades --config C:\Users\USER\Documentos\Maestria\Mark-III\config\config_optimizado_20260513_152459.yaml
2026-06-10 01:24:54,577 | INFO | Riesgo sync_trades [aggressive_hybrid_v1_3_tp5_sl3]: open=0 break_even=0 partials=0 pending=0 last_signal=- last_action=-
2026-06-10 01:24:54,578 | INFO | Job 'sync_trades' completado.
2026-06-10 01:25:45,016 | INFO | Ejecutando job 'sync_trades' [aggressive_hybrid_v1_3_tp5_sl3]: C:\Users\USER\Documentos\Maestria\Mark-III\.venv\Scripts\python.exe main_pipeline.py --mode sync_trades --config C:\Users\USER\Documentos\Maestria\Mark-III\config\config_optimizado_20260513_152459.yaml
2026-06-10 01:25:54,615 | INFO | Riesgo sync_trades [aggressive_hybrid_v1_3_tp5_sl3]: open=0 break_even=0 partials=0 pending=0 last_signal=- last_action=-
2026-06-10 01:25:54,615 | INFO | Job 'sync_trades' completado.
2026-06-10 01:26:15,111 | INFO | Ejecutando job 'production' [aggressive_hybrid_v1_3_tp5_sl3]: C:\Users\USER\Documentos\Maestria\Mark-III\.venv\Scripts\python.exe main_pipeline.py --mode production --config C:\Users\USER\Documentos\Maestria\Mark-III\config\config_optimizado_20260513_152459.yaml
2026-06-10 01:26:21,008 | INFO | Riesgo monitor_runtime [aggressive_hybrid_v1_3_tp5_sl3]: open=0 break_even=0 partials=0 pending=0 last_signal=- last_action=-
2026-06-10 01:26:35,951 | INFO | Señal production [aggressive_hybrid_v1_3_tp5_sl3]: ts=2026-06-10 09:25:00 signal=HOLD primary=HOLD(0.436) filter=HOLD support=0.0 pips=0.25222845794440724 reason=signal_hold entry= sl= tp=
2026-06-10 01:26:35,954 | INFO | Job 'production' completado.
2026-06-10 01:26:40,090 | INFO | Ejecutando job 'production' [aggressive_hybrid_v1_4_mid_r3_4p6b_hybrid_champion_fast]: C:\Users\USER\Documentos\Maestria\Mark-III\.venv\Scripts\python.exe main_pipeline.py --mode production --config C:\Users\USER\Documentos\Maestria\Mark-III\config\config_optimizado_20260603_075730.yaml
2026-06-10 01:26:45,021 | INFO | Ejecutando job 'sync_trades' [aggressive_hybrid_v1_3_tp5_sl3]: C:\Users\USER\Documentos\Maestria\Mark-III\.venv\Scripts\python.exe main_pipeline.py --mode sync_trades --config C:\Users\USER\Documentos\Maestria\Mark-III\config\config_optimizado_20260513_152459.yaml
2026-06-10 01:26:55,743 | INFO | Riesgo sync_trades [aggressive_hybrid_v1_3_tp5_sl3]: open=0 break_even=0 partials=0 pending=0 last_signal=- last_action=-
2026-06-10 01:26:55,750 | INFO | Job 'sync_trades' completado.
2026-06-10 01:26:58,886 | INFO | Señal production [aggressive_hybrid_v1_4_mid_r3_4p6b_hybrid_champion_fast]: ts=2026-06-10 09:25:00 signal=HOLD primary=HOLD(0.466) filter=HOLD support=0.0 pips=-0.42181214205868467 reason=signal_hold entry= sl= tp=
2026-06-10 01:26:58,886 | INFO | Job 'production' completado.
2026-06-10 01:27:45,026 | INFO | Ejecutando job 'sync_trades' [aggressive_hybrid_v1_3_tp5_sl3]: C:\Users\USER\Documentos\Maestria\Mark-III\.venv\Scripts\python.exe main_pipeline.py --mode sync_trades --config C:\Users\USER\Documentos\Maestria\Mark-III\config\config_optimizado_20260513_152459.yaml
2026-06-10 01:27:55,497 | INFO | Riesgo sync_trades [aggressive_hybrid_v1_3_tp5_sl3]: open=0 break_even=0 partials=0 pending=0 last_signal=- last_action=-
2026-06-10 01:27:55,497 | INFO | Job 'sync_trades' completado.
2026-06-10 01:28:19,657 | INFO | Riesgo monitor_runtime [aggressive_hybrid_v1_3_tp5_sl3]: open=0 break_even=0 partials=0 pending=0 last_signal=- last_action=-
2026-06-10 01:28:45,023 | INFO | Ejecutando job 'sync_trades' [aggressive_hybrid_v1_3_tp5_sl3]: C:\Users\USER\Documentos\Maestria\Mark-III\.venv\Scripts\python.exe main_pipeline.py --mode sync_trades --config C:\Users\USER\Documentos\Maestria\Mark-III\config\config_optimizado_20260513_152459.yaml
2026-06-10 01:28:54,549 | INFO | Riesgo sync_trades [aggressive_hybrid_v1_3_tp5_sl3]: open=0 break_even=0 partials=0 pending=0 last_signal=- last_action=-
2026-06-10 01:28:54,549 | INFO | Job 'sync_trades' completado.
2026-06-10 01:29:45,028 | INFO | Ejecutando job 'sync_trades' [aggressive_hybrid_v1_3_tp5_sl3]: C:\Users\USER\Documentos\Maestria\Mark-III\.venv\Scripts\python.exe main_pipeline.py --mode sync_trades --config C:\Users\USER\Documentos\Maestria\Mark-III\config\config_optimizado_20260513_152459.yaml
2026-06-10 01:29:54,707 | INFO | Riesgo sync_trades [aggressive_hybrid_v1_3_tp5_sl3]: open=0 break_even=0 partials=0 pending=0 last_signal=- last_action=-
2026-06-10 01:29:54,708 | INFO | Job 'sync_trades' completado.
2026-06-10 01:30:19,913 | INFO | Riesgo monitor_runtime [aggressive_hybrid_v1_3_tp5_sl3]: open=0 break_even=0 partials=0 pending=0 last_signal=- last_action=-
2026-06-10 01:30:45,026 | INFO | Ejecutando job 'sync_trades' [aggressive_hybrid_v1_3_tp5_sl3]: C:\Users\USER\Documentos\Maestria\Mark-III\.venv\Scripts\python.exe main_pipeline.py --mode sync_trades --config C:\Users\USER\Documentos\Maestria\Mark-III\config\config_optimizado_20260513_152459.yaml
2026-06-10 01:30:54,800 | INFO | Riesgo sync_trades [aggressive_hybrid_v1_3_tp5_sl3]: open=0 break_even=0 partials=0 pending=0 last_signal=- last_action=-
2026-06-10 01:30:54,800 | INFO | Job 'sync_trades' completado.
2026-06-10 01:31:15,081 | INFO | Ejecutando job 'production' [aggressive_hybrid_v1_3_tp5_sl3]: C:\Users\USER\Documentos\Maestria\Mark-III\.venv\Scripts\python.exe main_pipeline.py --mode production --config C:\Users\USER\Documentos\Maestria\Mark-III\config\config_optimizado_20260513_152459.yaml
2026-06-10 01:31:32,733 | INFO | Señal production [aggressive_hybrid_v1_3_tp5_sl3]: ts=2026-06-10 09:30:00 signal=HOLD primary=HOLD(0.498) filter=HOLD support=0.0 pips=-0.8841906561429369 reason=signal_hold entry= sl= tp=
2026-06-10 01:31:32,733 | INFO | Job 'production' completado.
2026-06-10 01:31:40,066 | INFO | Ejecutando job 'production' [aggressive_hybrid_v1_4_mid_r3_4p6b_hybrid_champion_fast]: C:\Users\USER\Documentos\Maestria\Mark-III\.venv\Scripts\python.exe main_pipeline.py --mode production --config C:\Users\USER\Documentos\Maestria\Mark-III\config\config_optimizado_20260603_075730.yaml
2026-06-10 01:31:45,018 | INFO | Ejecutando job 'sync_trades' [aggressive_hybrid_v1_3_tp5_sl3]: C:\Users\USER\Documentos\Maestria\Mark-III\.venv\Scripts\python.exe main_pipeline.py --mode sync_trades --config C:\Users\USER\Documentos\Maestria\Mark-III\config\config_optimizado_20260513_152459.yaml
2026-06-10 01:31:58,588 | INFO | Riesgo sync_trades [aggressive_hybrid_v1_3_tp5_sl3]: open=0 break_even=0 partials=0 pending=0 last_signal=- last_action=-
2026-06-10 01:31:58,590 | INFO | Job 'sync_trades' completado.
2026-06-10 01:32:02,160 | INFO | Señal production [aggressive_hybrid_v1_4_mid_r3_4p6b_hybrid_champion_fast]: ts=2026-06-10 09:30:00 signal=HOLD primary=HOLD(0.472) filter=HOLD support=0.0 pips=-0.4584902615338265 reason=signal_hold entry= sl= tp=
2026-06-10 01:32:02,160 | INFO | Job 'production' completado.
2026-06-10 01:32:20,059 | INFO | Riesgo monitor_runtime [aggressive_hybrid_v1_3_tp5_sl3]: open=0 break_even=0 partials=0 pending=0 last_signal=- last_action=-
2026-06-10 01:32:45,017 | INFO | Ejecutando job 'sync_trades' [aggressive_hybrid_v1_3_tp5_sl3]: C:\Users\USER\Documentos\Maestria\Mark-III\.venv\Scripts\python.exe main_pipeline.py --mode sync_trades --config C:\Users\USER\Documentos\Maestria\Mark-III\config\config_optimizado_20260513_152459.yaml
2026-06-10 01:32:52,808 | INFO | Riesgo sync_trades [aggressive_hybrid_v1_3_tp5_sl3]: open=0 break_even=0 partials=0 pending=0 last_signal=- last_action=-
2026-06-10 01:32:52,811 | INFO | Job 'sync_trades' completado.
2026-06-10 01:33:45,025 | INFO | Ejecutando job 'sync_trades' [aggressive_hybrid_v1_3_tp5_sl3]: C:\Users\USER\Documentos\Maestria\Mark-III\.venv\Scripts\python.exe main_pipeline.py --mode sync_trades --config C:\Users\USER\Documentos\Maestria\Mark-III\config\config_optimizado_20260513_152459.yaml
2026-06-10 01:33:52,602 | INFO | Riesgo sync_trades [aggressive_hybrid_v1_3_tp5_sl3]: open=0 break_even=0 partials=0 pending=0 last_signal=- last_action=-
2026-06-10 01:33:52,602 | INFO | Job 'sync_trades' completado.
2026-06-10 01:34:18,130 | INFO | Riesgo monitor_runtime [aggressive_hybrid_v1_3_tp5_sl3]: open=0 break_even=0 partials=0 pending=0 last_signal=- last_action=-
2026-06-10 01:34:45,019 | INFO | Ejecutando job 'sync_trades' [aggressive_hybrid_v1_3_tp5_sl3]: C:\Users\USER\Documentos\Maestria\Mark-III\.venv\Scripts\python.exe main_pipeline.py --mode sync_trades --config C:\Users\USER\Documentos\Maestria\Mark-III\config\config_optimizado_20260513_152459.yaml
2026-06-10 01:34:53,056 | INFO | Riesgo sync_trades [aggressive_hybrid_v1_3_tp5_sl3]: open=0 break_even=0 partials=0 pending=0 last_signal=- last_action=-
2026-06-10 01:34:53,057 | INFO | Job 'sync_trades' completado.
2026-06-10 01:35:45,020 | INFO | Ejecutando job 'sync_trades' [aggressive_hybrid_v1_3_tp5_sl3]: C:\Users\USER\Documentos\Maestria\Mark-III\.venv\Scripts\python.exe main_pipeline.py --mode sync_trades --config C:\Users\USER\Documentos\Maestria\Mark-III\config\config_optimizado_20260513_152459.yaml
2026-06-10 01:35:54,187 | INFO | Riesgo sync_trades [aggressive_hybrid_v1_3_tp5_sl3]: open=0 break_even=0 partials=0 pending=0 last_signal=- last_action=-
2026-06-10 01:35:54,188 | INFO | Job 'sync_trades' completado.
2026-06-10 01:36:15,101 | INFO | Ejecutando job 'production' [aggressive_hybrid_v1_3_tp5_sl3]: C:\Users\USER\Documentos\Maestria\Mark-III\.venv\Scripts\python.exe main_pipeline.py --mode production --config C:\Users\USER\Documentos\Maestria\Mark-III\config\config_optimizado_20260513_152459.yaml
2026-06-10 01:36:18,437 | INFO | Riesgo monitor_runtime [aggressive_hybrid_v1_3_tp5_sl3]: open=0 break_even=0 partials=0 pending=0 last_signal=- last_action=-
2026-06-10 01:36:35,564 | INFO | Señal production [aggressive_hybrid_v1_3_tp5_sl3]: ts=2026-06-10 09:35:00 signal=HOLD primary=HOLD(0.533) filter=HOLD support=0.0 pips=-1.2407877260031774 reason=signal_hold entry= sl= tp=
2026-06-10 01:36:35,564 | INFO | Job 'production' completado.
2026-06-10 01:36:40,053 | INFO | Ejecutando job 'production' [aggressive_hybrid_v1_4_mid_r3_4p6b_hybrid_champion_fast]: C:\Users\USER\Documentos\Maestria\Mark-III\.venv\Scripts\python.exe main_pipeline.py --mode production --config C:\Users\USER\Documentos\Maestria\Mark-III\config\config_optimizado_20260603_075730.yaml
2026-06-10 01:36:45,020 | INFO | Ejecutando job 'sync_trades' [aggressive_hybrid_v1_3_tp5_sl3]: C:\Users\USER\Documentos\Maestria\Mark-III\.venv\Scripts\python.exe main_pipeline.py --mode sync_trades --config C:\Users\USER\Documentos\Maestria\Mark-III\config\config_optimizado_20260513_152459.yaml
2026-06-10 01:36:55,146 | INFO | Riesgo sync_trades [aggressive_hybrid_v1_3_tp5_sl3]: open=0 break_even=0 partials=0 pending=0 last_signal=- last_action=-
2026-06-10 01:36:55,146 | INFO | Job 'sync_trades' completado.
2026-06-10 01:36:58,412 | INFO | Señal production [aggressive_hybrid_v1_4_mid_r3_4p6b_hybrid_champion_fast]: ts=2026-06-10 09:35:00 signal=HOLD primary=HOLD(0.452) filter=HOLD support=0.0 pips=0.31494053575149766 reason=signal_hold entry= sl= tp=
2026-06-10 01:36:58,413 | INFO | Job 'production' completado.
2026-06-10 01:37:45,023 | INFO | Ejecutando job 'sync_trades' [aggressive_hybrid_v1_3_tp5_sl3]: C:\Users\USER\Documentos\Maestria\Mark-III\.venv\Scripts\python.exe main_pipeline.py --mode sync_trades --config C:\Users\USER\Documentos\Maestria\Mark-III\config\config_optimizado_20260513_152459.yaml
2026-06-10 01:37:52,662 | INFO | Riesgo sync_trades [aggressive_hybrid_v1_3_tp5_sl3]: open=0 break_even=0 partials=0 pending=0 last_signal=- last_action=-
2026-06-10 01:37:52,662 | INFO | Job 'sync_trades' completado.
2026-06-10 01:38:16,674 | INFO | Riesgo monitor_runtime [aggressive_hybrid_v1_3_tp5_sl3]: open=0 break_even=0 partials=0 pending=0 last_signal=- last_action=-
2026-06-10 01:38:45,024 | INFO | Ejecutando job 'sync_trades' [aggressive_hybrid_v1_3_tp5_sl3]: C:\Users\USER\Documentos\Maestria\Mark-III\.venv\Scripts\python.exe main_pipeline.py --mode sync_trades --config C:\Users\USER\Documentos\Maestria\Mark-III\config\config_optimizado_20260513_152459.yaml
2026-06-10 01:38:52,555 | INFO | Riesgo sync_trades [aggressive_hybrid_v1_3_tp5_sl3]: open=0 break_even=0 partials=0 pending=0 last_signal=- last_action=-
2026-06-10 01:38:52,555 | INFO | Job 'sync_trades' completado.
2026-06-10 01:39:45,014 | INFO | Ejecutando job 'sync_trades' [aggressive_hybrid_v1_3_tp5_sl3]: C:\Users\USER\Documentos\Maestria\Mark-III\.venv\Scripts\python.exe main_pipeline.py --mode sync_trades --config C:\Users\USER\Documentos\Maestria\Mark-III\config\config_optimizado_20260513_152459.yaml
2026-06-10 01:39:52,880 | INFO | Riesgo sync_trades [aggressive_hybrid_v1_3_tp5_sl3]: open=0 break_even=0 partials=0 pending=0 last_signal=- last_action=-
2026-06-10 01:39:52,880 | INFO | Job 'sync_trades' completado.
2026-06-10 01:40:17,550 | INFO | Riesgo monitor_runtime [aggressive_hybrid_v1_3_tp5_sl3]: open=0 break_even=0 partials=0 pending=0 last_signal=- last_action=-
2026-06-10 01:40:45,025 | INFO | Ejecutando job 'sync_trades' [aggressive_hybrid_v1_3_tp5_sl3]: C:\Users\USER\Documentos\Maestria\Mark-III\.venv\Scripts\python.exe main_pipeline.py --mode sync_trades --config C:\Users\USER\Documentos\Maestria\Mark-III\config\config_optimizado_20260513_152459.yaml
2026-06-10 01:40:52,664 | INFO | Riesgo sync_trades [aggressive_hybrid_v1_3_tp5_sl3]: open=0 break_even=0 partials=0 pending=0 last_signal=- last_action=-
2026-06-10 01:40:52,664 | INFO | Job 'sync_trades' completado.
2026-06-10 01:41:15,064 | INFO | Ejecutando job 'production' [aggressive_hybrid_v1_3_tp5_sl3]: C:\Users\USER\Documentos\Maestria\Mark-III\.venv\Scripts\python.exe main_pipeline.py --mode production --config C:\Users\USER\Documentos\Maestria\Mark-III\config\config_optimizado_20260513_152459.yaml
2026-06-10 01:41:32,406 | INFO | Señal production [aggressive_hybrid_v1_3_tp5_sl3]: ts=2026-06-10 09:40:00 signal=HOLD primary=HOLD(0.549) filter=HOLD support=0.0 pips=1.4067020967741857 reason=signal_hold entry= sl= tp=
2026-06-10 01:41:32,407 | INFO | Job 'production' completado.
2026-06-10 01:41:40,072 | INFO | Ejecutando job 'production' [aggressive_hybrid_v1_4_mid_r3_4p6b_hybrid_champion_fast]: C:\Users\USER\Documentos\Maestria\Mark-III\.venv\Scripts\python.exe main_pipeline.py --mode production --config C:\Users\USER\Documentos\Maestria\Mark-III\config\config_optimizado_20260603_075730.yaml
2026-06-10 01:41:45,016 | INFO | Ejecutando job 'sync_trades' [aggressive_hybrid_v1_3_tp5_sl3]: C:\Users\USER\Documentos\Maestria\Mark-III\.venv\Scripts\python.exe main_pipeline.py --mode sync_trades --config C:\Users\USER\Documentos\Maestria\Mark-III\config\config_optimizado_20260513_152459.yaml
2026-06-10 01:41:55,142 | INFO | Riesgo sync_trades [aggressive_hybrid_v1_3_tp5_sl3]: open=0 break_even=0 partials=0 pending=0 last_signal=- last_action=-
2026-06-10 01:41:55,143 | INFO | Job 'sync_trades' completado.
2026-06-10 01:41:57,086 | INFO | Señal production [aggressive_hybrid_v1_4_mid_r3_4p6b_hybrid_champion_fast]: ts=2026-06-10 09:40:00 signal=HOLD primary=HOLD(0.464) filter=HOLD support=0.0 pips=0.4020188398217435 reason=signal_hold entry= sl= tp=
2026-06-10 01:41:57,086 | INFO | Job 'production' completado.
2026-06-10 01:42:17,887 | INFO | Riesgo monitor_runtime [aggressive_hybrid_v1_3_tp5_sl3]: open=0 break_even=0 partials=0 pending=0 last_signal=- last_action=-
2026-06-10 01:42:45,015 | INFO | Ejecutando job 'sync_trades' [aggressive_hybrid_v1_3_tp5_sl3]: C:\Users\USER\Documentos\Maestria\Mark-III\.venv\Scripts\python.exe main_pipeline.py --mode sync_trades --config C:\Users\USER\Documentos\Maestria\Mark-III\config\config_optimizado_20260513_152459.yaml
2026-06-10 01:42:52,516 | INFO | Riesgo sync_trades [aggressive_hybrid_v1_3_tp5_sl3]: open=0 break_even=0 partials=0 pending=0 last_signal=- last_action=-
2026-06-10 01:42:52,516 | INFO | Job 'sync_trades' completado.
2026-06-10 01:43:45,019 | INFO | Ejecutando job 'sync_trades' [aggressive_hybrid_v1_3_tp5_sl3]: C:\Users\USER\Documentos\Maestria\Mark-III\.venv\Scripts\python.exe main_pipeline.py --mode sync_trades --config C:\Users\USER\Documentos\Maestria\Mark-III\config\config_optimizado_20260513_152459.yaml
2026-06-10 01:43:53,030 | INFO | Riesgo sync_trades [aggressive_hybrid_v1_3_tp5_sl3]: open=0 break_even=0 partials=0 pending=0 last_signal=- last_action=-
2026-06-10 01:43:53,030 | INFO | Job 'sync_trades' completado.
2026-06-10 01:44:17,007 | INFO | Riesgo monitor_runtime [aggressive_hybrid_v1_3_tp5_sl3]: open=0 break_even=0 partials=0 pending=0 last_signal=- last_action=-
2026-06-10 01:44:45,014 | INFO | Ejecutando job 'sync_trades' [aggressive_hybrid_v1_3_tp5_sl3]: C:\Users\USER\Documentos\Maestria\Mark-III\.venv\Scripts\python.exe main_pipeline.py --mode sync_trades --config C:\Users\USER\Documentos\Maestria\Mark-III\config\config_optimizado_20260513_152459.yaml
2026-06-10 01:44:53,318 | INFO | Riesgo sync_trades [aggressive_hybrid_v1_3_tp5_sl3]: open=0 break_even=0 partials=0 pending=0 last_signal=- last_action=-
2026-06-10 01:44:53,319 | INFO | Job 'sync_trades' completado.
2026-06-10 01:45:45,022 | INFO | Ejecutando job 'sync_trades' [aggressive_hybrid_v1_3_tp5_sl3]: C:\Users\USER\Documentos\Maestria\Mark-III\.venv\Scripts\python.exe main_pipeline.py --mode sync_trades --config C:\Users\USER\Documentos\Maestria\Mark-III\config\config_optimizado_20260513_152459.yaml
2026-06-10 01:45:52,908 | INFO | Riesgo sync_trades [aggressive_hybrid_v1_3_tp5_sl3]: open=0 break_even=0 partials=0 pending=0 last_signal=- last_action=-
2026-06-10 01:45:52,908 | INFO | Job 'sync_trades' completado.
2026-06-10 01:46:15,085 | INFO | Ejecutando job 'production' [aggressive_hybrid_v1_3_tp5_sl3]: C:\Users\USER\Documentos\Maestria\Mark-III\.venv\Scripts\python.exe main_pipeline.py --mode production --config C:\Users\USER\Documentos\Maestria\Mark-III\config\config_optimizado_20260513_152459.yaml
2026-06-10 01:46:19,975 | INFO | Riesgo monitor_runtime [aggressive_hybrid_v1_3_tp5_sl3]: open=0 break_even=0 partials=0 pending=0 last_signal=- last_action=-
2026-06-10 01:46:33,430 | INFO | Señal production [aggressive_hybrid_v1_3_tp5_sl3]: ts=2026-06-10 09:45:00 signal=HOLD primary=HOLD(0.460) filter=HOLD support=0.0 pips=-0.497116453824488 reason=signal_hold entry= sl= tp=
2026-06-10 01:46:33,430 | INFO | Job 'production' completado.
2026-06-10 01:46:40,070 | INFO | Ejecutando job 'production' [aggressive_hybrid_v1_4_mid_r3_4p6b_hybrid_champion_fast]: C:\Users\USER\Documentos\Maestria\Mark-III\.venv\Scripts\python.exe main_pipeline.py --mode production --config C:\Users\USER\Documentos\Maestria\Mark-III\config\config_optimizado_20260603_075730.yaml
2026-06-10 01:46:45,017 | INFO | Ejecutando job 'sync_trades' [aggressive_hybrid_v1_3_tp5_sl3]: C:\Users\USER\Documentos\Maestria\Mark-III\.venv\Scripts\python.exe main_pipeline.py --mode sync_trades --config C:\Users\USER\Documentos\Maestria\Mark-III\config\config_optimizado_20260513_152459.yaml
2026-06-10 01:46:55,507 | INFO | Riesgo sync_trades [aggressive_hybrid_v1_3_tp5_sl3]: open=0 break_even=0 partials=0 pending=0 last_signal=- last_action=-
2026-06-10 01:46:55,515 | INFO | Job 'sync_trades' completado.
2026-06-10 01:46:57,923 | INFO | Señal production [aggressive_hybrid_v1_4_mid_r3_4p6b_hybrid_champion_fast]: ts=2026-06-10 09:45:00 signal=HOLD primary=HOLD(0.517) filter=HOLD support=0.0 pips=-0.7910497997748733 reason=signal_hold entry= sl= tp=
2026-06-10 01:46:57,924 | INFO | Job 'production' completado.
2026-06-10 01:47:45,014 | INFO | Ejecutando job 'sync_trades' [aggressive_hybrid_v1_3_tp5_sl3]: C:\Users\USER\Documentos\Maestria\Mark-III\.venv\Scripts\python.exe main_pipeline.py --mode sync_trades --config C:\Users\USER\Documentos\Maestria\Mark-III\config\config_optimizado_20260513_152459.yaml
2026-06-10 01:47:53,285 | INFO | Riesgo sync_trades [aggressive_hybrid_v1_3_tp5_sl3]: open=0 break_even=0 partials=0 pending=0 last_signal=- last_action=-
2026-06-10 01:47:53,286 | INFO | Job 'sync_trades' completado.
2026-06-10 01:48:16,973 | INFO | Riesgo monitor_runtime [aggressive_hybrid_v1_3_tp5_sl3]: open=0 break_even=0 partials=0 pending=0 last_signal=- last_action=-
2026-06-10 01:48:45,015 | INFO | Ejecutando job 'sync_trades' [aggressive_hybrid_v1_3_tp5_sl3]: C:\Users\USER\Documentos\Maestria\Mark-III\.venv\Scripts\python.exe main_pipeline.py --mode sync_trades --config C:\Users\USER\Documentos\Maestria\Mark-III\config\config_optimizado_20260513_152459.yaml
2026-06-10 01:48:52,527 | INFO | Riesgo sync_trades [aggressive_hybrid_v1_3_tp5_sl3]: open=0 break_even=0 partials=0 pending=0 last_signal=- last_action=-
2026-06-10 01:48:52,527 | INFO | Job 'sync_trades' completado.
2026-06-10 01:49:45,017 | INFO | Ejecutando job 'sync_trades' [aggressive_hybrid_v1_3_tp5_sl3]: C:\Users\USER\Documentos\Maestria\Mark-III\.venv\Scripts\python.exe main_pipeline.py --mode sync_trades --config C:\Users\USER\Documentos\Maestria\Mark-III\config\config_optimizado_20260513_152459.yaml
2026-06-10 01:49:53,020 | INFO | Riesgo sync_trades [aggressive_hybrid_v1_3_tp5_sl3]: open=0 break_even=0 partials=0 pending=0 last_signal=- last_action=-
2026-06-10 01:49:53,021 | INFO | Job 'sync_trades' completado.
2026-06-10 01:50:17,370 | INFO | Riesgo monitor_runtime [aggressive_hybrid_v1_3_tp5_sl3]: open=0 break_even=0 partials=0 pending=0 last_signal=- last_action=-
2026-06-10 01:50:45,027 | INFO | Ejecutando job 'sync_trades' [aggressive_hybrid_v1_3_tp5_sl3]: C:\Users\USER\Documentos\Maestria\Mark-III\.venv\Scripts\python.exe main_pipeline.py --mode sync_trades --config C:\Users\USER\Documentos\Maestria\Mark-III\config\config_optimizado_20260513_152459.yaml
2026-06-10 01:50:52,544 | INFO | Riesgo sync_trades [aggressive_hybrid_v1_3_tp5_sl3]: open=0 break_even=0 partials=0 pending=0 last_signal=- last_action=-
2026-06-10 01:50:52,545 | INFO | Job 'sync_trades' completado.
2026-06-10 01:51:15,069 | INFO | Ejecutando job 'production' [aggressive_hybrid_v1_3_tp5_sl3]: C:\Users\USER\Documentos\Maestria\Mark-III\.venv\Scripts\python.exe main_pipeline.py --mode production --config C:\Users\USER\Documentos\Maestria\Mark-III\config\config_optimizado_20260513_152459.yaml
2026-06-10 01:51:31,498 | INFO | Señal production [aggressive_hybrid_v1_3_tp5_sl3]: ts=2026-06-10 09:50:00 signal=HOLD primary=HOLD(0.614) filter=HOLD support=0.0 pips=-2.0701507976739455 reason=signal_hold entry= sl= tp=
2026-06-10 01:51:31,505 | INFO | Job 'production' completado.
2026-06-10 01:51:40,072 | INFO | Ejecutando job 'production' [aggressive_hybrid_v1_4_mid_r3_4p6b_hybrid_champion_fast]: C:\Users\USER\Documentos\Maestria\Mark-III\.venv\Scripts\python.exe main_pipeline.py --mode production --config C:\Users\USER\Documentos\Maestria\Mark-III\config\config_optimizado_20260603_075730.yaml
2026-06-10 01:51:45,015 | INFO | Ejecutando job 'sync_trades' [aggressive_hybrid_v1_3_tp5_sl3]: C:\Users\USER\Documentos\Maestria\Mark-III\.venv\Scripts\python.exe main_pipeline.py --mode sync_trades --config C:\Users\USER\Documentos\Maestria\Mark-III\config\config_optimizado_20260513_152459.yaml
2026-06-10 01:51:55,029 | INFO | Riesgo sync_trades [aggressive_hybrid_v1_3_tp5_sl3]: open=0 break_even=0 partials=0 pending=0 last_signal=- last_action=-
2026-06-10 01:51:55,029 | INFO | Job 'sync_trades' completado.
2026-06-10 01:51:58,671 | INFO | Señal production [aggressive_hybrid_v1_4_mid_r3_4p6b_hybrid_champion_fast]: ts=2026-06-10 09:50:00 signal=HOLD primary=SELL(0.700) filter=HOLD support=-0.25366627707348266 pips=-2.1187106184981386 reason=filter_hold_wait_candle_retrace entry=1.1551 sl=1.15535 tp=1.15485
2026-06-10 01:51:58,671 | INFO | Job 'production' completado.
2026-06-10 01:52:18,169 | INFO | Riesgo monitor_runtime [aggressive_hybrid_v1_3_tp5_sl3]: open=0 break_even=0 partials=0 pending=0 last_signal=- last_action=-
2026-06-10 01:52:45,024 | INFO | Ejecutando job 'sync_trades' [aggressive_hybrid_v1_3_tp5_sl3]: C:\Users\USER\Documentos\Maestria\Mark-III\.venv\Scripts\python.exe main_pipeline.py --mode sync_trades --config C:\Users\USER\Documentos\Maestria\Mark-III\config\config_optimizado_20260513_152459.yaml
2026-06-10 01:52:52,795 | INFO | Riesgo sync_trades [aggressive_hybrid_v1_3_tp5_sl3]: open=0 break_even=0 partials=0 pending=0 last_signal=- last_action=-
2026-06-10 01:52:52,795 | INFO | Job 'sync_trades' completado.
2026-06-10 01:53:45,016 | INFO | Ejecutando job 'sync_trades' [aggressive_hybrid_v1_3_tp5_sl3]: C:\Users\USER\Documentos\Maestria\Mark-III\.venv\Scripts\python.exe main_pipeline.py --mode sync_trades --config C:\Users\USER\Documentos\Maestria\Mark-III\config\config_optimizado_20260513_152459.yaml
2026-06-10 01:53:53,645 | INFO | Riesgo sync_trades [aggressive_hybrid_v1_3_tp5_sl3]: open=0 break_even=0 partials=0 pending=0 last_signal=- last_action=-
2026-06-10 01:53:53,646 | INFO | Job 'sync_trades' completado.
2026-06-10 01:54:24,030 | INFO | Riesgo monitor_runtime [aggressive_hybrid_v1_3_tp5_sl3]: open=0 break_even=0 partials=0 pending=0 last_signal=- last_action=-
2026-06-10 01:54:45,016 | INFO | Ejecutando job 'sync_trades' [aggressive_hybrid_v1_3_tp5_sl3]: C:\Users\USER\Documentos\Maestria\Mark-III\.venv\Scripts\python.exe main_pipeline.py --mode sync_trades --config C:\Users\USER\Documentos\Maestria\Mark-III\config\config_optimizado_20260513_152459.yaml
2026-06-10 01:54:52,998 | INFO | Riesgo sync_trades [aggressive_hybrid_v1_3_tp5_sl3]: open=0 break_even=0 partials=0 pending=0 last_signal=- last_action=-
2026-06-10 01:54:52,999 | INFO | Job 'sync_trades' completado.
2026-06-10 01:55:45,014 | INFO | Ejecutando job 'sync_trades' [aggressive_hybrid_v1_3_tp5_sl3]: C:\Users\USER\Documentos\Maestria\Mark-III\.venv\Scripts\python.exe main_pipeline.py --mode sync_trades --config C:\Users\USER\Documentos\Maestria\Mark-III\config\config_optimizado_20260513_152459.yaml
2026-06-10 01:55:52,830 | INFO | Riesgo sync_trades [aggressive_hybrid_v1_3_tp5_sl3]: open=0 break_even=0 partials=0 pending=0 last_signal=- last_action=-
2026-06-10 01:55:52,830 | INFO | Job 'sync_trades' completado.
2026-06-10 01:56:15,103 | INFO | Ejecutando job 'production' [aggressive_hybrid_v1_3_tp5_sl3]: C:\Users\USER\Documentos\Maestria\Mark-III\.venv\Scripts\python.exe main_pipeline.py --mode production --config C:\Users\USER\Documentos\Maestria\Mark-III\config\config_optimizado_20260513_152459.yaml
2026-06-10 01:56:19,073 | INFO | Riesgo monitor_runtime [aggressive_hybrid_v1_3_tp5_sl3]: open=0 break_even=0 partials=0 pending=0 last_signal=- last_action=-
2026-06-10 01:56:31,876 | INFO | Señal production [aggressive_hybrid_v1_3_tp5_sl3]: ts=2026-06-10 09:55:00 signal=HOLD primary=SELL(0.694) filter=HOLD support=0.04749284870383748 pips=-2.879568378845827 reason=filter_hold_wait_candle_retrace entry=1.15518 sl=1.15559 tp=1.15473
2026-06-10 01:56:31,876 | INFO | Job 'production' completado.
2026-06-10 01:56:40,066 | INFO | Ejecutando job 'production' [aggressive_hybrid_v1_4_mid_r3_4p6b_hybrid_champion_fast]: C:\Users\USER\Documentos\Maestria\Mark-III\.venv\Scripts\python.exe main_pipeline.py --mode production --config C:\Users\USER\Documentos\Maestria\Mark-III\config\config_optimizado_20260603_075730.yaml
2026-06-10 01:56:45,031 | INFO | Ejecutando job 'sync_trades' [aggressive_hybrid_v1_3_tp5_sl3]: C:\Users\USER\Documentos\Maestria\Mark-III\.venv\Scripts\python.exe main_pipeline.py --mode sync_trades --config C:\Users\USER\Documentos\Maestria\Mark-III\config\config_optimizado_20260513_152459.yaml
2026-06-10 01:56:56,342 | INFO | Riesgo sync_trades [aggressive_hybrid_v1_3_tp5_sl3]: open=0 break_even=0 partials=0 pending=0 last_signal=- last_action=-
2026-06-10 01:56:56,343 | INFO | Job 'sync_trades' completado.
2026-06-10 01:56:58,139 | INFO | Señal production [aggressive_hybrid_v1_4_mid_r3_4p6b_hybrid_champion_fast]: ts=2026-06-10 09:55:00 signal=HOLD primary=HOLD(0.515) filter=HOLD support=0.0 pips=-0.7778243406856016 reason=signal_hold entry= sl= tp=
2026-06-10 01:56:58,139 | INFO | Job 'production' completado.
2026-06-10 01:57:45,025 | INFO | Ejecutando job 'sync_trades' [aggressive_hybrid_v1_3_tp5_sl3]: C:\Users\USER\Documentos\Maestria\Mark-III\.venv\Scripts\python.exe main_pipeline.py --mode sync_trades --config C:\Users\USER\Documentos\Maestria\Mark-III\config\config_optimizado_20260513_152459.yaml
2026-06-10 01:57:53,412 | INFO | Riesgo sync_trades [aggressive_hybrid_v1_3_tp5_sl3]: open=0 break_even=0 partials=0 pending=0 last_signal=- last_action=-
2026-06-10 01:57:53,413 | INFO | Job 'sync_trades' completado.
2026-06-10 01:58:20,070 | INFO | Riesgo monitor_runtime [aggressive_hybrid_v1_3_tp5_sl3]: open=0 break_even=0 partials=0 pending=0 last_signal=- last_action=-
2026-06-10 01:58:45,018 | INFO | Ejecutando job 'sync_trades' [aggressive_hybrid_v1_3_tp5_sl3]: C:\Users\USER\Documentos\Maestria\Mark-III\.venv\Scripts\python.exe main_pipeline.py --mode sync_trades --config C:\Users\USER\Documentos\Maestria\Mark-III\config\config_optimizado_20260513_152459.yaml
2026-06-10 01:59:07,405 | INFO | Riesgo sync_trades [aggressive_hybrid_v1_3_tp5_sl3]: open=0 break_even=0 partials=0 pending=0 last_signal=- last_action=-
2026-06-10 01:59:07,410 | INFO | Job 'sync_trades' completado.
2026-06-10 01:59:45,033 | INFO | Ejecutando job 'sync_trades' [aggressive_hybrid_v1_3_tp5_sl3]: C:\Users\USER\Documentos\Maestria\Mark-III\.venv\Scripts\python.exe main_pipeline.py --mode sync_trades --config C:\Users\USER\Documentos\Maestria\Mark-III\config\config_optimizado_20260513_152459.yaml
2026-06-10 01:59:54,500 | INFO | Riesgo sync_trades [aggressive_hybrid_v1_3_tp5_sl3]: open=0 break_even=0 partials=0 pending=0 last_signal=- last_action=-
2026-06-10 01:59:54,500 | INFO | Job 'sync_trades' completado.
2026-06-10 02:00:18,050 | INFO | Riesgo monitor_runtime [aggressive_hybrid_v1_3_tp5_sl3]: open=0 break_even=0 partials=0 pending=0 last_signal=- last_action=-
2026-06-10 02:00:45,024 | INFO | Ejecutando job 'sync_trades' [aggressive_hybrid_v1_3_tp5_sl3]: C:\Users\USER\Documentos\Maestria\Mark-III\.venv\Scripts\python.exe main_pipeline.py --mode sync_trades --config C:\Users\USER\Documentos\Maestria\Mark-III\config\config_optimizado_20260513_152459.yaml
2026-06-10 02:00:54,460 | INFO | Riesgo sync_trades [aggressive_hybrid_v1_3_tp5_sl3]: open=0 break_even=0 partials=0 pending=0 last_signal=- last_action=-
2026-06-10 02:00:54,461 | INFO | Job 'sync_trades' completado.
2026-06-10 02:01:15,091 | INFO | Ejecutando job 'production' [aggressive_hybrid_v1_3_tp5_sl3]: C:\Users\USER\Documentos\Maestria\Mark-III\.venv\Scripts\python.exe main_pipeline.py --mode production --config C:\Users\USER\Documentos\Maestria\Mark-III\config\config_optimizado_20260513_152459.yaml
2026-06-10 02:01:37,247 | INFO | Señal production [aggressive_hybrid_v1_3_tp5_sl3]: ts=2026-06-10 10:00:00 signal=SELL primary=SELL(0.860) filter=HOLD support=-0.21535958494535276 pips=-4.566455325130877 reason=confirmation_disabled entry=1.15477 sl=1.15518 tp=1.15431
2026-06-10 02:01:37,255 | INFO | Job 'production' completado.
2026-06-10 02:01:40,073 | INFO | Ejecutando job 'production' [aggressive_hybrid_v1_4_mid_r3_4p6b_hybrid_champion_fast]: C:\Users\USER\Documentos\Maestria\Mark-III\.venv\Scripts\python.exe main_pipeline.py --mode production --config C:\Users\USER\Documentos\Maestria\Mark-III\config\config_optimizado_20260603_075730.yaml
2026-06-10 02:01:45,022 | INFO | Ejecutando job 'sync_trades' [aggressive_hybrid_v1_3_tp5_sl3]: C:\Users\USER\Documentos\Maestria\Mark-III\.venv\Scripts\python.exe main_pipeline.py --mode sync_trades --config C:\Users\USER\Documentos\Maestria\Mark-III\config\config_optimizado_20260513_152459.yaml
2026-06-10 02:01:55,737 | INFO | Riesgo sync_trades [aggressive_hybrid_v1_3_tp5_sl3]: open=1 break_even=0 partials=0 pending=0 last_signal=2026-06-10 10:00:00 last_action=-
2026-06-10 02:01:55,739 | INFO | Job 'sync_trades' completado.
2026-06-10 02:01:59,769 | INFO | Señal production [aggressive_hybrid_v1_4_mid_r3_4p6b_hybrid_champion_fast]: ts=2026-06-10 10:00:00 signal=HOLD primary=HOLD(0.658) filter=BUY support=0.0 pips=-1.8130945295769134 reason=signal_hold entry= sl= tp=
2026-06-10 02:01:59,774 | INFO | Job 'production' completado.
2026-06-10 02:02:20,368 | INFO | Riesgo monitor_runtime [aggressive_hybrid_v1_3_tp5_sl3]: open=1 break_even=0 partials=0 pending=0 last_signal=2026-06-10 10:00:00 last_action=-
2026-06-10 02:02:45,029 | INFO | Ejecutando job 'sync_trades' [aggressive_hybrid_v1_3_tp5_sl3]: C:\Users\USER\Documentos\Maestria\Mark-III\.venv\Scripts\python.exe main_pipeline.py --mode sync_trades --config C:\Users\USER\Documentos\Maestria\Mark-III\config\config_optimizado_20260513_152459.yaml
2026-06-10 02:02:54,404 | INFO | Riesgo sync_trades [aggressive_hybrid_v1_3_tp5_sl3]: open=1 break_even=0 partials=0 pending=0 last_signal=2026-06-10 10:00:00 last_action=-
2026-06-10 02:02:54,405 | INFO | Job 'sync_trades' completado.
2026-06-10 02:03:45,022 | INFO | Ejecutando job 'sync_trades' [aggressive_hybrid_v1_3_tp5_sl3]: C:\Users\USER\Documentos\Maestria\Mark-III\.venv\Scripts\python.exe main_pipeline.py --mode sync_trades --config C:\Users\USER\Documentos\Maestria\Mark-III\config\config_optimizado_20260513_152459.yaml
2026-06-10 02:03:54,380 | INFO | Riesgo sync_trades [aggressive_hybrid_v1_3_tp5_sl3]: open=1 break_even=0 partials=0 pending=0 last_signal=2026-06-10 10:00:00 last_action=-
2026-06-10 02:03:54,380 | INFO | Job 'sync_trades' completado.
2026-06-10 02:04:19,807 | INFO | Riesgo monitor_runtime [aggressive_hybrid_v1_3_tp5_sl3]: open=1 break_even=0 partials=0 pending=0 last_signal=2026-06-10 10:00:00 last_action=-
2026-06-10 02:04:45,018 | INFO | Ejecutando job 'sync_trades' [aggressive_hybrid_v1_3_tp5_sl3]: C:\Users\USER\Documentos\Maestria\Mark-III\.venv\Scripts\python.exe main_pipeline.py --mode sync_trades --config C:\Users\USER\Documentos\Maestria\Mark-III\config\config_optimizado_20260513_152459.yaml
2026-06-10 02:04:54,639 | INFO | Riesgo sync_trades [aggressive_hybrid_v1_3_tp5_sl3]: open=1 break_even=0 partials=0 pending=0 last_signal=2026-06-10 10:00:00 last_action=-
2026-06-10 02:04:54,641 | INFO | Job 'sync_trades' completado.
2026-06-10 02:05:45,016 | INFO | Ejecutando job 'sync_trades' [aggressive_hybrid_v1_3_tp5_sl3]: C:\Users\USER\Documentos\Maestria\Mark-III\.venv\Scripts\python.exe main_pipeline.py --mode sync_trades --config C:\Users\USER\Documentos\Maestria\Mark-III\config\config_optimizado_20260513_152459.yaml
2026-06-10 02:05:54,282 | INFO | Riesgo sync_trades [aggressive_hybrid_v1_3_tp5_sl3]: open=1 break_even=0 partials=0 pending=0 last_signal=2026-06-10 10:00:00 last_action=-
2026-06-10 02:05:54,283 | INFO | Job 'sync_trades' completado.
2026-06-10 02:06:15,107 | INFO | Ejecutando job 'production' [aggressive_hybrid_v1_3_tp5_sl3]: C:\Users\USER\Documentos\Maestria\Mark-III\.venv\Scripts\python.exe main_pipeline.py --mode production --config C:\Users\USER\Documentos\Maestria\Mark-III\config\config_optimizado_20260513_152459.yaml
2026-06-10 02:06:20,694 | INFO | Riesgo monitor_runtime [aggressive_hybrid_v1_3_tp5_sl3]: open=0 break_even=0 partials=0 pending=0 last_signal=- last_action=-
2026-06-10 02:06:35,875 | INFO | Señal production [aggressive_hybrid_v1_3_tp5_sl3]: ts=2026-06-10 10:05:00 signal=HOLD primary=HOLD(0.482) filter=HOLD support=0.0 pips=-0.7186405193260549 reason=signal_hold entry= sl= tp=
2026-06-10 02:06:35,875 | INFO | Job 'production' completado.
2026-06-10 02:06:40,080 | INFO | Ejecutando job 'production' [aggressive_hybrid_v1_4_mid_r3_4p6b_hybrid_champion_fast]: C:\Users\USER\Documentos\Maestria\Mark-III\.venv\Scripts\python.exe main_pipeline.py --mode production --config C:\Users\USER\Documentos\Maestria\Mark-III\config\config_optimizado_20260603_075730.yaml
2026-06-10 02:06:45,021 | INFO | Ejecutando job 'sync_trades' [aggressive_hybrid_v1_3_tp5_sl3]: C:\Users\USER\Documentos\Maestria\Mark-III\.venv\Scripts\python.exe main_pipeline.py --mode sync_trades --config C:\Users\USER\Documentos\Maestria\Mark-III\config\config_optimizado_20260513_152459.yaml
2026-06-10 02:06:55,706 | INFO | Riesgo sync_trades [aggressive_hybrid_v1_3_tp5_sl3]: open=0 break_even=0 partials=0 pending=0 last_signal=- last_action=-
2026-06-10 02:06:55,707 | INFO | Job 'sync_trades' completado.
2026-06-10 02:06:58,784 | INFO | Señal production [aggressive_hybrid_v1_4_mid_r3_4p6b_hybrid_champion_fast]: ts=2026-06-10 10:05:00 signal=HOLD primary=HOLD(0.660) filter=HOLD support=0.0 pips=1.829478890851415 reason=signal_hold entry= sl= tp=
2026-06-10 02:06:58,791 | INFO | Job 'production' completado.
2026-06-10 02:07:45,014 | INFO | Ejecutando job 'sync_trades' [aggressive_hybrid_v1_3_tp5_sl3]: C:\Users\USER\Documentos\Maestria\Mark-III\.venv\Scripts\python.exe main_pipeline.py --mode sync_trades --config C:\Users\USER\Documentos\Maestria\Mark-III\config\config_optimizado_20260513_152459.yaml
2026-06-10 02:07:54,305 | INFO | Riesgo sync_trades [aggressive_hybrid_v1_3_tp5_sl3]: open=0 break_even=0 partials=0 pending=0 last_signal=- last_action=-
2026-06-10 02:07:54,306 | INFO | Job 'sync_trades' completado.
2026-06-10 02:08:19,114 | INFO | Riesgo monitor_runtime [aggressive_hybrid_v1_3_tp5_sl3]: open=0 break_even=0 partials=0 pending=0 last_signal=- last_action=-
2026-06-10 02:08:45,020 | INFO | Ejecutando job 'sync_trades' [aggressive_hybrid_v1_3_tp5_sl3]: C:\Users\USER\Documentos\Maestria\Mark-III\.venv\Scripts\python.exe main_pipeline.py --mode sync_trades --config C:\Users\USER\Documentos\Maestria\Mark-III\config\config_optimizado_20260513_152459.yaml
2026-06-10 02:08:54,716 | INFO | Riesgo sync_trades [aggressive_hybrid_v1_3_tp5_sl3]: open=0 break_even=0 partials=0 pending=0 last_signal=- last_action=-
2026-06-10 02:08:54,717 | INFO | Job 'sync_trades' completado.
2026-06-10 02:09:45,021 | INFO | Ejecutando job 'sync_trades' [aggressive_hybrid_v1_3_tp5_sl3]: C:\Users\USER\Documentos\Maestria\Mark-III\.venv\Scripts\python.exe main_pipeline.py --mode sync_trades --config C:\Users\USER\Documentos\Maestria\Mark-III\config\config_optimizado_20260513_152459.yaml
2026-06-10 02:09:54,490 | INFO | Riesgo sync_trades [aggressive_hybrid_v1_3_tp5_sl3]: open=0 break_even=0 partials=0 pending=0 last_signal=- last_action=-
2026-06-10 02:09:54,490 | INFO | Job 'sync_trades' completado.
2026-06-10 02:10:19,504 | INFO | Riesgo monitor_runtime [aggressive_hybrid_v1_3_tp5_sl3]: open=0 break_even=0 partials=0 pending=0 last_signal=- last_action=-
2026-06-10 02:10:45,021 | INFO | Ejecutando job 'sync_trades' [aggressive_hybrid_v1_3_tp5_sl3]: C:\Users\USER\Documentos\Maestria\Mark-III\.venv\Scripts\python.exe main_pipeline.py --mode sync_trades --config C:\Users\USER\Documentos\Maestria\Mark-III\config\config_optimizado_20260513_152459.yaml
2026-06-10 02:10:54,418 | INFO | Riesgo sync_trades [aggressive_hybrid_v1_3_tp5_sl3]: open=0 break_even=0 partials=0 pending=0 last_signal=- last_action=-
2026-06-10 02:10:54,419 | INFO | Job 'sync_trades' completado.
2026-06-10 02:11:15,102 | INFO | Ejecutando job 'production' [aggressive_hybrid_v1_3_tp5_sl3]: C:\Users\USER\Documentos\Maestria\Mark-III\.venv\Scripts\python.exe main_pipeline.py --mode production --config C:\Users\USER\Documentos\Maestria\Mark-III\config\config_optimizado_20260513_152459.yaml
2026-06-10 02:11:34,002 | INFO | Señal production [aggressive_hybrid_v1_3_tp5_sl3]: ts=2026-06-10 10:10:00 signal=HOLD primary=HOLD(0.579) filter=HOLD support=0.0 pips=1.7105879065022296 reason=signal_hold entry= sl= tp=
2026-06-10 02:11:34,002 | INFO | Job 'production' completado.
2026-06-10 02:11:40,074 | INFO | Ejecutando job 'production' [aggressive_hybrid_v1_4_mid_r3_4p6b_hybrid_champion_fast]: C:\Users\USER\Documentos\Maestria\Mark-III\.venv\Scripts\python.exe main_pipeline.py --mode production --config C:\Users\USER\Documentos\Maestria\Mark-III\config\config_optimizado_20260603_075730.yaml
2026-06-10 02:11:45,018 | INFO | Ejecutando job 'sync_trades' [aggressive_hybrid_v1_3_tp5_sl3]: C:\Users\USER\Documentos\Maestria\Mark-III\.venv\Scripts\python.exe main_pipeline.py --mode sync_trades --config C:\Users\USER\Documentos\Maestria\Mark-III\config\config_optimizado_20260513_152459.yaml
2026-06-10 02:11:55,865 | INFO | Riesgo sync_trades [aggressive_hybrid_v1_3_tp5_sl3]: open=0 break_even=0 partials=0 pending=0 last_signal=- last_action=-
2026-06-10 02:11:55,865 | INFO | Job 'sync_trades' completado.
2026-06-10 02:11:59,890 | INFO | Señal production [aggressive_hybrid_v1_4_mid_r3_4p6b_hybrid_champion_fast]: ts=2026-06-10 10:10:00 signal=HOLD primary=BUY(0.690) filter=HOLD support=0.34518689111695255 pips=2.0498879193962796 reason=filter_hold_wait_candle_retrace entry=1.1553 sl=1.15505 tp=1.15555
2026-06-10 02:11:59,890 | INFO | Job 'production' completado.
2026-06-10 02:12:20,117 | INFO | Riesgo monitor_runtime [aggressive_hybrid_v1_3_tp5_sl3]: open=0 break_even=0 partials=0 pending=0 last_signal=- last_action=-
2026-06-10 02:12:45,021 | INFO | Ejecutando job 'sync_trades' [aggressive_hybrid_v1_3_tp5_sl3]: C:\Users\USER\Documentos\Maestria\Mark-III\.venv\Scripts\python.exe main_pipeline.py --mode sync_trades --config C:\Users\USER\Documentos\Maestria\Mark-III\config\config_optimizado_20260513_152459.yaml
2026-06-10 02:12:54,453 | INFO | Riesgo sync_trades [aggressive_hybrid_v1_3_tp5_sl3]: open=0 break_even=0 partials=0 pending=0 last_signal=- last_action=-
2026-06-10 02:12:54,453 | INFO | Job 'sync_trades' completado.
2026-06-10 02:13:45,021 | INFO | Ejecutando job 'sync_trades' [aggressive_hybrid_v1_3_tp5_sl3]: C:\Users\USER\Documentos\Maestria\Mark-III\.venv\Scripts\python.exe main_pipeline.py --mode sync_trades --config C:\Users\USER\Documentos\Maestria\Mark-III\config\config_optimizado_20260513_152459.yaml
2026-06-10 02:13:54,892 | INFO | Riesgo sync_trades [aggressive_hybrid_v1_3_tp5_sl3]: open=0 break_even=0 partials=0 pending=0 last_signal=- last_action=-
2026-06-10 02:13:54,892 | INFO | Job 'sync_trades' completado.
2026-06-10 02:14:19,294 | INFO | Riesgo monitor_runtime [aggressive_hybrid_v1_3_tp5_sl3]: open=0 break_even=0 partials=0 pending=0 last_signal=- last_action=-
2026-06-10 02:14:45,020 | INFO | Ejecutando job 'sync_trades' [aggressive_hybrid_v1_3_tp5_sl3]: C:\Users\USER\Documentos\Maestria\Mark-III\.venv\Scripts\python.exe main_pipeline.py --mode sync_trades --config C:\Users\USER\Documentos\Maestria\Mark-III\config\config_optimizado_20260513_152459.yaml
2026-06-10 02:14:54,380 | INFO | Riesgo sync_trades [aggressive_hybrid_v1_3_tp5_sl3]: open=0 break_even=0 partials=0 pending=0 last_signal=- last_action=-
2026-06-10 02:14:54,380 | INFO | Job 'sync_trades' completado.
2026-06-10 02:15:45,025 | INFO | Ejecutando job 'sync_trades' [aggressive_hybrid_v1_3_tp5_sl3]: C:\Users\USER\Documentos\Maestria\Mark-III\.venv\Scripts\python.exe main_pipeline.py --mode sync_trades --config C:\Users\USER\Documentos\Maestria\Mark-III\config\config_optimizado_20260513_152459.yaml
2026-06-10 02:15:54,558 | INFO | Riesgo sync_trades [aggressive_hybrid_v1_3_tp5_sl3]: open=0 break_even=0 partials=0 pending=0 last_signal=- last_action=-
2026-06-10 02:15:54,559 | INFO | Job 'sync_trades' completado.
2026-06-10 02:16:15,095 | INFO | Ejecutando job 'production' [aggressive_hybrid_v1_3_tp5_sl3]: C:\Users\USER\Documentos\Maestria\Mark-III\.venv\Scripts\python.exe main_pipeline.py --mode production --config C:\Users\USER\Documentos\Maestria\Mark-III\config\config_optimizado_20260513_152459.yaml
2026-06-10 02:16:20,411 | INFO | Riesgo monitor_runtime [aggressive_hybrid_v1_3_tp5_sl3]: open=0 break_even=0 partials=0 pending=0 last_signal=- last_action=-
2026-06-10 02:16:35,092 | INFO | Señal production [aggressive_hybrid_v1_3_tp5_sl3]: ts=2026-06-10 10:15:00 signal=HOLD primary=BUY(0.961) filter=HOLD support=-0.15542966204810954 pips=6.780679793555732 reason=filter_hold_wait_candle_retrace entry=1.15575 sl=1.15525 tp=1.15643
2026-06-10 02:16:35,094 | INFO | Job 'production' completado.
2026-06-10 02:16:40,080 | INFO | Ejecutando job 'production' [aggressive_hybrid_v1_4_mid_r3_4p6b_hybrid_champion_fast]: C:\Users\USER\Documentos\Maestria\Mark-III\.venv\Scripts\python.exe main_pipeline.py --mode production --config C:\Users\USER\Documentos\Maestria\Mark-III\config\config_optimizado_20260603_075730.yaml
2026-06-10 02:16:45,018 | INFO | Ejecutando job 'sync_trades' [aggressive_hybrid_v1_3_tp5_sl3]: C:\Users\USER\Documentos\Maestria\Mark-III\.venv\Scripts\python.exe main_pipeline.py --mode sync_trades --config C:\Users\USER\Documentos\Maestria\Mark-III\config\config_optimizado_20260513_152459.yaml
2026-06-10 02:16:55,691 | INFO | Riesgo sync_trades [aggressive_hybrid_v1_3_tp5_sl3]: open=0 break_even=0 partials=0 pending=0 last_signal=- last_action=-
2026-06-10 02:16:55,692 | INFO | Job 'sync_trades' completado.
2026-06-10 02:16:59,914 | INFO | Señal production [aggressive_hybrid_v1_4_mid_r3_4p6b_hybrid_champion_fast]: ts=2026-06-10 10:15:00 signal=HOLD primary=BUY(0.928) filter=HOLD support=0.19077844517977965 pips=3.7749850334994948 reason=filter_hold_wait_candle_retrace entry=1.15573 sl=1.15541 tp=1.15611
2026-06-10 02:16:59,914 | INFO | Job 'production' completado.
2026-06-10 02:17:45,023 | INFO | Ejecutando job 'sync_trades' [aggressive_hybrid_v1_3_tp5_sl3]: C:\Users\USER\Documentos\Maestria\Mark-III\.venv\Scripts\python.exe main_pipeline.py --mode sync_trades --config C:\Users\USER\Documentos\Maestria\Mark-III\config\config_optimizado_20260513_152459.yaml
2026-06-10 02:17:54,481 | INFO | Riesgo sync_trades [aggressive_hybrid_v1_3_tp5_sl3]: open=0 break_even=0 partials=0 pending=0 last_signal=- last_action=-
2026-06-10 02:17:54,482 | INFO | Job 'sync_trades' completado.
2026-06-10 02:18:19,544 | INFO | Riesgo monitor_runtime [aggressive_hybrid_v1_3_tp5_sl3]: open=0 break_even=0 partials=0 pending=0 last_signal=- last_action=-
2026-06-10 02:18:45,018 | INFO | Ejecutando job 'sync_trades' [aggressive_hybrid_v1_3_tp5_sl3]: C:\Users\USER\Documentos\Maestria\Mark-III\.venv\Scripts\python.exe main_pipeline.py --mode sync_trades --config C:\Users\USER\Documentos\Maestria\Mark-III\config\config_optimizado_20260513_152459.yaml
2026-06-10 02:18:54,238 | INFO | Riesgo sync_trades [aggressive_hybrid_v1_3_tp5_sl3]: open=0 break_even=0 partials=0 pending=0 last_signal=- last_action=-
2026-06-10 02:18:54,239 | INFO | Job 'sync_trades' completado.
2026-06-10 02:19:45,019 | INFO | Ejecutando job 'sync_trades' [aggressive_hybrid_v1_3_tp5_sl3]: C:\Users\USER\Documentos\Maestria\Mark-III\.venv\Scripts\python.exe main_pipeline.py --mode sync_trades --config C:\Users\USER\Documentos\Maestria\Mark-III\config\config_optimizado_20260513_152459.yaml
2026-06-10 02:19:54,545 | INFO | Riesgo sync_trades [aggressive_hybrid_v1_3_tp5_sl3]: open=0 break_even=0 partials=0 pending=0 last_signal=- last_action=-
2026-06-10 02:19:54,545 | INFO | Job 'sync_trades' completado.
2026-06-10 02:20:19,431 | INFO | Riesgo monitor_runtime [aggressive_hybrid_v1_3_tp5_sl3]: open=0 break_even=0 partials=0 pending=0 last_signal=- last_action=-
2026-06-10 02:20:45,014 | INFO | Ejecutando job 'sync_trades' [aggressive_hybrid_v1_3_tp5_sl3]: C:\Users\USER\Documentos\Maestria\Mark-III\.venv\Scripts\python.exe main_pipeline.py --mode sync_trades --config C:\Users\USER\Documentos\Maestria\Mark-III\config\config_optimizado_20260513_152459.yaml
2026-06-10 02:20:54,554 | INFO | Riesgo sync_trades [aggressive_hybrid_v1_3_tp5_sl3]: open=0 break_even=0 partials=0 pending=0 last_signal=- last_action=-
2026-06-10 02:20:54,554 | INFO | Job 'sync_trades' completado.
2026-06-10 02:21:15,073 | INFO | Ejecutando job 'production' [aggressive_hybrid_v1_3_tp5_sl3]: C:\Users\USER\Documentos\Maestria\Mark-III\.venv\Scripts\python.exe main_pipeline.py --mode production --config C:\Users\USER\Documentos\Maestria\Mark-III\config\config_optimizado_20260513_152459.yaml
2026-06-10 02:21:34,880 | INFO | Señal production [aggressive_hybrid_v1_3_tp5_sl3]: ts=2026-06-10 10:20:00 signal=HOLD primary=BUY(0.961) filter=HOLD support=-0.0848288170420811 pips=5.835778387496071 reason=filter_hold_wait_candle_retrace entry=1.15578 sl=1.15528 tp=1.15636
2026-06-10 02:21:34,881 | INFO | Job 'production' completado.
2026-06-10 02:21:40,097 | INFO | Ejecutando job 'production' [aggressive_hybrid_v1_4_mid_r3_4p6b_hybrid_champion_fast]: C:\Users\USER\Documentos\Maestria\Mark-III\.venv\Scripts\python.exe main_pipeline.py --mode production --config C:\Users\USER\Documentos\Maestria\Mark-III\config\config_optimizado_20260603_075730.yaml
2026-06-10 02:21:45,014 | INFO | Ejecutando job 'sync_trades' [aggressive_hybrid_v1_3_tp5_sl3]: C:\Users\USER\Documentos\Maestria\Mark-III\.venv\Scripts\python.exe main_pipeline.py --mode sync_trades --config C:\Users\USER\Documentos\Maestria\Mark-III\config\config_optimizado_20260513_152459.yaml
2026-06-10 02:21:55,676 | INFO | Riesgo sync_trades [aggressive_hybrid_v1_3_tp5_sl3]: open=0 break_even=0 partials=0 pending=0 last_signal=- last_action=-
2026-06-10 02:21:55,677 | INFO | Job 'sync_trades' completado.
2026-06-10 02:21:58,690 | INFO | Señal production [aggressive_hybrid_v1_4_mid_r3_4p6b_hybrid_champion_fast]: ts=2026-06-10 10:20:00 signal=HOLD primary=HOLD(0.634) filter=HOLD support=0.0 pips=1.63672410628125 reason=signal_hold entry= sl= tp=
2026-06-10 02:21:58,693 | INFO | Job 'production' completado.
2026-06-10 02:22:21,494 | INFO | Riesgo monitor_runtime [aggressive_hybrid_v1_3_tp5_sl3]: open=0 break_even=0 partials=0 pending=0 last_signal=- last_action=-
2026-06-10 02:22:45,023 | INFO | Ejecutando job 'sync_trades' [aggressive_hybrid_v1_3_tp5_sl3]: C:\Users\USER\Documentos\Maestria\Mark-III\.venv\Scripts\python.exe main_pipeline.py --mode sync_trades --config C:\Users\USER\Documentos\Maestria\Mark-III\config\config_optimizado_20260513_152459.yaml
2026-06-10 02:22:55,172 | INFO | Riesgo sync_trades [aggressive_hybrid_v1_3_tp5_sl3]: open=0 break_even=0 partials=0 pending=0 last_signal=- last_action=-
2026-06-10 02:22:55,172 | INFO | Job 'sync_trades' completado.
2026-06-10 02:23:45,022 | INFO | Ejecutando job 'sync_trades' [aggressive_hybrid_v1_3_tp5_sl3]: C:\Users\USER\Documentos\Maestria\Mark-III\.venv\Scripts\python.exe main_pipeline.py --mode sync_trades --config C:\Users\USER\Documentos\Maestria\Mark-III\config\config_optimizado_20260513_152459.yaml
2026-06-10 02:23:54,892 | INFO | Riesgo sync_trades [aggressive_hybrid_v1_3_tp5_sl3]: open=0 break_even=0 partials=0 pending=0 last_signal=- last_action=-
2026-06-10 02:23:54,893 | INFO | Job 'sync_trades' completado.
2026-06-10 02:24:19,587 | INFO | Riesgo monitor_runtime [aggressive_hybrid_v1_3_tp5_sl3]: open=0 break_even=0 partials=0 pending=0 last_signal=- last_action=-
2026-06-10 02:24:45,022 | INFO | Ejecutando job 'sync_trades' [aggressive_hybrid_v1_3_tp5_sl3]: C:\Users\USER\Documentos\Maestria\Mark-III\.venv\Scripts\python.exe main_pipeline.py --mode sync_trades --config C:\Users\USER\Documentos\Maestria\Mark-III\config\config_optimizado_20260513_152459.yaml
2026-06-10 02:24:54,592 | INFO | Riesgo sync_trades [aggressive_hybrid_v1_3_tp5_sl3]: open=0 break_even=0 partials=0 pending=0 last_signal=- last_action=-
2026-06-10 02:24:54,593 | INFO | Job 'sync_trades' completado.
2026-06-10 02:25:45,024 | INFO | Ejecutando job 'sync_trades' [aggressive_hybrid_v1_3_tp5_sl3]: C:\Users\USER\Documentos\Maestria\Mark-III\.venv\Scripts\python.exe main_pipeline.py --mode sync_trades --config C:\Users\USER\Documentos\Maestria\Mark-III\config\config_optimizado_20260513_152459.yaml
2026-06-10 02:25:54,583 | INFO | Riesgo sync_trades [aggressive_hybrid_v1_3_tp5_sl3]: open=0 break_even=0 partials=0 pending=0 last_signal=- last_action=-
2026-06-10 02:25:54,584 | INFO | Job 'sync_trades' completado.
2026-06-10 02:26:15,113 | INFO | Ejecutando job 'production' [aggressive_hybrid_v1_3_tp5_sl3]: C:\Users\USER\Documentos\Maestria\Mark-III\.venv\Scripts\python.exe main_pipeline.py --mode production --config C:\Users\USER\Documentos\Maestria\Mark-III\config\config_optimizado_20260513_152459.yaml
2026-06-10 02:26:21,217 | INFO | Riesgo monitor_runtime [aggressive_hybrid_v1_3_tp5_sl3]: open=0 break_even=0 partials=0 pending=0 last_signal=- last_action=-
2026-06-10 02:26:38,529 | INFO | Señal production [aggressive_hybrid_v1_3_tp5_sl3]: ts=2026-06-10 10:25:00 signal=HOLD primary=HOLD(0.506) filter=HOLD support=0.0 pips=0.9697238311759268 reason=signal_hold entry= sl= tp=
2026-06-10 02:26:38,530 | INFO | Job 'production' completado.
2026-06-10 02:26:40,085 | INFO | Ejecutando job 'production' [aggressive_hybrid_v1_4_mid_r3_4p6b_hybrid_champion_fast]: C:\Users\USER\Documentos\Maestria\Mark-III\.venv\Scripts\python.exe main_pipeline.py --mode production --config C:\Users\USER\Documentos\Maestria\Mark-III\config\config_optimizado_20260603_075730.yaml
2026-06-10 02:26:45,026 | INFO | Ejecutando job 'sync_trades' [aggressive_hybrid_v1_3_tp5_sl3]: C:\Users\USER\Documentos\Maestria\Mark-III\.venv\Scripts\python.exe main_pipeline.py --mode sync_trades --config C:\Users\USER\Documentos\Maestria\Mark-III\config\config_optimizado_20260513_152459.yaml
2026-06-10 02:26:55,716 | INFO | Riesgo sync_trades [aggressive_hybrid_v1_3_tp5_sl3]: open=0 break_even=0 partials=0 pending=0 last_signal=- last_action=-
2026-06-10 02:26:55,717 | INFO | Job 'sync_trades' completado.
2026-06-10 02:26:59,603 | INFO | Señal production [aggressive_hybrid_v1_4_mid_r3_4p6b_hybrid_champion_fast]: ts=2026-06-10 10:25:00 signal=HOLD primary=SELL(0.759) filter=HOLD support=-0.14321135480966707 pips=-2.549987682098715 reason=filter_hold_wait_candle_retrace entry=1.15529 sl=1.15554 tp=1.15504
2026-06-10 02:26:59,603 | INFO | Job 'production' completado.
2026-06-10 02:27:45,023 | INFO | Ejecutando job 'sync_trades' [aggressive_hybrid_v1_3_tp5_sl3]: C:\Users\USER\Documentos\Maestria\Mark-III\.venv\Scripts\python.exe main_pipeline.py --mode sync_trades --config C:\Users\USER\Documentos\Maestria\Mark-III\config\config_optimizado_20260513_152459.yaml
2026-06-10 02:27:54,421 | INFO | Riesgo sync_trades [aggressive_hybrid_v1_3_tp5_sl3]: open=0 break_even=0 partials=0 pending=0 last_signal=- last_action=-
2026-06-10 02:27:54,422 | INFO | Job 'sync_trades' completado.
2026-06-10 02:28:19,269 | INFO | Riesgo monitor_runtime [aggressive_hybrid_v1_3_tp5_sl3]: open=0 break_even=0 partials=0 pending=0 last_signal=- last_action=-
2026-06-10 02:28:45,024 | INFO | Ejecutando job 'sync_trades' [aggressive_hybrid_v1_3_tp5_sl3]: C:\Users\USER\Documentos\Maestria\Mark-III\.venv\Scripts\python.exe main_pipeline.py --mode sync_trades --config C:\Users\USER\Documentos\Maestria\Mark-III\config\config_optimizado_20260513_152459.yaml
2026-06-10 02:28:54,674 | INFO | Riesgo sync_trades [aggressive_hybrid_v1_3_tp5_sl3]: open=0 break_even=0 partials=0 pending=0 last_signal=- last_action=-
2026-06-10 02:28:54,675 | INFO | Job 'sync_trades' completado.
2026-06-10 02:29:45,024 | INFO | Ejecutando job 'sync_trades' [aggressive_hybrid_v1_3_tp5_sl3]: C:\Users\USER\Documentos\Maestria\Mark-III\.venv\Scripts\python.exe main_pipeline.py --mode sync_trades --config C:\Users\USER\Documentos\Maestria\Mark-III\config\config_optimizado_20260513_152459.yaml
2026-06-10 02:29:54,652 | INFO | Riesgo sync_trades [aggressive_hybrid_v1_3_tp5_sl3]: open=0 break_even=0 partials=0 pending=0 last_signal=- last_action=-
2026-06-10 02:29:54,652 | INFO | Job 'sync_trades' completado.
2026-06-10 02:30:19,585 | INFO | Riesgo monitor_runtime [aggressive_hybrid_v1_3_tp5_sl3]: open=0 break_even=0 partials=0 pending=0 last_signal=- last_action=-
2026-06-10 02:30:45,021 | INFO | Ejecutando job 'sync_trades' [aggressive_hybrid_v1_3_tp5_sl3]: C:\Users\USER\Documentos\Maestria\Mark-III\.venv\Scripts\python.exe main_pipeline.py --mode sync_trades --config C:\Users\USER\Documentos\Maestria\Mark-III\config\config_optimizado_20260513_152459.yaml
2026-06-10 02:30:54,742 | INFO | Riesgo sync_trades [aggressive_hybrid_v1_3_tp5_sl3]: open=0 break_even=0 partials=0 pending=0 last_signal=- last_action=-
2026-06-10 02:30:54,745 | INFO | Job 'sync_trades' completado.
2026-06-10 02:31:15,104 | INFO | Ejecutando job 'production' [aggressive_hybrid_v1_3_tp5_sl3]: C:\Users\USER\Documentos\Maestria\Mark-III\.venv\Scripts\python.exe main_pipeline.py --mode production --config C:\Users\USER\Documentos\Maestria\Mark-III\config\config_optimizado_20260513_152459.yaml
2026-06-10 02:31:34,351 | INFO | Señal production [aggressive_hybrid_v1_3_tp5_sl3]: ts=2026-06-10 10:30:00 signal=HOLD primary=HOLD(0.679) filter=HOLD support=0.0 pips=-2.725260498844585 reason=signal_hold entry= sl= tp=
2026-06-10 02:31:34,352 | INFO | Job 'production' completado.
2026-06-10 02:31:40,066 | INFO | Ejecutando job 'production' [aggressive_hybrid_v1_4_mid_r3_4p6b_hybrid_champion_fast]: C:\Users\USER\Documentos\Maestria\Mark-III\.venv\Scripts\python.exe main_pipeline.py --mode production --config C:\Users\USER\Documentos\Maestria\Mark-III\config\config_optimizado_20260603_075730.yaml
2026-06-10 02:31:45,022 | INFO | Ejecutando job 'sync_trades' [aggressive_hybrid_v1_3_tp5_sl3]: C:\Users\USER\Documentos\Maestria\Mark-III\.venv\Scripts\python.exe main_pipeline.py --mode sync_trades --config C:\Users\USER\Documentos\Maestria\Mark-III\config\config_optimizado_20260513_152459.yaml
2026-06-10 02:31:57,640 | INFO | Riesgo sync_trades [aggressive_hybrid_v1_3_tp5_sl3]: open=0 break_even=0 partials=0 pending=0 last_signal=- last_action=-
2026-06-10 02:31:57,667 | INFO | Job 'sync_trades' completado.
2026-06-10 02:32:00,915 | INFO | Señal production [aggressive_hybrid_v1_4_mid_r3_4p6b_hybrid_champion_fast]: ts=2026-06-10 10:30:00 signal=HOLD primary=SELL(0.699) filter=HOLD support=-0.20220825994070332 pips=-2.114582097905505 reason=filter_hold_wait_candle_retrace entry=1.15544 sl=1.15569 tp=1.15519
2026-06-10 02:32:00,917 | INFO | Job 'production' completado.
2026-06-10 02:32:20,544 | INFO | Riesgo monitor_runtime [aggressive_hybrid_v1_3_tp5_sl3]: open=0 break_even=0 partials=0 pending=0 last_signal=- last_action=-
2026-06-10 02:32:45,024 | INFO | Ejecutando job 'sync_trades' [aggressive_hybrid_v1_3_tp5_sl3]: C:\Users\USER\Documentos\Maestria\Mark-III\.venv\Scripts\python.exe main_pipeline.py --mode sync_trades --config C:\Users\USER\Documentos\Maestria\Mark-III\config\config_optimizado_20260513_152459.yaml
2026-06-10 02:32:54,240 | INFO | Riesgo sync_trades [aggressive_hybrid_v1_3_tp5_sl3]: open=0 break_even=0 partials=0 pending=0 last_signal=- last_action=-
2026-06-10 02:32:54,240 | INFO | Job 'sync_trades' completado.
2026-06-10 02:33:45,023 | INFO | Ejecutando job 'sync_trades' [aggressive_hybrid_v1_3_tp5_sl3]: C:\Users\USER\Documentos\Maestria\Mark-III\.venv\Scripts\python.exe main_pipeline.py --mode sync_trades --config C:\Users\USER\Documentos\Maestria\Mark-III\config\config_optimizado_20260513_152459.yaml
2026-06-10 02:33:52,709 | INFO | Riesgo sync_trades [aggressive_hybrid_v1_3_tp5_sl3]: open=0 break_even=0 partials=0 pending=0 last_signal=- last_action=-
2026-06-10 02:33:52,710 | INFO | Job 'sync_trades' completado.
2026-06-10 02:34:14,692 | INFO | Riesgo monitor_runtime [aggressive_hybrid_v1_3_tp5_sl3]: open=0 break_even=0 partials=0 pending=0 last_signal=- last_action=-
2026-06-10 02:34:45,024 | INFO | Ejecutando job 'sync_trades' [aggressive_hybrid_v1_3_tp5_sl3]: C:\Users\USER\Documentos\Maestria\Mark-III\.venv\Scripts\python.exe main_pipeline.py --mode sync_trades --config C:\Users\USER\Documentos\Maestria\Mark-III\config\config_optimizado_20260513_152459.yaml
2026-06-10 02:34:50,519 | INFO | Riesgo sync_trades [aggressive_hybrid_v1_3_tp5_sl3]: open=0 break_even=0 partials=0 pending=0 last_signal=- last_action=-
2026-06-10 02:34:50,519 | INFO | Job 'sync_trades' completado.
2026-06-10 02:35:45,020 | INFO | Ejecutando job 'sync_trades' [aggressive_hybrid_v1_3_tp5_sl3]: C:\Users\USER\Documentos\Maestria\Mark-III\.venv\Scripts\python.exe main_pipeline.py --mode sync_trades --config C:\Users\USER\Documentos\Maestria\Mark-III\config\config_optimizado_20260513_152459.yaml
2026-06-10 02:35:51,001 | INFO | Riesgo sync_trades [aggressive_hybrid_v1_3_tp5_sl3]: open=0 break_even=0 partials=0 pending=0 last_signal=- last_action=-
2026-06-10 02:35:51,002 | INFO | Job 'sync_trades' completado.
2026-06-10 02:36:14,793 | INFO | Riesgo monitor_runtime [aggressive_hybrid_v1_3_tp5_sl3]: open=0 break_even=0 partials=0 pending=0 last_signal=- last_action=-
2026-06-10 02:36:15,075 | INFO | Ejecutando job 'production' [aggressive_hybrid_v1_3_tp5_sl3]: C:\Users\USER\Documentos\Maestria\Mark-III\.venv\Scripts\python.exe main_pipeline.py --mode production --config C:\Users\USER\Documentos\Maestria\Mark-III\config\config_optimizado_20260513_152459.yaml
2026-06-10 02:36:26,488 | INFO | Señal production [aggressive_hybrid_v1_3_tp5_sl3]: ts=2026-06-10 10:35:00 signal=SELL primary=SELL(0.768) filter=HOLD support=0.07638477392993985 pips=-3.6315986164788217 reason=confirmation_disabled entry=1.1553 sl=1.1557 tp=1.15485
2026-06-10 02:36:26,488 | INFO | Job 'production' completado.
2026-06-10 02:36:40,058 | INFO | Ejecutando job 'production' [aggressive_hybrid_v1_4_mid_r3_4p6b_hybrid_champion_fast]: C:\Users\USER\Documentos\Maestria\Mark-III\.venv\Scripts\python.exe main_pipeline.py --mode production --config C:\Users\USER\Documentos\Maestria\Mark-III\config\config_optimizado_20260603_075730.yaml
2026-06-10 02:36:45,015 | INFO | Ejecutando job 'sync_trades' [aggressive_hybrid_v1_3_tp5_sl3]: C:\Users\USER\Documentos\Maestria\Mark-III\.venv\Scripts\python.exe main_pipeline.py --mode sync_trades --config C:\Users\USER\Documentos\Maestria\Mark-III\config\config_optimizado_20260513_152459.yaml
2026-06-10 02:36:52,090 | INFO | Señal production [aggressive_hybrid_v1_4_mid_r3_4p6b_hybrid_champion_fast]: ts=2026-06-10 10:35:00 signal=HOLD primary=HOLD(0.460) filter=HOLD support=0.0 pips=0.37662721318338643 reason=signal_hold entry= sl= tp=
2026-06-10 02:36:52,091 | INFO | Job 'production' completado.
2026-06-10 02:36:52,307 | INFO | Riesgo sync_trades [aggressive_hybrid_v1_3_tp5_sl3]: open=1 break_even=0 partials=0 pending=0 last_signal=2026-06-10 10:35:00 last_action=-
2026-06-10 02:36:52,307 | INFO | Job 'sync_trades' completado.
2026-06-10 02:37:45,021 | INFO | Ejecutando job 'sync_trades' [aggressive_hybrid_v1_3_tp5_sl3]: C:\Users\USER\Documentos\Maestria\Mark-III\.venv\Scripts\python.exe main_pipeline.py --mode sync_trades --config C:\Users\USER\Documentos\Maestria\Mark-III\config\config_optimizado_20260513_152459.yaml
2026-06-10 02:37:50,327 | INFO | Riesgo sync_trades [aggressive_hybrid_v1_3_tp5_sl3]: open=1 break_even=0 partials=0 pending=0 last_signal=2026-06-10 10:35:00 last_action=-
2026-06-10 02:37:50,327 | INFO | Job 'sync_trades' completado.
2026-06-10 02:38:13,907 | INFO | Riesgo monitor_runtime [aggressive_hybrid_v1_3_tp5_sl3]: open=1 break_even=0 partials=0 pending=0 last_signal=2026-06-10 10:35:00 last_action=-
2026-06-10 02:38:45,026 | INFO | Ejecutando job 'sync_trades' [aggressive_hybrid_v1_3_tp5_sl3]: C:\Users\USER\Documentos\Maestria\Mark-III\.venv\Scripts\python.exe main_pipeline.py --mode sync_trades --config C:\Users\USER\Documentos\Maestria\Mark-III\config\config_optimizado_20260513_152459.yaml
2026-06-10 02:38:50,306 | INFO | Riesgo sync_trades [aggressive_hybrid_v1_3_tp5_sl3]: open=1 break_even=0 partials=0 pending=0 last_signal=2026-06-10 10:35:00 last_action=-
2026-06-10 02:38:50,306 | INFO | Job 'sync_trades' completado.
2026-06-10 02:39:45,027 | INFO | Ejecutando job 'sync_trades' [aggressive_hybrid_v1_3_tp5_sl3]: C:\Users\USER\Documentos\Maestria\Mark-III\.venv\Scripts\python.exe main_pipeline.py --mode sync_trades --config C:\Users\USER\Documentos\Maestria\Mark-III\config\config_optimizado_20260513_152459.yaml
2026-06-10 02:39:50,573 | INFO | Riesgo sync_trades [aggressive_hybrid_v1_3_tp5_sl3]: open=1 break_even=0 partials=0 pending=0 last_signal=2026-06-10 10:35:00 last_action=-
2026-06-10 02:39:50,573 | INFO | Job 'sync_trades' completado.
2026-06-10 02:40:14,086 | INFO | Riesgo monitor_runtime [aggressive_hybrid_v1_3_tp5_sl3]: open=1 break_even=0 partials=0 pending=0 last_signal=2026-06-10 10:35:00 last_action=-
2026-06-10 02:40:45,020 | INFO | Ejecutando job 'sync_trades' [aggressive_hybrid_v1_3_tp5_sl3]: C:\Users\USER\Documentos\Maestria\Mark-III\.venv\Scripts\python.exe main_pipeline.py --mode sync_trades --config C:\Users\USER\Documentos\Maestria\Mark-III\config\config_optimizado_20260513_152459.yaml
2026-06-10 02:40:50,285 | INFO | Riesgo sync_trades [aggressive_hybrid_v1_3_tp5_sl3]: open=1 break_even=0 partials=0 pending=0 last_signal=2026-06-10 10:35:00 last_action=-
2026-06-10 02:40:50,285 | INFO | Job 'sync_trades' completado.
2026-06-10 02:41:15,053 | INFO | Ejecutando job 'production' [aggressive_hybrid_v1_3_tp5_sl3]: C:\Users\USER\Documentos\Maestria\Mark-III\.venv\Scripts\python.exe main_pipeline.py --mode production --config C:\Users\USER\Documentos\Maestria\Mark-III\config\config_optimizado_20260513_152459.yaml
2026-06-10 02:41:25,916 | INFO | Señal production [aggressive_hybrid_v1_3_tp5_sl3]: ts=2026-06-10 10:40:00 signal=HOLD primary=HOLD(0.669) filter=HOLD support=0.0 pips=-2.6227486506930853 reason=signal_hold entry= sl= tp=
2026-06-10 02:41:25,916 | INFO | Job 'production' completado.
2026-06-10 02:41:40,047 | INFO | Ejecutando job 'production' [aggressive_hybrid_v1_4_mid_r3_4p6b_hybrid_champion_fast]: C:\Users\USER\Documentos\Maestria\Mark-III\.venv\Scripts\python.exe main_pipeline.py --mode production --config C:\Users\USER\Documentos\Maestria\Mark-III\config\config_optimizado_20260603_075730.yaml
2026-06-10 02:41:45,022 | INFO | Ejecutando job 'sync_trades' [aggressive_hybrid_v1_3_tp5_sl3]: C:\Users\USER\Documentos\Maestria\Mark-III\.venv\Scripts\python.exe main_pipeline.py --mode sync_trades --config C:\Users\USER\Documentos\Maestria\Mark-III\config\config_optimizado_20260513_152459.yaml
2026-06-10 02:41:51,421 | INFO | Señal production [aggressive_hybrid_v1_4_mid_r3_4p6b_hybrid_champion_fast]: ts=2026-06-10 10:40:00 signal=HOLD primary=HOLD(0.543) filter=HOLD support=0.0 pips=0.9776074193822871 reason=signal_hold entry= sl= tp=
2026-06-10 02:41:51,421 | INFO | Job 'production' completado.
2026-06-10 02:41:52,099 | INFO | Riesgo sync_trades [aggressive_hybrid_v1_3_tp5_sl3]: open=1 break_even=0 partials=0 pending=0 last_signal=2026-06-10 10:35:00 last_action=-
2026-06-10 02:41:52,100 | INFO | Job 'sync_trades' completado.
2026-06-10 02:42:14,075 | INFO | Riesgo monitor_runtime [aggressive_hybrid_v1_3_tp5_sl3]: open=1 break_even=0 partials=0 pending=0 last_signal=2026-06-10 10:35:00 last_action=-
2026-06-10 02:42:45,017 | INFO | Ejecutando job 'sync_trades' [aggressive_hybrid_v1_3_tp5_sl3]: C:\Users\USER\Documentos\Maestria\Mark-III\.venv\Scripts\python.exe main_pipeline.py --mode sync_trades --config C:\Users\USER\Documentos\Maestria\Mark-III\config\config_optimizado_20260513_152459.yaml
2026-06-10 02:42:50,282 | INFO | Riesgo sync_trades [aggressive_hybrid_v1_3_tp5_sl3]: open=1 break_even=0 partials=0 pending=0 last_signal=2026-06-10 10:35:00 last_action=-
2026-06-10 02:42:50,282 | INFO | Job 'sync_trades' completado.
2026-06-10 02:43:45,018 | INFO | Ejecutando job 'sync_trades' [aggressive_hybrid_v1_3_tp5_sl3]: C:\Users\USER\Documentos\Maestria\Mark-III\.venv\Scripts\python.exe main_pipeline.py --mode sync_trades --config C:\Users\USER\Documentos\Maestria\Mark-III\config\config_optimizado_20260513_152459.yaml
2026-06-10 02:43:50,265 | INFO | Riesgo sync_trades [aggressive_hybrid_v1_3_tp5_sl3]: open=1 break_even=0 partials=0 pending=0 last_signal=2026-06-10 10:35:00 last_action=-
2026-06-10 02:43:50,266 | INFO | Job 'sync_trades' completado.
2026-06-10 02:44:14,179 | INFO | Riesgo monitor_runtime [aggressive_hybrid_v1_3_tp5_sl3]: open=1 break_even=0 partials=0 pending=0 last_signal=2026-06-10 10:35:00 last_action=-
2026-06-10 02:44:45,026 | INFO | Ejecutando job 'sync_trades' [aggressive_hybrid_v1_3_tp5_sl3]: C:\Users\USER\Documentos\Maestria\Mark-III\.venv\Scripts\python.exe main_pipeline.py --mode sync_trades --config C:\Users\USER\Documentos\Maestria\Mark-III\config\config_optimizado_20260513_152459.yaml
2026-06-10 02:44:50,551 | INFO | Riesgo sync_trades [aggressive_hybrid_v1_3_tp5_sl3]: open=1 break_even=0 partials=0 pending=0 last_signal=2026-06-10 10:35:00 last_action=-
2026-06-10 02:44:50,551 | INFO | Job 'sync_trades' completado.
2026-06-10 02:45:45,028 | INFO | Ejecutando job 'sync_trades' [aggressive_hybrid_v1_3_tp5_sl3]: C:\Users\USER\Documentos\Maestria\Mark-III\.venv\Scripts\python.exe main_pipeline.py --mode sync_trades --config C:\Users\USER\Documentos\Maestria\Mark-III\config\config_optimizado_20260513_152459.yaml
2026-06-10 02:45:50,299 | INFO | Riesgo sync_trades [aggressive_hybrid_v1_3_tp5_sl3]: open=1 break_even=0 partials=0 pending=0 last_signal=2026-06-10 10:35:00 last_action=-
2026-06-10 02:45:50,300 | INFO | Job 'sync_trades' completado.
2026-06-10 02:46:14,316 | INFO | Riesgo monitor_runtime [aggressive_hybrid_v1_3_tp5_sl3]: open=1 break_even=0 partials=0 pending=0 last_signal=2026-06-10 10:35:00 last_action=-
2026-06-10 02:46:15,063 | INFO | Ejecutando job 'production' [aggressive_hybrid_v1_3_tp5_sl3]: C:\Users\USER\Documentos\Maestria\Mark-III\.venv\Scripts\python.exe main_pipeline.py --mode production --config C:\Users\USER\Documentos\Maestria\Mark-III\config\config_optimizado_20260513_152459.yaml
2026-06-10 02:46:25,484 | INFO | Señal production [aggressive_hybrid_v1_3_tp5_sl3]: ts=2026-06-10 10:45:00 signal=HOLD primary=HOLD(0.469) filter=HOLD support=0.0 pips=0.5929838619232157 reason=signal_hold entry= sl= tp=
2026-06-10 02:46:25,484 | INFO | Job 'production' completado.
2026-06-10 02:46:40,063 | INFO | Ejecutando job 'production' [aggressive_hybrid_v1_4_mid_r3_4p6b_hybrid_champion_fast]: C:\Users\USER\Documentos\Maestria\Mark-III\.venv\Scripts\python.exe main_pipeline.py --mode production --config C:\Users\USER\Documentos\Maestria\Mark-III\config\config_optimizado_20260603_075730.yaml
2026-06-10 02:46:45,022 | INFO | Ejecutando job 'sync_trades' [aggressive_hybrid_v1_3_tp5_sl3]: C:\Users\USER\Documentos\Maestria\Mark-III\.venv\Scripts\python.exe main_pipeline.py --mode sync_trades --config C:\Users\USER\Documentos\Maestria\Mark-III\config\config_optimizado_20260513_152459.yaml
2026-06-10 02:46:51,521 | INFO | Señal production [aggressive_hybrid_v1_4_mid_r3_4p6b_hybrid_champion_fast]: ts=2026-06-10 10:45:00 signal=HOLD primary=HOLD(0.423) filter=HOLD support=0.0 pips=-0.10896287304420586 reason=signal_hold entry= sl= tp=
2026-06-10 02:46:51,522 | INFO | Job 'production' completado.
2026-06-10 02:46:51,930 | INFO | Riesgo sync_trades [aggressive_hybrid_v1_3_tp5_sl3]: open=1 break_even=0 partials=0 pending=0 last_signal=2026-06-10 10:35:00 last_action=-
2026-06-10 02:46:51,931 | INFO | Job 'sync_trades' completado.
2026-06-10 02:47:45,021 | INFO | Ejecutando job 'sync_trades' [aggressive_hybrid_v1_3_tp5_sl3]: C:\Users\USER\Documentos\Maestria\Mark-III\.venv\Scripts\python.exe main_pipeline.py --mode sync_trades --config C:\Users\USER\Documentos\Maestria\Mark-III\config\config_optimizado_20260513_152459.yaml
2026-06-10 02:47:50,489 | INFO | Riesgo sync_trades [aggressive_hybrid_v1_3_tp5_sl3]: open=1 break_even=0 partials=0 pending=0 last_signal=2026-06-10 10:35:00 last_action=-
2026-06-10 02:47:50,489 | INFO | Job 'sync_trades' completado.
2026-06-10 02:48:13,860 | INFO | Riesgo monitor_runtime [aggressive_hybrid_v1_3_tp5_sl3]: open=1 break_even=0 partials=0 pending=0 last_signal=2026-06-10 10:35:00 last_action=-
2026-06-10 02:48:45,016 | INFO | Ejecutando job 'sync_trades' [aggressive_hybrid_v1_3_tp5_sl3]: C:\Users\USER\Documentos\Maestria\Mark-III\.venv\Scripts\python.exe main_pipeline.py --mode sync_trades --config C:\Users\USER\Documentos\Maestria\Mark-III\config\config_optimizado_20260513_152459.yaml
2026-06-10 02:48:50,354 | INFO | Riesgo sync_trades [aggressive_hybrid_v1_3_tp5_sl3]: open=1 break_even=0 partials=0 pending=0 last_signal=2026-06-10 10:35:00 last_action=-
2026-06-10 02:48:50,354 | INFO | Job 'sync_trades' completado.
2026-06-10 02:49:45,024 | INFO | Ejecutando job 'sync_trades' [aggressive_hybrid_v1_3_tp5_sl3]: C:\Users\USER\Documentos\Maestria\Mark-III\.venv\Scripts\python.exe main_pipeline.py --mode sync_trades --config C:\Users\USER\Documentos\Maestria\Mark-III\config\config_optimizado_20260513_152459.yaml
2026-06-10 02:49:50,497 | INFO | Riesgo sync_trades [aggressive_hybrid_v1_3_tp5_sl3]: open=1 break_even=0 partials=0 pending=0 last_signal=2026-06-10 10:35:00 last_action=-
2026-06-10 02:49:50,498 | INFO | Job 'sync_trades' completado.
2026-06-10 02:50:14,081 | INFO | Riesgo monitor_runtime [aggressive_hybrid_v1_3_tp5_sl3]: open=1 break_even=0 partials=0 pending=0 last_signal=2026-06-10 10:35:00 last_action=-
2026-06-10 02:50:45,030 | INFO | Ejecutando job 'sync_trades' [aggressive_hybrid_v1_3_tp5_sl3]: C:\Users\USER\Documentos\Maestria\Mark-III\.venv\Scripts\python.exe main_pipeline.py --mode sync_trades --config C:\Users\USER\Documentos\Maestria\Mark-III\config\config_optimizado_20260513_152459.yaml
2026-06-10 02:50:50,366 | INFO | Riesgo sync_trades [aggressive_hybrid_v1_3_tp5_sl3]: open=1 break_even=0 partials=0 pending=0 last_signal=2026-06-10 10:35:00 last_action=-
2026-06-10 02:50:50,367 | INFO | Job 'sync_trades' completado.
2026-06-10 02:51:15,060 | INFO | Ejecutando job 'production' [aggressive_hybrid_v1_3_tp5_sl3]: C:\Users\USER\Documentos\Maestria\Mark-III\.venv\Scripts\python.exe main_pipeline.py --mode production --config C:\Users\USER\Documentos\Maestria\Mark-III\config\config_optimizado_20260513_152459.yaml
2026-06-10 02:51:25,872 | INFO | Señal production [aggressive_hybrid_v1_3_tp5_sl3]: ts=2026-06-10 10:50:00 signal=HOLD primary=HOLD(0.450) filter=HOLD support=0.0 pips=0.3974935346949443 reason=signal_hold entry= sl= tp=
2026-06-10 02:51:25,872 | INFO | Job 'production' completado.
2026-06-10 02:51:40,054 | INFO | Ejecutando job 'production' [aggressive_hybrid_v1_4_mid_r3_4p6b_hybrid_champion_fast]: C:\Users\USER\Documentos\Maestria\Mark-III\.venv\Scripts\python.exe main_pipeline.py --mode production --config C:\Users\USER\Documentos\Maestria\Mark-III\config\config_optimizado_20260603_075730.yaml
2026-06-10 02:51:45,020 | INFO | Ejecutando job 'sync_trades' [aggressive_hybrid_v1_3_tp5_sl3]: C:\Users\USER\Documentos\Maestria\Mark-III\.venv\Scripts\python.exe main_pipeline.py --mode sync_trades --config C:\Users\USER\Documentos\Maestria\Mark-III\config\config_optimizado_20260513_152459.yaml
2026-06-10 02:51:51,789 | INFO | Señal production [aggressive_hybrid_v1_4_mid_r3_4p6b_hybrid_champion_fast]: ts=2026-06-10 10:50:00 signal=HOLD primary=HOLD(0.503) filter=HOLD support=0.0 pips=-0.6904626106802939 reason=signal_hold entry= sl= tp=
2026-06-10 02:51:51,790 | INFO | Job 'production' completado.
2026-06-10 02:51:52,320 | INFO | Riesgo sync_trades [aggressive_hybrid_v1_3_tp5_sl3]: open=1 break_even=0 partials=0 pending=0 last_signal=2026-06-10 10:35:00 last_action=-
2026-06-10 02:51:52,320 | INFO | Job 'sync_trades' completado.
2026-06-10 02:52:14,473 | INFO | Riesgo monitor_runtime [aggressive_hybrid_v1_3_tp5_sl3]: open=1 break_even=0 partials=0 pending=0 last_signal=2026-06-10 10:35:00 last_action=-
2026-06-10 02:52:45,028 | INFO | Ejecutando job 'sync_trades' [aggressive_hybrid_v1_3_tp5_sl3]: C:\Users\USER\Documentos\Maestria\Mark-III\.venv\Scripts\python.exe main_pipeline.py --mode sync_trades --config C:\Users\USER\Documentos\Maestria\Mark-III\config\config_optimizado_20260513_152459.yaml
2026-06-10 02:52:50,726 | INFO | Riesgo sync_trades [aggressive_hybrid_v1_3_tp5_sl3]: open=1 break_even=0 partials=0 pending=0 last_signal=2026-06-10 10:35:00 last_action=-
2026-06-10 02:52:50,726 | INFO | Job 'sync_trades' completado.
2026-06-10 02:53:45,017 | INFO | Ejecutando job 'sync_trades' [aggressive_hybrid_v1_3_tp5_sl3]: C:\Users\USER\Documentos\Maestria\Mark-III\.venv\Scripts\python.exe main_pipeline.py --mode sync_trades --config C:\Users\USER\Documentos\Maestria\Mark-III\config\config_optimizado_20260513_152459.yaml
2026-06-10 02:53:50,318 | INFO | Riesgo sync_trades [aggressive_hybrid_v1_3_tp5_sl3]: open=1 break_even=0 partials=0 pending=0 last_signal=2026-06-10 10:35:00 last_action=-
2026-06-10 02:53:50,318 | INFO | Job 'sync_trades' completado.
2026-06-10 02:54:14,168 | INFO | Riesgo monitor_runtime [aggressive_hybrid_v1_3_tp5_sl3]: open=1 break_even=0 partials=0 pending=0 last_signal=2026-06-10 10:35:00 last_action=-
2026-06-10 02:54:45,017 | INFO | Ejecutando job 'sync_trades' [aggressive_hybrid_v1_3_tp5_sl3]: C:\Users\USER\Documentos\Maestria\Mark-III\.venv\Scripts\python.exe main_pipeline.py --mode sync_trades --config C:\Users\USER\Documentos\Maestria\Mark-III\config\config_optimizado_20260513_152459.yaml
2026-06-10 02:54:51,187 | INFO | Riesgo sync_trades [aggressive_hybrid_v1_3_tp5_sl3]: open=1 break_even=0 partials=0 pending=0 last_signal=2026-06-10 10:35:00 last_action=-
2026-06-10 02:54:51,187 | INFO | Job 'sync_trades' completado.
2026-06-10 02:55:45,025 | INFO | Ejecutando job 'sync_trades' [aggressive_hybrid_v1_3_tp5_sl3]: C:\Users\USER\Documentos\Maestria\Mark-III\.venv\Scripts\python.exe main_pipeline.py --mode sync_trades --config C:\Users\USER\Documentos\Maestria\Mark-III\config\config_optimizado_20260513_152459.yaml
2026-06-10 02:55:50,675 | INFO | Riesgo sync_trades [aggressive_hybrid_v1_3_tp5_sl3]: open=1 break_even=0 partials=0 pending=0 last_signal=2026-06-10 10:35:00 last_action=-
2026-06-10 02:55:50,676 | INFO | Job 'sync_trades' completado.
2026-06-10 02:56:14,591 | INFO | Riesgo monitor_runtime [aggressive_hybrid_v1_3_tp5_sl3]: open=1 break_even=0 partials=0 pending=0 last_signal=2026-06-10 10:35:00 last_action=-
2026-06-10 02:56:15,046 | INFO | Ejecutando job 'production' [aggressive_hybrid_v1_3_tp5_sl3]: C:\Users\USER\Documentos\Maestria\Mark-III\.venv\Scripts\python.exe main_pipeline.py --mode production --config C:\Users\USER\Documentos\Maestria\Mark-III\config\config_optimizado_20260513_152459.yaml
2026-06-10 02:56:25,843 | INFO | Señal production [aggressive_hybrid_v1_3_tp5_sl3]: ts=2026-06-10 10:55:00 signal=HOLD primary=HOLD(0.484) filter=HOLD support=0.0 pips=-0.7425583245640699 reason=signal_hold entry= sl= tp=
2026-06-10 02:56:25,844 | INFO | Job 'production' completado.
2026-06-10 02:56:40,054 | INFO | Ejecutando job 'production' [aggressive_hybrid_v1_4_mid_r3_4p6b_hybrid_champion_fast]: C:\Users\USER\Documentos\Maestria\Mark-III\.venv\Scripts\python.exe main_pipeline.py --mode production --config C:\Users\USER\Documentos\Maestria\Mark-III\config\config_optimizado_20260603_075730.yaml
2026-06-10 02:56:45,026 | INFO | Ejecutando job 'sync_trades' [aggressive_hybrid_v1_3_tp5_sl3]: C:\Users\USER\Documentos\Maestria\Mark-III\.venv\Scripts\python.exe main_pipeline.py --mode sync_trades --config C:\Users\USER\Documentos\Maestria\Mark-III\config\config_optimizado_20260513_152459.yaml
2026-06-10 02:56:52,418 | INFO | Señal production [aggressive_hybrid_v1_4_mid_r3_4p6b_hybrid_champion_fast]: ts=2026-06-10 10:55:00 signal=HOLD primary=HOLD(0.474) filter=HOLD support=0.0 pips=-0.47324341377767404 reason=signal_hold entry= sl= tp=
2026-06-10 02:56:52,418 | INFO | Job 'production' completado.
2026-06-10 02:56:52,573 | INFO | Riesgo sync_trades [aggressive_hybrid_v1_3_tp5_sl3]: open=1 break_even=0 partials=0 pending=0 last_signal=2026-06-10 10:35:00 last_action=-
2026-06-10 02:56:52,574 | INFO | Job 'sync_trades' completado.
2026-06-10 02:57:45,023 | INFO | Ejecutando job 'sync_trades' [aggressive_hybrid_v1_3_tp5_sl3]: C:\Users\USER\Documentos\Maestria\Mark-III\.venv\Scripts\python.exe main_pipeline.py --mode sync_trades --config C:\Users\USER\Documentos\Maestria\Mark-III\config\config_optimizado_20260513_152459.yaml
2026-06-10 02:57:50,982 | INFO | Riesgo sync_trades [aggressive_hybrid_v1_3_tp5_sl3]: open=1 break_even=0 partials=0 pending=0 last_signal=2026-06-10 10:35:00 last_action=-
2026-06-10 02:57:50,982 | INFO | Job 'sync_trades' completado.
2026-06-10 02:58:15,567 | INFO | Riesgo monitor_runtime [aggressive_hybrid_v1_3_tp5_sl3]: open=1 break_even=0 partials=0 pending=0 last_signal=2026-06-10 10:35:00 last_action=-
2026-06-10 02:58:45,035 | INFO | Ejecutando job 'sync_trades' [aggressive_hybrid_v1_3_tp5_sl3]: C:\Users\USER\Documentos\Maestria\Mark-III\.venv\Scripts\python.exe main_pipeline.py --mode sync_trades --config C:\Users\USER\Documentos\Maestria\Mark-III\config\config_optimizado_20260513_152459.yaml
2026-06-10 02:59:02,244 | INFO | Riesgo sync_trades [aggressive_hybrid_v1_3_tp5_sl3]: open=1 break_even=0 partials=0 pending=0 last_signal=2026-06-10 10:35:00 last_action=-
2026-06-10 02:59:02,244 | INFO | Job 'sync_trades' completado.
2026-06-10 02:59:45,021 | INFO | Ejecutando job 'sync_trades' [aggressive_hybrid_v1_3_tp5_sl3]: C:\Users\USER\Documentos\Maestria\Mark-III\.venv\Scripts\python.exe main_pipeline.py --mode sync_trades --config C:\Users\USER\Documentos\Maestria\Mark-III\config\config_optimizado_20260513_152459.yaml
2026-06-10 02:59:50,864 | INFO | Riesgo sync_trades [aggressive_hybrid_v1_3_tp5_sl3]: open=1 break_even=0 partials=0 pending=0 last_signal=2026-06-10 10:35:00 last_action=-
2026-06-10 02:59:50,864 | INFO | Job 'sync_trades' completado.
2026-06-10 03:00:14,170 | INFO | Riesgo monitor_runtime [aggressive_hybrid_v1_3_tp5_sl3]: open=1 break_even=0 partials=0 pending=0 last_signal=2026-06-10 10:35:00 last_action=-
2026-06-10 03:00:45,016 | INFO | Ejecutando job 'sync_trades' [aggressive_hybrid_v1_3_tp5_sl3]: C:\Users\USER\Documentos\Maestria\Mark-III\.venv\Scripts\python.exe main_pipeline.py --mode sync_trades --config C:\Users\USER\Documentos\Maestria\Mark-III\config\config_optimizado_20260513_152459.yaml
2026-06-10 03:00:50,438 | INFO | Riesgo sync_trades [aggressive_hybrid_v1_3_tp5_sl3]: open=1 break_even=0 partials=0 pending=0 last_signal=2026-06-10 10:35:00 last_action=-
2026-06-10 03:00:50,438 | INFO | Job 'sync_trades' completado.
2026-06-10 03:01:15,071 | INFO | Ejecutando job 'production' [aggressive_hybrid_v1_3_tp5_sl3]: C:\Users\USER\Documentos\Maestria\Mark-III\.venv\Scripts\python.exe main_pipeline.py --mode production --config C:\Users\USER\Documentos\Maestria\Mark-III\config\config_optimizado_20260513_152459.yaml
2026-06-10 03:01:28,482 | INFO | Señal production [aggressive_hybrid_v1_3_tp5_sl3]: ts=2026-06-10 11:00:00 signal=HOLD primary=HOLD(0.526) filter=HOLD support=0.0 pips=-1.1699765879485018 reason=signal_hold entry= sl= tp=
2026-06-10 03:01:28,482 | INFO | Job 'production' completado.
2026-06-10 03:01:40,048 | INFO | Ejecutando job 'production' [aggressive_hybrid_v1_4_mid_r3_4p6b_hybrid_champion_fast]: C:\Users\USER\Documentos\Maestria\Mark-III\.venv\Scripts\python.exe main_pipeline.py --mode production --config C:\Users\USER\Documentos\Maestria\Mark-III\config\config_optimizado_20260603_075730.yaml
2026-06-10 03:01:45,027 | INFO | Ejecutando job 'sync_trades' [aggressive_hybrid_v1_3_tp5_sl3]: C:\Users\USER\Documentos\Maestria\Mark-III\.venv\Scripts\python.exe main_pipeline.py --mode sync_trades --config C:\Users\USER\Documentos\Maestria\Mark-III\config\config_optimizado_20260513_152459.yaml
2026-06-10 03:01:52,715 | INFO | Riesgo sync_trades [aggressive_hybrid_v1_3_tp5_sl3]: open=1 break_even=0 partials=0 pending=0 last_signal=2026-06-10 10:35:00 last_action=-
2026-06-10 03:01:52,715 | INFO | Job 'sync_trades' completado.
2026-06-10 03:01:54,283 | INFO | Señal production [aggressive_hybrid_v1_4_mid_r3_4p6b_hybrid_champion_fast]: ts=2026-06-10 11:00:00 signal=HOLD primary=HOLD(0.583) filter=HOLD support=0.0 pips=-1.26992285190455 reason=signal_hold entry= sl= tp=
2026-06-10 03:01:54,283 | INFO | Job 'production' completado.
2026-06-10 03:02:14,176 | INFO | Riesgo monitor_runtime [aggressive_hybrid_v1_3_tp5_sl3]: open=1 break_even=0 partials=0 pending=0 last_signal=2026-06-10 10:35:00 last_action=-
2026-06-10 03:02:45,030 | INFO | Ejecutando job 'sync_trades' [aggressive_hybrid_v1_3_tp5_sl3]: C:\Users\USER\Documentos\Maestria\Mark-III\.venv\Scripts\python.exe main_pipeline.py --mode sync_trades --config C:\Users\USER\Documentos\Maestria\Mark-III\config\config_optimizado_20260513_152459.yaml
2026-06-10 03:02:50,812 | INFO | Riesgo sync_trades [aggressive_hybrid_v1_3_tp5_sl3]: open=1 break_even=0 partials=0 pending=0 last_signal=2026-06-10 10:35:00 last_action=-
2026-06-10 03:02:50,812 | INFO | Job 'sync_trades' completado.
2026-06-10 03:03:45,025 | INFO | Ejecutando job 'sync_trades' [aggressive_hybrid_v1_3_tp5_sl3]: C:\Users\USER\Documentos\Maestria\Mark-III\.venv\Scripts\python.exe main_pipeline.py --mode sync_trades --config C:\Users\USER\Documentos\Maestria\Mark-III\config\config_optimizado_20260513_152459.yaml
2026-06-10 03:03:50,963 | INFO | Riesgo sync_trades [aggressive_hybrid_v1_3_tp5_sl3]: open=1 break_even=1 partials=1 pending=0 last_signal=2026-06-10 10:35:00 last_action=progress_50_close_30:partial_close
2026-06-10 03:03:50,963 | INFO | Job 'sync_trades' completado.
2026-06-10 03:04:14,099 | INFO | Riesgo monitor_runtime [aggressive_hybrid_v1_3_tp5_sl3]: open=1 break_even=1 partials=1 pending=0 last_signal=2026-06-10 10:35:00 last_action=progress_70_close_50:partial_close
2026-06-10 03:04:45,024 | INFO | Ejecutando job 'sync_trades' [aggressive_hybrid_v1_3_tp5_sl3]: C:\Users\USER\Documentos\Maestria\Mark-III\.venv\Scripts\python.exe main_pipeline.py --mode sync_trades --config C:\Users\USER\Documentos\Maestria\Mark-III\config\config_optimizado_20260513_152459.yaml
2026-06-10 03:04:50,563 | INFO | Riesgo sync_trades [aggressive_hybrid_v1_3_tp5_sl3]: open=1 break_even=1 partials=1 pending=0 last_signal=2026-06-10 10:35:00 last_action=progress_70_close_50:partial_close
2026-06-10 03:04:50,564 | INFO | Job 'sync_trades' completado.
2026-06-10 03:05:45,029 | INFO | Ejecutando job 'sync_trades' [aggressive_hybrid_v1_3_tp5_sl3]: C:\Users\USER\Documentos\Maestria\Mark-III\.venv\Scripts\python.exe main_pipeline.py --mode sync_trades --config C:\Users\USER\Documentos\Maestria\Mark-III\config\config_optimizado_20260513_152459.yaml
2026-06-10 03:05:50,872 | INFO | Riesgo sync_trades [aggressive_hybrid_v1_3_tp5_sl3]: open=1 break_even=1 partials=1 pending=0 last_signal=2026-06-10 10:35:00 last_action=progress_70_close_50:partial_close
2026-06-10 03:05:50,872 | INFO | Job 'sync_trades' completado.
2026-06-10 03:06:14,259 | INFO | Riesgo monitor_runtime [aggressive_hybrid_v1_3_tp5_sl3]: open=1 break_even=1 partials=1 pending=0 last_signal=2026-06-10 10:35:00 last_action=progress_70_close_50:partial_close
2026-06-10 03:06:15,058 | INFO | Ejecutando job 'production' [aggressive_hybrid_v1_3_tp5_sl3]: C:\Users\USER\Documentos\Maestria\Mark-III\.venv\Scripts\python.exe main_pipeline.py --mode production --config C:\Users\USER\Documentos\Maestria\Mark-III\config\config_optimizado_20260513_152459.yaml
2026-06-10 03:06:26,014 | INFO | Señal production [aggressive_hybrid_v1_3_tp5_sl3]: ts=2026-06-10 11:05:00 signal=SELL primary=SELL(0.794) filter=HOLD support=0.20685882785357323 pips=-3.893526082459305 reason=confirmation_disabled entry=1.15499 sl=1.15539 tp=1.15454
2026-06-10 03:06:26,014 | INFO | Job 'production' completado.
2026-06-10 03:06:40,052 | INFO | Ejecutando job 'production' [aggressive_hybrid_v1_4_mid_r3_4p6b_hybrid_champion_fast]: C:\Users\USER\Documentos\Maestria\Mark-III\.venv\Scripts\python.exe main_pipeline.py --mode production --config C:\Users\USER\Documentos\Maestria\Mark-III\config\config_optimizado_20260603_075730.yaml
2026-06-10 03:06:45,024 | INFO | Ejecutando job 'sync_trades' [aggressive_hybrid_v1_3_tp5_sl3]: C:\Users\USER\Documentos\Maestria\Mark-III\.venv\Scripts\python.exe main_pipeline.py --mode sync_trades --config C:\Users\USER\Documentos\Maestria\Mark-III\config\config_optimizado_20260513_152459.yaml
2026-06-10 03:06:52,156 | INFO | Riesgo sync_trades [aggressive_hybrid_v1_3_tp5_sl3]: open=2 break_even=1 partials=1 pending=0 last_signal=2026-06-10 11:05:00 last_action=-
2026-06-10 03:06:52,157 | INFO | Job 'sync_trades' completado.
2026-06-10 03:06:55,255 | INFO | Señal production [aggressive_hybrid_v1_4_mid_r3_4p6b_hybrid_champion_fast]: ts=2026-06-10 11:05:00 signal=HOLD primary=SELL(0.701) filter=HOLD support=-0.15333611046567858 pips=-2.1263761367895406 reason=entry_context_hard_contradiction entry=1.15502 sl=1.15527 tp=1.15477
2026-06-10 03:06:55,255 | INFO | Job 'production' completado.
2026-06-10 03:07:45,028 | INFO | Ejecutando job 'sync_trades' [aggressive_hybrid_v1_3_tp5_sl3]: C:\Users\USER\Documentos\Maestria\Mark-III\.venv\Scripts\python.exe main_pipeline.py --mode sync_trades --config C:\Users\USER\Documentos\Maestria\Mark-III\config\config_optimizado_20260513_152459.yaml
2026-06-10 03:07:50,581 | INFO | Riesgo sync_trades [aggressive_hybrid_v1_3_tp5_sl3]: open=2 break_even=1 partials=1 pending=0 last_signal=2026-06-10 11:05:00 last_action=-
2026-06-10 03:07:50,582 | INFO | Job 'sync_trades' completado.
2026-06-10 03:08:13,941 | INFO | Riesgo monitor_runtime [aggressive_hybrid_v1_3_tp5_sl3]: open=2 break_even=1 partials=1 pending=0 last_signal=2026-06-10 11:05:00 last_action=-
2026-06-10 03:08:45,021 | INFO | Ejecutando job 'sync_trades' [aggressive_hybrid_v1_3_tp5_sl3]: C:\Users\USER\Documentos\Maestria\Mark-III\.venv\Scripts\python.exe main_pipeline.py --mode sync_trades --config C:\Users\USER\Documentos\Maestria\Mark-III\config\config_optimizado_20260513_152459.yaml
2026-06-10 03:08:50,469 | INFO | Riesgo sync_trades [aggressive_hybrid_v1_3_tp5_sl3]: open=2 break_even=1 partials=1 pending=0 last_signal=2026-06-10 11:05:00 last_action=-
2026-06-10 03:08:50,469 | INFO | Job 'sync_trades' completado.
2026-06-10 03:09:45,023 | INFO | Ejecutando job 'sync_trades' [aggressive_hybrid_v1_3_tp5_sl3]: C:\Users\USER\Documentos\Maestria\Mark-III\.venv\Scripts\python.exe main_pipeline.py --mode sync_trades --config C:\Users\USER\Documentos\Maestria\Mark-III\config\config_optimizado_20260513_152459.yaml
2026-06-10 03:09:50,546 | INFO | Riesgo sync_trades [aggressive_hybrid_v1_3_tp5_sl3]: open=2 break_even=1 partials=1 pending=0 last_signal=2026-06-10 11:05:00 last_action=-
2026-06-10 03:09:50,546 | INFO | Job 'sync_trades' completado.
2026-06-10 03:10:14,195 | INFO | Riesgo monitor_runtime [aggressive_hybrid_v1_3_tp5_sl3]: open=2 break_even=1 partials=1 pending=0 last_signal=2026-06-10 11:05:00 last_action=-
2026-06-10 03:10:45,017 | INFO | Ejecutando job 'sync_trades' [aggressive_hybrid_v1_3_tp5_sl3]: C:\Users\USER\Documentos\Maestria\Mark-III\.venv\Scripts\python.exe main_pipeline.py --mode sync_trades --config C:\Users\USER\Documentos\Maestria\Mark-III\config\config_optimizado_20260513_152459.yaml
2026-06-10 03:10:50,321 | INFO | Riesgo sync_trades [aggressive_hybrid_v1_3_tp5_sl3]: open=2 break_even=1 partials=1 pending=0 last_signal=2026-06-10 11:05:00 last_action=-
2026-06-10 03:10:50,321 | INFO | Job 'sync_trades' completado.
2026-06-10 03:11:15,053 | INFO | Ejecutando job 'production' [aggressive_hybrid_v1_3_tp5_sl3]: C:\Users\USER\Documentos\Maestria\Mark-III\.venv\Scripts\python.exe main_pipeline.py --mode production --config C:\Users\USER\Documentos\Maestria\Mark-III\config\config_optimizado_20260513_152459.yaml
2026-06-10 03:11:25,948 | INFO | Señal production [aggressive_hybrid_v1_3_tp5_sl3]: ts=2026-06-10 11:10:00 signal=HOLD primary=HOLD(0.516) filter=HOLD support=0.0 pips=-1.071082052952142 reason=signal_hold entry= sl= tp=
2026-06-10 03:11:25,948 | INFO | Job 'production' completado.
2026-06-10 03:11:40,054 | INFO | Ejecutando job 'production' [aggressive_hybrid_v1_4_mid_r3_4p6b_hybrid_champion_fast]: C:\Users\USER\Documentos\Maestria\Mark-III\.venv\Scripts\python.exe main_pipeline.py --mode production --config C:\Users\USER\Documentos\Maestria\Mark-III\config\config_optimizado_20260603_075730.yaml
2026-06-10 03:11:45,015 | INFO | Ejecutando job 'sync_trades' [aggressive_hybrid_v1_3_tp5_sl3]: C:\Users\USER\Documentos\Maestria\Mark-III\.venv\Scripts\python.exe main_pipeline.py --mode sync_trades --config C:\Users\USER\Documentos\Maestria\Mark-III\config\config_optimizado_20260513_152459.yaml
2026-06-10 03:11:52,414 | INFO | Riesgo sync_trades [aggressive_hybrid_v1_3_tp5_sl3]: open=2 break_even=1 partials=1 pending=0 last_signal=2026-06-10 11:05:00 last_action=-
2026-06-10 03:11:52,415 | INFO | Job 'sync_trades' completado.
2026-06-10 03:11:53,384 | INFO | Señal production [aggressive_hybrid_v1_4_mid_r3_4p6b_hybrid_champion_fast]: ts=2026-06-10 11:10:00 signal=HOLD primary=HOLD(0.454) filter=HOLD support=0.0 pips=-0.328489364794369 reason=signal_hold entry= sl= tp=
2026-06-10 03:11:53,384 | INFO | Job 'production' completado.
2026-06-10 03:12:14,238 | INFO | Riesgo monitor_runtime [aggressive_hybrid_v1_3_tp5_sl3]: open=2 break_even=1 partials=1 pending=0 last_signal=2026-06-10 11:05:00 last_action=-
2026-06-10 03:12:45,026 | INFO | Ejecutando job 'sync_trades' [aggressive_hybrid_v1_3_tp5_sl3]: C:\Users\USER\Documentos\Maestria\Mark-III\.venv\Scripts\python.exe main_pipeline.py --mode sync_trades --config C:\Users\USER\Documentos\Maestria\Mark-III\config\config_optimizado_20260513_152459.yaml
2026-06-10 03:12:50,395 | INFO | Riesgo sync_trades [aggressive_hybrid_v1_3_tp5_sl3]: open=2 break_even=1 partials=1 pending=0 last_signal=2026-06-10 11:05:00 last_action=-
2026-06-10 03:12:50,396 | INFO | Job 'sync_trades' completado.
2026-06-10 03:13:45,021 | INFO | Ejecutando job 'sync_trades' [aggressive_hybrid_v1_3_tp5_sl3]: C:\Users\USER\Documentos\Maestria\Mark-III\.venv\Scripts\python.exe main_pipeline.py --mode sync_trades --config C:\Users\USER\Documentos\Maestria\Mark-III\config\config_optimizado_20260513_152459.yaml
2026-06-10 03:13:50,344 | INFO | Riesgo sync_trades [aggressive_hybrid_v1_3_tp5_sl3]: open=2 break_even=1 partials=1 pending=0 last_signal=2026-06-10 11:05:00 last_action=-
2026-06-10 03:13:50,344 | INFO | Job 'sync_trades' completado.
2026-06-10 03:14:14,380 | INFO | Riesgo monitor_runtime [aggressive_hybrid_v1_3_tp5_sl3]: open=2 break_even=1 partials=1 pending=0 last_signal=2026-06-10 11:05:00 last_action=-
2026-06-10 03:14:45,024 | INFO | Ejecutando job 'sync_trades' [aggressive_hybrid_v1_3_tp5_sl3]: C:\Users\USER\Documentos\Maestria\Mark-III\.venv\Scripts\python.exe main_pipeline.py --mode sync_trades --config C:\Users\USER\Documentos\Maestria\Mark-III\config\config_optimizado_20260513_152459.yaml
2026-06-10 03:14:50,404 | INFO | Riesgo sync_trades [aggressive_hybrid_v1_3_tp5_sl3]: open=2 break_even=1 partials=1 pending=0 last_signal=2026-06-10 11:05:00 last_action=-
2026-06-10 03:14:50,404 | INFO | Job 'sync_trades' completado.
2026-06-10 03:15:45,021 | INFO | Ejecutando job 'sync_trades' [aggressive_hybrid_v1_3_tp5_sl3]: C:\Users\USER\Documentos\Maestria\Mark-III\.venv\Scripts\python.exe main_pipeline.py --mode sync_trades --config C:\Users\USER\Documentos\Maestria\Mark-III\config\config_optimizado_20260513_152459.yaml
2026-06-10 03:15:50,423 | INFO | Riesgo sync_trades [aggressive_hybrid_v1_3_tp5_sl3]: open=2 break_even=1 partials=1 pending=0 last_signal=2026-06-10 11:05:00 last_action=-
2026-06-10 03:15:50,423 | INFO | Job 'sync_trades' completado.
2026-06-10 03:16:14,362 | INFO | Riesgo monitor_runtime [aggressive_hybrid_v1_3_tp5_sl3]: open=2 break_even=1 partials=1 pending=0 last_signal=2026-06-10 11:05:00 last_action=-
2026-06-10 03:16:15,056 | INFO | Ejecutando job 'production' [aggressive_hybrid_v1_3_tp5_sl3]: C:\Users\USER\Documentos\Maestria\Mark-III\.venv\Scripts\python.exe main_pipeline.py --mode production --config C:\Users\USER\Documentos\Maestria\Mark-III\config\config_optimizado_20260513_152459.yaml
2026-06-10 03:16:25,533 | INFO | Señal production [aggressive_hybrid_v1_3_tp5_sl3]: ts=2026-06-10 11:15:00 signal=HOLD primary=HOLD(0.649) filter=HOLD support=0.0 pips=-2.4188880795208525 reason=signal_hold entry= sl= tp=
2026-06-10 03:16:25,533 | INFO | Job 'production' completado.
2026-06-10 03:16:40,050 | INFO | Ejecutando job 'production' [aggressive_hybrid_v1_4_mid_r3_4p6b_hybrid_champion_fast]: C:\Users\USER\Documentos\Maestria\Mark-III\.venv\Scripts\python.exe main_pipeline.py --mode production --config C:\Users\USER\Documentos\Maestria\Mark-III\config\config_optimizado_20260603_075730.yaml
2026-06-10 03:16:45,019 | INFO | Ejecutando job 'sync_trades' [aggressive_hybrid_v1_3_tp5_sl3]: C:\Users\USER\Documentos\Maestria\Mark-III\.venv\Scripts\python.exe main_pipeline.py --mode sync_trades --config C:\Users\USER\Documentos\Maestria\Mark-III\config\config_optimizado_20260513_152459.yaml
2026-06-10 03:16:52,308 | INFO | Riesgo sync_trades [aggressive_hybrid_v1_3_tp5_sl3]: open=2 break_even=1 partials=1 pending=0 last_signal=2026-06-10 11:05:00 last_action=-
2026-06-10 03:16:52,308 | INFO | Job 'sync_trades' completado.
2026-06-10 03:16:54,619 | INFO | Señal production [aggressive_hybrid_v1_4_mid_r3_4p6b_hybrid_champion_fast]: ts=2026-06-10 11:15:00 signal=HOLD primary=HOLD(0.542) filter=HOLD support=0.0 pips=0.9702992977804386 reason=signal_hold entry= sl= tp=
2026-06-10 03:16:54,619 | INFO | Job 'production' completado.
2026-06-10 03:17:45,019 | INFO | Ejecutando job 'sync_trades' [aggressive_hybrid_v1_3_tp5_sl3]: C:\Users\USER\Documentos\Maestria\Mark-III\.venv\Scripts\python.exe main_pipeline.py --mode sync_trades --config C:\Users\USER\Documentos\Maestria\Mark-III\config\config_optimizado_20260513_152459.yaml
2026-06-10 03:17:50,301 | INFO | Riesgo sync_trades [aggressive_hybrid_v1_3_tp5_sl3]: open=2 break_even=1 partials=1 pending=0 last_signal=2026-06-10 11:05:00 last_action=-
2026-06-10 03:17:50,301 | INFO | Job 'sync_trades' completado.
2026-06-10 03:18:13,824 | INFO | Riesgo monitor_runtime [aggressive_hybrid_v1_3_tp5_sl3]: open=2 break_even=1 partials=1 pending=0 last_signal=2026-06-10 11:05:00 last_action=-
2026-06-10 03:18:45,026 | INFO | Ejecutando job 'sync_trades' [aggressive_hybrid_v1_3_tp5_sl3]: C:\Users\USER\Documentos\Maestria\Mark-III\.venv\Scripts\python.exe main_pipeline.py --mode sync_trades --config C:\Users\USER\Documentos\Maestria\Mark-III\config\config_optimizado_20260513_152459.yaml
2026-06-10 03:18:50,295 | INFO | Riesgo sync_trades [aggressive_hybrid_v1_3_tp5_sl3]: open=2 break_even=1 partials=1 pending=0 last_signal=2026-06-10 11:05:00 last_action=-
2026-06-10 03:18:50,295 | INFO | Job 'sync_trades' completado.
2026-06-10 03:19:45,016 | INFO | Ejecutando job 'sync_trades' [aggressive_hybrid_v1_3_tp5_sl3]: C:\Users\USER\Documentos\Maestria\Mark-III\.venv\Scripts\python.exe main_pipeline.py --mode sync_trades --config C:\Users\USER\Documentos\Maestria\Mark-III\config\config_optimizado_20260513_152459.yaml
2026-06-10 03:19:50,415 | INFO | Riesgo sync_trades [aggressive_hybrid_v1_3_tp5_sl3]: open=2 break_even=1 partials=1 pending=0 last_signal=2026-06-10 11:05:00 last_action=-
2026-06-10 03:19:50,415 | INFO | Job 'sync_trades' completado.
2026-06-10 03:20:14,041 | INFO | Riesgo monitor_runtime [aggressive_hybrid_v1_3_tp5_sl3]: open=2 break_even=1 partials=1 pending=0 last_signal=2026-06-10 11:05:00 last_action=-
2026-06-10 03:20:45,018 | INFO | Ejecutando job 'sync_trades' [aggressive_hybrid_v1_3_tp5_sl3]: C:\Users\USER\Documentos\Maestria\Mark-III\.venv\Scripts\python.exe main_pipeline.py --mode sync_trades --config C:\Users\USER\Documentos\Maestria\Mark-III\config\config_optimizado_20260513_152459.yaml
2026-06-10 03:20:50,285 | INFO | Riesgo sync_trades [aggressive_hybrid_v1_3_tp5_sl3]: open=2 break_even=1 partials=1 pending=0 last_signal=2026-06-10 11:05:00 last_action=-
2026-06-10 03:20:50,285 | INFO | Job 'sync_trades' completado.
2026-06-10 03:21:15,057 | INFO | Ejecutando job 'production' [aggressive_hybrid_v1_3_tp5_sl3]: C:\Users\USER\Documentos\Maestria\Mark-III\.venv\Scripts\python.exe main_pipeline.py --mode production --config C:\Users\USER\Documentos\Maestria\Mark-III\config\config_optimizado_20260513_152459.yaml
2026-06-10 03:21:25,588 | INFO | Señal production [aggressive_hybrid_v1_3_tp5_sl3]: ts=2026-06-10 11:20:00 signal=HOLD primary=HOLD(0.604) filter=HOLD support=0.0 pips=1.9637854942481516 reason=signal_hold entry= sl= tp=
2026-06-10 03:21:25,588 | INFO | Job 'production' completado.
2026-06-10 03:21:40,047 | INFO | Ejecutando job 'production' [aggressive_hybrid_v1_4_mid_r3_4p6b_hybrid_champion_fast]: C:\Users\USER\Documentos\Maestria\Mark-III\.venv\Scripts\python.exe main_pipeline.py --mode production --config C:\Users\USER\Documentos\Maestria\Mark-III\config\config_optimizado_20260603_075730.yaml
2026-06-10 03:21:45,023 | INFO | Ejecutando job 'sync_trades' [aggressive_hybrid_v1_3_tp5_sl3]: C:\Users\USER\Documentos\Maestria\Mark-III\.venv\Scripts\python.exe main_pipeline.py --mode sync_trades --config C:\Users\USER\Documentos\Maestria\Mark-III\config\config_optimizado_20260513_152459.yaml
2026-06-10 03:21:51,749 | INFO | Riesgo sync_trades [aggressive_hybrid_v1_3_tp5_sl3]: open=2 break_even=1 partials=1 pending=0 last_signal=2026-06-10 11:05:00 last_action=-
2026-06-10 03:21:51,749 | INFO | Job 'sync_trades' completado.
2026-06-10 03:21:51,945 | INFO | Señal production [aggressive_hybrid_v1_4_mid_r3_4p6b_hybrid_champion_fast]: ts=2026-06-10 11:20:00 signal=HOLD primary=HOLD(0.619) filter=HOLD support=0.0 pips=1.533012540484345 reason=signal_hold entry= sl= tp=
2026-06-10 03:21:51,946 | INFO | Job 'production' completado.
2026-06-10 03:22:14,219 | INFO | Riesgo monitor_runtime [aggressive_hybrid_v1_3_tp5_sl3]: open=2 break_even=1 partials=1 pending=0 last_signal=2026-06-10 11:05:00 last_action=-
2026-06-10 03:22:45,013 | INFO | Ejecutando job 'sync_trades' [aggressive_hybrid_v1_3_tp5_sl3]: C:\Users\USER\Documentos\Maestria\Mark-III\.venv\Scripts\python.exe main_pipeline.py --mode sync_trades --config C:\Users\USER\Documentos\Maestria\Mark-III\config\config_optimizado_20260513_152459.yaml
2026-06-10 03:22:50,344 | INFO | Riesgo sync_trades [aggressive_hybrid_v1_3_tp5_sl3]: open=2 break_even=1 partials=1 pending=0 last_signal=2026-06-10 11:05:00 last_action=-
2026-06-10 03:22:50,344 | INFO | Job 'sync_trades' completado.
2026-06-10 03:23:45,027 | INFO | Ejecutando job 'sync_trades' [aggressive_hybrid_v1_3_tp5_sl3]: C:\Users\USER\Documentos\Maestria\Mark-III\.venv\Scripts\python.exe main_pipeline.py --mode sync_trades --config C:\Users\USER\Documentos\Maestria\Mark-III\config\config_optimizado_20260513_152459.yaml
2026-06-10 03:23:50,287 | INFO | Riesgo sync_trades [aggressive_hybrid_v1_3_tp5_sl3]: open=2 break_even=1 partials=1 pending=0 last_signal=2026-06-10 11:05:00 last_action=-
2026-06-10 03:23:50,287 | INFO | Job 'sync_trades' completado.
2026-06-10 03:24:14,330 | INFO | Riesgo monitor_runtime [aggressive_hybrid_v1_3_tp5_sl3]: open=2 break_even=1 partials=1 pending=0 last_signal=2026-06-10 11:05:00 last_action=-
2026-06-10 03:24:45,019 | INFO | Ejecutando job 'sync_trades' [aggressive_hybrid_v1_3_tp5_sl3]: C:\Users\USER\Documentos\Maestria\Mark-III\.venv\Scripts\python.exe main_pipeline.py --mode sync_trades --config C:\Users\USER\Documentos\Maestria\Mark-III\config\config_optimizado_20260513_152459.yaml
2026-06-10 03:24:50,442 | INFO | Riesgo sync_trades [aggressive_hybrid_v1_3_tp5_sl3]: open=2 break_even=1 partials=1 pending=0 last_signal=2026-06-10 11:05:00 last_action=-
2026-06-10 03:24:50,442 | INFO | Job 'sync_trades' completado.
2026-06-10 03:25:45,030 | INFO | Ejecutando job 'sync_trades' [aggressive_hybrid_v1_3_tp5_sl3]: C:\Users\USER\Documentos\Maestria\Mark-III\.venv\Scripts\python.exe main_pipeline.py --mode sync_trades --config C:\Users\USER\Documentos\Maestria\Mark-III\config\config_optimizado_20260513_152459.yaml
2026-06-10 03:25:50,376 | INFO | Riesgo sync_trades [aggressive_hybrid_v1_3_tp5_sl3]: open=2 break_even=1 partials=1 pending=0 last_signal=2026-06-10 11:05:00 last_action=-
2026-06-10 03:25:50,376 | INFO | Job 'sync_trades' completado.
2026-06-10 03:26:14,311 | INFO | Riesgo monitor_runtime [aggressive_hybrid_v1_3_tp5_sl3]: open=2 break_even=1 partials=1 pending=0 last_signal=2026-06-10 11:05:00 last_action=-
2026-06-10 03:26:15,061 | INFO | Ejecutando job 'production' [aggressive_hybrid_v1_3_tp5_sl3]: C:\Users\USER\Documentos\Maestria\Mark-III\.venv\Scripts\python.exe main_pipeline.py --mode production --config C:\Users\USER\Documentos\Maestria\Mark-III\config\config_optimizado_20260513_152459.yaml
2026-06-10 03:26:25,144 | INFO | Señal production [aggressive_hybrid_v1_3_tp5_sl3]: ts=2026-06-10 11:25:00 signal=HOLD primary=HOLD(0.641) filter=HOLD support=0.0 pips=2.3385903438304596 reason=signal_hold entry= sl= tp=
2026-06-10 03:26:25,144 | INFO | Job 'production' completado.
2026-06-10 03:26:40,042 | INFO | Ejecutando job 'production' [aggressive_hybrid_v1_4_mid_r3_4p6b_hybrid_champion_fast]: C:\Users\USER\Documentos\Maestria\Mark-III\.venv\Scripts\python.exe main_pipeline.py --mode production --config C:\Users\USER\Documentos\Maestria\Mark-III\config\config_optimizado_20260603_075730.yaml
2026-06-10 03:26:45,021 | INFO | Ejecutando job 'sync_trades' [aggressive_hybrid_v1_3_tp5_sl3]: C:\Users\USER\Documentos\Maestria\Mark-III\.venv\Scripts\python.exe main_pipeline.py --mode sync_trades --config C:\Users\USER\Documentos\Maestria\Mark-III\config\config_optimizado_20260513_152459.yaml
2026-06-10 03:26:52,136 | INFO | Riesgo sync_trades [aggressive_hybrid_v1_3_tp5_sl3]: open=2 break_even=1 partials=1 pending=0 last_signal=2026-06-10 11:05:00 last_action=-
2026-06-10 03:26:52,136 | INFO | Job 'sync_trades' completado.
2026-06-10 03:26:53,976 | INFO | Señal production [aggressive_hybrid_v1_4_mid_r3_4p6b_hybrid_champion_fast]: ts=2026-06-10 11:25:00 signal=HOLD primary=HOLD(0.441) filter=HOLD support=0.0 pips=0.23832543448482563 reason=signal_hold entry= sl= tp=
2026-06-10 03:26:53,976 | INFO | Job 'production' completado.
2026-06-10 03:27:45,026 | INFO | Ejecutando job 'sync_trades' [aggressive_hybrid_v1_3_tp5_sl3]: C:\Users\USER\Documentos\Maestria\Mark-III\.venv\Scripts\python.exe main_pipeline.py --mode sync_trades --config C:\Users\USER\Documentos\Maestria\Mark-III\config\config_optimizado_20260513_152459.yaml
2026-06-10 03:27:50,432 | INFO | Riesgo sync_trades [aggressive_hybrid_v1_3_tp5_sl3]: open=2 break_even=1 partials=1 pending=0 last_signal=2026-06-10 11:05:00 last_action=-
2026-06-10 03:27:50,432 | INFO | Job 'sync_trades' completado.
2026-06-10 03:28:13,728 | INFO | Riesgo monitor_runtime [aggressive_hybrid_v1_3_tp5_sl3]: open=2 break_even=1 partials=1 pending=0 last_signal=2026-06-10 11:05:00 last_action=-
2026-06-10 03:28:45,021 | INFO | Ejecutando job 'sync_trades' [aggressive_hybrid_v1_3_tp5_sl3]: C:\Users\USER\Documentos\Maestria\Mark-III\.venv\Scripts\python.exe main_pipeline.py --mode sync_trades --config C:\Users\USER\Documentos\Maestria\Mark-III\config\config_optimizado_20260513_152459.yaml
2026-06-10 03:28:50,338 | INFO | Riesgo sync_trades [aggressive_hybrid_v1_3_tp5_sl3]: open=2 break_even=1 partials=1 pending=0 last_signal=2026-06-10 11:05:00 last_action=-
2026-06-10 03:28:50,339 | INFO | Job 'sync_trades' completado.
2026-06-10 03:29:45,025 | INFO | Ejecutando job 'sync_trades' [aggressive_hybrid_v1_3_tp5_sl3]: C:\Users\USER\Documentos\Maestria\Mark-III\.venv\Scripts\python.exe main_pipeline.py --mode sync_trades --config C:\Users\USER\Documentos\Maestria\Mark-III\config\config_optimizado_20260513_152459.yaml
2026-06-10 03:29:50,679 | INFO | Riesgo sync_trades [aggressive_hybrid_v1_3_tp5_sl3]: open=0 break_even=0 partials=0 pending=0 last_signal=- last_action=-
2026-06-10 03:29:50,679 | INFO | Job 'sync_trades' completado.
2026-06-10 03:30:13,730 | INFO | Riesgo monitor_runtime [aggressive_hybrid_v1_3_tp5_sl3]: open=0 break_even=0 partials=0 pending=0 last_signal=- last_action=-
2026-06-10 03:30:45,022 | INFO | Ejecutando job 'sync_trades' [aggressive_hybrid_v1_3_tp5_sl3]: C:\Users\USER\Documentos\Maestria\Mark-III\.venv\Scripts\python.exe main_pipeline.py --mode sync_trades --config C:\Users\USER\Documentos\Maestria\Mark-III\config\config_optimizado_20260513_152459.yaml
2026-06-10 03:30:50,353 | INFO | Riesgo sync_trades [aggressive_hybrid_v1_3_tp5_sl3]: open=0 break_even=0 partials=0 pending=0 last_signal=- last_action=-
2026-06-10 03:30:50,354 | INFO | Job 'sync_trades' completado.
2026-06-10 03:31:15,052 | INFO | Ejecutando job 'production' [aggressive_hybrid_v1_3_tp5_sl3]: C:\Users\USER\Documentos\Maestria\Mark-III\.venv\Scripts\python.exe main_pipeline.py --mode production --config C:\Users\USER\Documentos\Maestria\Mark-III\config\config_optimizado_20260513_152459.yaml
2026-06-10 03:31:25,503 | INFO | Señal production [aggressive_hybrid_v1_3_tp5_sl3]: ts=2026-06-10 11:30:00 signal=HOLD primary=HOLD(0.673) filter=HOLD support=0.0 pips=2.6709219978916434 reason=signal_hold entry= sl= tp=
2026-06-10 03:31:25,503 | INFO | Job 'production' completado.
2026-06-10 03:31:40,051 | INFO | Ejecutando job 'production' [aggressive_hybrid_v1_4_mid_r3_4p6b_hybrid_champion_fast]: C:\Users\USER\Documentos\Maestria\Mark-III\.venv\Scripts\python.exe main_pipeline.py --mode production --config C:\Users\USER\Documentos\Maestria\Mark-III\config\config_optimizado_20260603_075730.yaml
2026-06-10 03:31:45,018 | INFO | Ejecutando job 'sync_trades' [aggressive_hybrid_v1_3_tp5_sl3]: C:\Users\USER\Documentos\Maestria\Mark-III\.venv\Scripts\python.exe main_pipeline.py --mode sync_trades --config C:\Users\USER\Documentos\Maestria\Mark-III\config\config_optimizado_20260513_152459.yaml
2026-06-10 03:31:52,194 | INFO | Riesgo sync_trades [aggressive_hybrid_v1_3_tp5_sl3]: open=0 break_even=0 partials=0 pending=0 last_signal=- last_action=-
2026-06-10 03:31:52,194 | INFO | Job 'sync_trades' completado.
2026-06-10 03:31:53,585 | INFO | Señal production [aggressive_hybrid_v1_4_mid_r3_4p6b_hybrid_champion_fast]: ts=2026-06-10 11:30:00 signal=HOLD primary=HOLD(0.680) filter=HOLD support=0.0 pips=1.9712195545322266 reason=signal_hold entry= sl= tp=
2026-06-10 03:31:53,585 | INFO | Job 'production' completado.
2026-06-10 03:32:14,076 | INFO | Riesgo monitor_runtime [aggressive_hybrid_v1_3_tp5_sl3]: open=0 break_even=0 partials=0 pending=0 last_signal=- last_action=-
2026-06-10 03:32:45,020 | INFO | Ejecutando job 'sync_trades' [aggressive_hybrid_v1_3_tp5_sl3]: C:\Users\USER\Documentos\Maestria\Mark-III\.venv\Scripts\python.exe main_pipeline.py --mode sync_trades --config C:\Users\USER\Documentos\Maestria\Mark-III\config\config_optimizado_20260513_152459.yaml
2026-06-10 03:32:50,298 | INFO | Riesgo sync_trades [aggressive_hybrid_v1_3_tp5_sl3]: open=0 break_even=0 partials=0 pending=0 last_signal=- last_action=-
2026-06-10 03:32:50,298 | INFO | Job 'sync_trades' completado.
2026-06-10 03:33:45,022 | INFO | Ejecutando job 'sync_trades' [aggressive_hybrid_v1_3_tp5_sl3]: C:\Users\USER\Documentos\Maestria\Mark-III\.venv\Scripts\python.exe main_pipeline.py --mode sync_trades --config C:\Users\USER\Documentos\Maestria\Mark-III\config\config_optimizado_20260513_152459.yaml
2026-06-10 03:33:50,285 | INFO | Riesgo sync_trades [aggressive_hybrid_v1_3_tp5_sl3]: open=0 break_even=0 partials=0 pending=0 last_signal=- last_action=-
2026-06-10 03:33:50,285 | INFO | Job 'sync_trades' completado.
2026-06-10 03:34:14,122 | INFO | Riesgo monitor_runtime [aggressive_hybrid_v1_3_tp5_sl3]: open=0 break_even=0 partials=0 pending=0 last_signal=- last_action=-
2026-06-10 03:34:45,026 | INFO | Ejecutando job 'sync_trades' [aggressive_hybrid_v1_3_tp5_sl3]: C:\Users\USER\Documentos\Maestria\Mark-III\.venv\Scripts\python.exe main_pipeline.py --mode sync_trades --config C:\Users\USER\Documentos\Maestria\Mark-III\config\config_optimizado_20260513_152459.yaml
2026-06-10 03:34:50,633 | INFO | Riesgo sync_trades [aggressive_hybrid_v1_3_tp5_sl3]: open=0 break_even=0 partials=0 pending=0 last_signal=- last_action=-
2026-06-10 03:34:50,633 | INFO | Job 'sync_trades' completado.
2026-06-10 03:35:45,027 | INFO | Ejecutando job 'sync_trades' [aggressive_hybrid_v1_3_tp5_sl3]: C:\Users\USER\Documentos\Maestria\Mark-III\.venv\Scripts\python.exe main_pipeline.py --mode sync_trades --config C:\Users\USER\Documentos\Maestria\Mark-III\config\config_optimizado_20260513_152459.yaml
2026-06-10 03:35:50,372 | INFO | Riesgo sync_trades [aggressive_hybrid_v1_3_tp5_sl3]: open=0 break_even=0 partials=0 pending=0 last_signal=- last_action=-
2026-06-10 03:35:50,372 | INFO | Job 'sync_trades' completado.
2026-06-10 03:36:14,174 | INFO | Riesgo monitor_runtime [aggressive_hybrid_v1_3_tp5_sl3]: open=0 break_even=0 partials=0 pending=0 last_signal=- last_action=-
2026-06-10 03:36:15,058 | INFO | Ejecutando job 'production' [aggressive_hybrid_v1_3_tp5_sl3]: C:\Users\USER\Documentos\Maestria\Mark-III\.venv\Scripts\python.exe main_pipeline.py --mode production --config C:\Users\USER\Documentos\Maestria\Mark-III\config\config_optimizado_20260513_152459.yaml
2026-06-10 03:36:25,311 | INFO | Señal production [aggressive_hybrid_v1_3_tp5_sl3]: ts=2026-06-10 11:35:00 signal=HOLD primary=HOLD(0.511) filter=HOLD support=0.0 pips=1.0120171870769603 reason=signal_hold entry= sl= tp=
2026-06-10 03:36:25,311 | INFO | Job 'production' completado.
2026-06-10 03:36:40,049 | INFO | Ejecutando job 'production' [aggressive_hybrid_v1_4_mid_r3_4p6b_hybrid_champion_fast]: C:\Users\USER\Documentos\Maestria\Mark-III\.venv\Scripts\python.exe main_pipeline.py --mode production --config C:\Users\USER\Documentos\Maestria\Mark-III\config\config_optimizado_20260603_075730.yaml
2026-06-10 03:36:45,028 | INFO | Ejecutando job 'sync_trades' [aggressive_hybrid_v1_3_tp5_sl3]: C:\Users\USER\Documentos\Maestria\Mark-III\.venv\Scripts\python.exe main_pipeline.py --mode sync_trades --config C:\Users\USER\Documentos\Maestria\Mark-III\config\config_optimizado_20260513_152459.yaml
2026-06-10 03:36:52,605 | INFO | Riesgo sync_trades [aggressive_hybrid_v1_3_tp5_sl3]: open=0 break_even=0 partials=0 pending=0 last_signal=- last_action=-
2026-06-10 03:36:52,605 | INFO | Job 'sync_trades' completado.
2026-06-10 03:36:53,792 | INFO | Señal production [aggressive_hybrid_v1_4_mid_r3_4p6b_hybrid_champion_fast]: ts=2026-06-10 11:35:00 signal=HOLD primary=HOLD(0.465) filter=HOLD support=0.0 pips=-0.41309918965641307 reason=signal_hold entry= sl= tp=
2026-06-10 03:36:53,792 | INFO | Job 'production' completado.
2026-06-10 03:37:45,018 | INFO | Ejecutando job 'sync_trades' [aggressive_hybrid_v1_3_tp5_sl3]: C:\Users\USER\Documentos\Maestria\Mark-III\.venv\Scripts\python.exe main_pipeline.py --mode sync_trades --config C:\Users\USER\Documentos\Maestria\Mark-III\config\config_optimizado_20260513_152459.yaml
2026-06-10 03:37:50,635 | INFO | Riesgo sync_trades [aggressive_hybrid_v1_3_tp5_sl3]: open=0 break_even=0 partials=0 pending=0 last_signal=- last_action=-
2026-06-10 03:37:50,636 | INFO | Job 'sync_trades' completado.
2026-06-10 03:38:13,675 | INFO | Riesgo monitor_runtime [aggressive_hybrid_v1_3_tp5_sl3]: open=0 break_even=0 partials=0 pending=0 last_signal=- last_action=-
2026-06-10 03:38:45,022 | INFO | Ejecutando job 'sync_trades' [aggressive_hybrid_v1_3_tp5_sl3]: C:\Users\USER\Documentos\Maestria\Mark-III\.venv\Scripts\python.exe main_pipeline.py --mode sync_trades --config C:\Users\USER\Documentos\Maestria\Mark-III\config\config_optimizado_20260513_152459.yaml
2026-06-10 03:38:50,299 | INFO | Riesgo sync_trades [aggressive_hybrid_v1_3_tp5_sl3]: open=0 break_even=0 partials=0 pending=0 last_signal=- last_action=-
2026-06-10 03:38:50,299 | INFO | Job 'sync_trades' completado.
2026-06-10 03:39:45,029 | INFO | Ejecutando job 'sync_trades' [aggressive_hybrid_v1_3_tp5_sl3]: C:\Users\USER\Documentos\Maestria\Mark-III\.venv\Scripts\python.exe main_pipeline.py --mode sync_trades --config C:\Users\USER\Documentos\Maestria\Mark-III\config\config_optimizado_20260513_152459.yaml
2026-06-10 03:39:50,308 | INFO | Riesgo sync_trades [aggressive_hybrid_v1_3_tp5_sl3]: open=0 break_even=0 partials=0 pending=0 last_signal=- last_action=-
2026-06-10 03:39:50,308 | INFO | Job 'sync_trades' completado.
2026-06-10 03:40:13,727 | INFO | Riesgo monitor_runtime [aggressive_hybrid_v1_3_tp5_sl3]: open=0 break_even=0 partials=0 pending=0 last_signal=- last_action=-
2026-06-10 03:40:45,018 | INFO | Ejecutando job 'sync_trades' [aggressive_hybrid_v1_3_tp5_sl3]: C:\Users\USER\Documentos\Maestria\Mark-III\.venv\Scripts\python.exe main_pipeline.py --mode sync_trades --config C:\Users\USER\Documentos\Maestria\Mark-III\config\config_optimizado_20260513_152459.yaml
2026-06-10 03:40:50,435 | INFO | Riesgo sync_trades [aggressive_hybrid_v1_3_tp5_sl3]: open=0 break_even=0 partials=0 pending=0 last_signal=- last_action=-
2026-06-10 03:40:50,435 | INFO | Job 'sync_trades' completado.
2026-06-10 03:41:15,054 | INFO | Ejecutando job 'production' [aggressive_hybrid_v1_3_tp5_sl3]: C:\Users\USER\Documentos\Maestria\Mark-III\.venv\Scripts\python.exe main_pipeline.py --mode production --config C:\Users\USER\Documentos\Maestria\Mark-III\config\config_optimizado_20260513_152459.yaml
2026-06-10 03:41:25,815 | INFO | Señal production [aggressive_hybrid_v1_3_tp5_sl3]: ts=2026-06-10 11:40:00 signal=HOLD primary=HOLD(0.494) filter=HOLD support=0.0 pips=-0.8462568153178173 reason=signal_hold entry= sl= tp=
2026-06-10 03:41:25,815 | INFO | Job 'production' completado.
2026-06-10 03:41:40,047 | INFO | Ejecutando job 'production' [aggressive_hybrid_v1_4_mid_r3_4p6b_hybrid_champion_fast]: C:\Users\USER\Documentos\Maestria\Mark-III\.venv\Scripts\python.exe main_pipeline.py --mode production --config C:\Users\USER\Documentos\Maestria\Mark-III\config\config_optimizado_20260603_075730.yaml
2026-06-10 03:41:45,026 | INFO | Ejecutando job 'sync_trades' [aggressive_hybrid_v1_3_tp5_sl3]: C:\Users\USER\Documentos\Maestria\Mark-III\.venv\Scripts\python.exe main_pipeline.py --mode sync_trades --config C:\Users\USER\Documentos\Maestria\Mark-III\config\config_optimizado_20260513_152459.yaml
2026-06-10 03:41:51,987 | INFO | Riesgo sync_trades [aggressive_hybrid_v1_3_tp5_sl3]: open=0 break_even=0 partials=0 pending=0 last_signal=- last_action=-
2026-06-10 03:41:51,987 | INFO | Job 'sync_trades' completado.
2026-06-10 03:41:52,868 | INFO | Señal production [aggressive_hybrid_v1_4_mid_r3_4p6b_hybrid_champion_fast]: ts=2026-06-10 11:40:00 signal=HOLD primary=HOLD(0.537) filter=HOLD support=0.0 pips=-0.9314847518931375 reason=signal_hold entry= sl= tp=
2026-06-10 03:41:52,869 | INFO | Job 'production' completado.
2026-06-10 03:42:14,195 | INFO | Riesgo monitor_runtime [aggressive_hybrid_v1_3_tp5_sl3]: open=0 break_even=0 partials=0 pending=0 last_signal=- last_action=-
2026-06-10 03:42:45,023 | INFO | Ejecutando job 'sync_trades' [aggressive_hybrid_v1_3_tp5_sl3]: C:\Users\USER\Documentos\Maestria\Mark-III\.venv\Scripts\python.exe main_pipeline.py --mode sync_trades --config C:\Users\USER\Documentos\Maestria\Mark-III\config\config_optimizado_20260513_152459.yaml
2026-06-10 03:42:50,308 | INFO | Riesgo sync_trades [aggressive_hybrid_v1_3_tp5_sl3]: open=0 break_even=0 partials=0 pending=0 last_signal=- last_action=-
2026-06-10 03:42:50,308 | INFO | Job 'sync_trades' completado.
2026-06-10 03:43:45,020 | INFO | Ejecutando job 'sync_trades' [aggressive_hybrid_v1_3_tp5_sl3]: C:\Users\USER\Documentos\Maestria\Mark-III\.venv\Scripts\python.exe main_pipeline.py --mode sync_trades --config C:\Users\USER\Documentos\Maestria\Mark-III\config\config_optimizado_20260513_152459.yaml
2026-06-10 03:43:50,408 | INFO | Riesgo sync_trades [aggressive_hybrid_v1_3_tp5_sl3]: open=0 break_even=0 partials=0 pending=0 last_signal=- last_action=-
2026-06-10 03:43:50,409 | INFO | Job 'sync_trades' completado.
2026-06-10 03:44:14,088 | INFO | Riesgo monitor_runtime [aggressive_hybrid_v1_3_tp5_sl3]: open=0 break_even=0 partials=0 pending=0 last_signal=- last_action=-
2026-06-10 03:44:45,023 | INFO | Ejecutando job 'sync_trades' [aggressive_hybrid_v1_3_tp5_sl3]: C:\Users\USER\Documentos\Maestria\Mark-III\.venv\Scripts\python.exe main_pipeline.py --mode sync_trades --config C:\Users\USER\Documentos\Maestria\Mark-III\config\config_optimizado_20260513_152459.yaml
2026-06-10 03:44:50,503 | INFO | Riesgo sync_trades [aggressive_hybrid_v1_3_tp5_sl3]: open=0 break_even=0 partials=0 pending=0 last_signal=- last_action=-
2026-06-10 03:44:50,503 | INFO | Job 'sync_trades' completado.
2026-06-10 03:45:45,017 | INFO | Ejecutando job 'sync_trades' [aggressive_hybrid_v1_3_tp5_sl3]: C:\Users\USER\Documentos\Maestria\Mark-III\.venv\Scripts\python.exe main_pipeline.py --mode sync_trades --config C:\Users\USER\Documentos\Maestria\Mark-III\config\config_optimizado_20260513_152459.yaml
2026-06-10 03:45:50,270 | INFO | Riesgo sync_trades [aggressive_hybrid_v1_3_tp5_sl3]: open=0 break_even=0 partials=0 pending=0 last_signal=- last_action=-
2026-06-10 03:45:50,270 | INFO | Job 'sync_trades' completado.
2026-06-10 03:46:14,180 | INFO | Riesgo monitor_runtime [aggressive_hybrid_v1_3_tp5_sl3]: open=0 break_even=0 partials=0 pending=0 last_signal=- last_action=-
2026-06-10 03:46:15,058 | INFO | Ejecutando job 'production' [aggressive_hybrid_v1_3_tp5_sl3]: C:\Users\USER\Documentos\Maestria\Mark-III\.venv\Scripts\python.exe main_pipeline.py --mode production --config C:\Users\USER\Documentos\Maestria\Mark-III\config\config_optimizado_20260513_152459.yaml
2026-06-10 03:46:25,522 | INFO | Señal production [aggressive_hybrid_v1_3_tp5_sl3]: ts=2026-06-10 11:45:00 signal=HOLD primary=SELL(0.710) filter=HOLD support=0.02209374718460344 pips=-3.0385418945601708 reason=filter_hold_wait_candle_retrace entry=1.15485 sl=1.15525 tp=1.1544
2026-06-10 03:46:25,522 | INFO | Job 'production' completado.
2026-06-10 03:46:40,051 | INFO | Ejecutando job 'production' [aggressive_hybrid_v1_4_mid_r3_4p6b_hybrid_champion_fast]: C:\Users\USER\Documentos\Maestria\Mark-III\.venv\Scripts\python.exe main_pipeline.py --mode production --config C:\Users\USER\Documentos\Maestria\Mark-III\config\config_optimizado_20260603_075730.yaml
2026-06-10 03:46:45,017 | INFO | Ejecutando job 'sync_trades' [aggressive_hybrid_v1_3_tp5_sl3]: C:\Users\USER\Documentos\Maestria\Mark-III\.venv\Scripts\python.exe main_pipeline.py --mode sync_trades --config C:\Users\USER\Documentos\Maestria\Mark-III\config\config_optimizado_20260513_152459.yaml
2026-06-10 03:46:52,659 | INFO | Riesgo sync_trades [aggressive_hybrid_v1_3_tp5_sl3]: open=0 break_even=0 partials=0 pending=0 last_signal=- last_action=-
2026-06-10 03:46:52,659 | INFO | Job 'sync_trades' completado.
2026-06-10 03:46:52,921 | INFO | Señal production [aggressive_hybrid_v1_4_mid_r3_4p6b_hybrid_champion_fast]: ts=2026-06-10 11:45:00 signal=HOLD primary=HOLD(0.667) filter=HOLD support=0.0 pips=-1.8773260067206379 reason=signal_hold entry= sl= tp=
2026-06-10 03:46:52,921 | INFO | Job 'production' completado.
2026-06-10 03:47:45,017 | INFO | Ejecutando job 'sync_trades' [aggressive_hybrid_v1_3_tp5_sl3]: C:\Users\USER\Documentos\Maestria\Mark-III\.venv\Scripts\python.exe main_pipeline.py --mode sync_trades --config C:\Users\USER\Documentos\Maestria\Mark-III\config\config_optimizado_20260513_152459.yaml
2026-06-10 03:47:50,503 | INFO | Riesgo sync_trades [aggressive_hybrid_v1_3_tp5_sl3]: open=0 break_even=0 partials=0 pending=0 last_signal=- last_action=-
2026-06-10 03:47:50,503 | INFO | Job 'sync_trades' completado.
2026-06-10 03:48:13,576 | INFO | Riesgo monitor_runtime [aggressive_hybrid_v1_3_tp5_sl3]: open=0 break_even=0 partials=0 pending=0 last_signal=- last_action=-
2026-06-10 03:48:45,029 | INFO | Ejecutando job 'sync_trades' [aggressive_hybrid_v1_3_tp5_sl3]: C:\Users\USER\Documentos\Maestria\Mark-III\.venv\Scripts\python.exe main_pipeline.py --mode sync_trades --config C:\Users\USER\Documentos\Maestria\Mark-III\config\config_optimizado_20260513_152459.yaml
2026-06-10 03:48:50,857 | INFO | Riesgo sync_trades [aggressive_hybrid_v1_3_tp5_sl3]: open=0 break_even=0 partials=0 pending=0 last_signal=- last_action=-
2026-06-10 03:48:50,857 | INFO | Job 'sync_trades' completado.
2026-06-10 03:49:45,021 | INFO | Ejecutando job 'sync_trades' [aggressive_hybrid_v1_3_tp5_sl3]: C:\Users\USER\Documentos\Maestria\Mark-III\.venv\Scripts\python.exe main_pipeline.py --mode sync_trades --config C:\Users\USER\Documentos\Maestria\Mark-III\config\config_optimizado_20260513_152459.yaml
2026-06-10 03:49:50,406 | INFO | Riesgo sync_trades [aggressive_hybrid_v1_3_tp5_sl3]: open=0 break_even=0 partials=0 pending=0 last_signal=- last_action=-
2026-06-10 03:49:50,406 | INFO | Job 'sync_trades' completado.
2026-06-10 03:50:13,733 | INFO | Riesgo monitor_runtime [aggressive_hybrid_v1_3_tp5_sl3]: open=0 break_even=0 partials=0 pending=0 last_signal=- last_action=-
2026-06-10 03:50:45,020 | INFO | Ejecutando job 'sync_trades' [aggressive_hybrid_v1_3_tp5_sl3]: C:\Users\USER\Documentos\Maestria\Mark-III\.venv\Scripts\python.exe main_pipeline.py --mode sync_trades --config C:\Users\USER\Documentos\Maestria\Mark-III\config\config_optimizado_20260513_152459.yaml
2026-06-10 03:50:50,252 | INFO | Riesgo sync_trades [aggressive_hybrid_v1_3_tp5_sl3]: open=0 break_even=0 partials=0 pending=0 last_signal=- last_action=-
2026-06-10 03:50:50,253 | INFO | Job 'sync_trades' completado.
2026-06-10 03:51:15,052 | INFO | Ejecutando job 'production' [aggressive_hybrid_v1_3_tp5_sl3]: C:\Users\USER\Documentos\Maestria\Mark-III\.venv\Scripts\python.exe main_pipeline.py --mode production --config C:\Users\USER\Documentos\Maestria\Mark-III\config\config_optimizado_20260513_152459.yaml
2026-06-10 03:51:25,722 | INFO | Señal production [aggressive_hybrid_v1_3_tp5_sl3]: ts=2026-06-10 11:50:00 signal=HOLD primary=HOLD(0.564) filter=HOLD support=0.0 pips=-1.554368922378712 reason=signal_hold entry= sl= tp=
2026-06-10 03:51:25,722 | INFO | Job 'production' completado.
2026-06-10 03:51:40,047 | INFO | Ejecutando job 'production' [aggressive_hybrid_v1_4_mid_r3_4p6b_hybrid_champion_fast]: C:\Users\USER\Documentos\Maestria\Mark-III\.venv\Scripts\python.exe main_pipeline.py --mode production --config C:\Users\USER\Documentos\Maestria\Mark-III\config\config_optimizado_20260603_075730.yaml
2026-06-10 03:51:45,024 | INFO | Ejecutando job 'sync_trades' [aggressive_hybrid_v1_3_tp5_sl3]: C:\Users\USER\Documentos\Maestria\Mark-III\.venv\Scripts\python.exe main_pipeline.py --mode sync_trades --config C:\Users\USER\Documentos\Maestria\Mark-III\config\config_optimizado_20260513_152459.yaml
2026-06-10 03:51:52,079 | INFO | Riesgo sync_trades [aggressive_hybrid_v1_3_tp5_sl3]: open=0 break_even=0 partials=0 pending=0 last_signal=- last_action=-
2026-06-10 03:51:52,079 | INFO | Job 'sync_trades' completado.
2026-06-10 03:51:52,983 | INFO | Señal production [aggressive_hybrid_v1_4_mid_r3_4p6b_hybrid_champion_fast]: ts=2026-06-10 11:50:00 signal=HOLD primary=HOLD(0.618) filter=HOLD support=0.0 pips=1.521034237446816 reason=signal_hold entry= sl= tp=
2026-06-10 03:51:52,983 | INFO | Job 'production' completado.
2026-06-10 03:52:14,259 | INFO | Riesgo monitor_runtime [aggressive_hybrid_v1_3_tp5_sl3]: open=0 break_even=0 partials=0 pending=0 last_signal=- last_action=-
2026-06-10 03:52:45,028 | INFO | Ejecutando job 'sync_trades' [aggressive_hybrid_v1_3_tp5_sl3]: C:\Users\USER\Documentos\Maestria\Mark-III\.venv\Scripts\python.exe main_pipeline.py --mode sync_trades --config C:\Users\USER\Documentos\Maestria\Mark-III\config\config_optimizado_20260513_152459.yaml
2026-06-10 03:52:50,516 | INFO | Riesgo sync_trades [aggressive_hybrid_v1_3_tp5_sl3]: open=0 break_even=0 partials=0 pending=0 last_signal=- last_action=-
2026-06-10 03:52:50,517 | INFO | Job 'sync_trades' completado.
2026-06-10 03:53:45,018 | INFO | Ejecutando job 'sync_trades' [aggressive_hybrid_v1_3_tp5_sl3]: C:\Users\USER\Documentos\Maestria\Mark-III\.venv\Scripts\python.exe main_pipeline.py --mode sync_trades --config C:\Users\USER\Documentos\Maestria\Mark-III\config\config_optimizado_20260513_152459.yaml
2026-06-10 03:53:50,289 | INFO | Riesgo sync_trades [aggressive_hybrid_v1_3_tp5_sl3]: open=0 break_even=0 partials=0 pending=0 last_signal=- last_action=-
2026-06-10 03:53:50,289 | INFO | Job 'sync_trades' completado.
2026-06-10 03:54:14,249 | INFO | Riesgo monitor_runtime [aggressive_hybrid_v1_3_tp5_sl3]: open=0 break_even=0 partials=0 pending=0 last_signal=- last_action=-
2026-06-10 03:54:45,022 | INFO | Ejecutando job 'sync_trades' [aggressive_hybrid_v1_3_tp5_sl3]: C:\Users\USER\Documentos\Maestria\Mark-III\.venv\Scripts\python.exe main_pipeline.py --mode sync_trades --config C:\Users\USER\Documentos\Maestria\Mark-III\config\config_optimizado_20260513_152459.yaml
2026-06-10 03:54:50,528 | INFO | Riesgo sync_trades [aggressive_hybrid_v1_3_tp5_sl3]: open=0 break_even=0 partials=0 pending=0 last_signal=- last_action=-
2026-06-10 03:54:50,528 | INFO | Job 'sync_trades' completado.
2026-06-10 03:55:45,025 | INFO | Ejecutando job 'sync_trades' [aggressive_hybrid_v1_3_tp5_sl3]: C:\Users\USER\Documentos\Maestria\Mark-III\.venv\Scripts\python.exe main_pipeline.py --mode sync_trades --config C:\Users\USER\Documentos\Maestria\Mark-III\config\config_optimizado_20260513_152459.yaml
2026-06-10 03:55:50,729 | INFO | Riesgo sync_trades [aggressive_hybrid_v1_3_tp5_sl3]: open=0 break_even=0 partials=0 pending=0 last_signal=- last_action=-
2026-06-10 03:55:50,729 | INFO | Job 'sync_trades' completado.
2026-06-10 03:56:13,890 | INFO | Riesgo monitor_runtime [aggressive_hybrid_v1_3_tp5_sl3]: open=0 break_even=0 partials=0 pending=0 last_signal=- last_action=-
2026-06-10 03:56:15,075 | INFO | Ejecutando job 'production' [aggressive_hybrid_v1_3_tp5_sl3]: C:\Users\USER\Documentos\Maestria\Mark-III\.venv\Scripts\python.exe main_pipeline.py --mode production --config C:\Users\USER\Documentos\Maestria\Mark-III\config\config_optimizado_20260513_152459.yaml
2026-06-10 03:56:26,187 | INFO | Señal production [aggressive_hybrid_v1_3_tp5_sl3]: ts=2026-06-10 11:55:00 signal=HOLD primary=HOLD(0.489) filter=HOLD support=0.0 pips=0.7876797766614541 reason=signal_hold entry= sl= tp=
2026-06-10 03:56:26,188 | INFO | Job 'production' completado.
2026-06-10 03:56:40,050 | INFO | Ejecutando job 'production' [aggressive_hybrid_v1_4_mid_r3_4p6b_hybrid_champion_fast]: C:\Users\USER\Documentos\Maestria\Mark-III\.venv\Scripts\python.exe main_pipeline.py --mode production --config C:\Users\USER\Documentos\Maestria\Mark-III\config\config_optimizado_20260603_075730.yaml
2026-06-10 03:56:45,023 | INFO | Ejecutando job 'sync_trades' [aggressive_hybrid_v1_3_tp5_sl3]: C:\Users\USER\Documentos\Maestria\Mark-III\.venv\Scripts\python.exe main_pipeline.py --mode sync_trades --config C:\Users\USER\Documentos\Maestria\Mark-III\config\config_optimizado_20260513_152459.yaml
2026-06-10 03:56:52,992 | INFO | Riesgo sync_trades [aggressive_hybrid_v1_3_tp5_sl3]: open=0 break_even=0 partials=0 pending=0 last_signal=- last_action=-
2026-06-10 03:56:52,993 | INFO | Job 'sync_trades' completado.
2026-06-10 03:56:54,293 | INFO | Señal production [aggressive_hybrid_v1_4_mid_r3_4p6b_hybrid_champion_fast]: ts=2026-06-10 11:55:00 signal=HOLD primary=HOLD(0.472) filter=HOLD support=0.0 pips=0.46074009774521785 reason=signal_hold entry= sl= tp=
2026-06-10 03:56:54,293 | INFO | Job 'production' completado.
2026-06-10 03:57:45,023 | INFO | Ejecutando job 'sync_trades' [aggressive_hybrid_v1_3_tp5_sl3]: C:\Users\USER\Documentos\Maestria\Mark-III\.venv\Scripts\python.exe main_pipeline.py --mode sync_trades --config C:\Users\USER\Documentos\Maestria\Mark-III\config\config_optimizado_20260513_152459.yaml
2026-06-10 03:57:50,422 | INFO | Riesgo sync_trades [aggressive_hybrid_v1_3_tp5_sl3]: open=0 break_even=0 partials=0 pending=0 last_signal=- last_action=-
2026-06-10 03:57:50,423 | INFO | Job 'sync_trades' completado.
2026-06-10 03:58:15,516 | INFO | Riesgo monitor_runtime [aggressive_hybrid_v1_3_tp5_sl3]: open=0 break_even=0 partials=0 pending=0 last_signal=- last_action=-
2026-06-10 03:58:45,020 | INFO | Ejecutando job 'sync_trades' [aggressive_hybrid_v1_3_tp5_sl3]: C:\Users\USER\Documentos\Maestria\Mark-III\.venv\Scripts\python.exe main_pipeline.py --mode sync_trades --config C:\Users\USER\Documentos\Maestria\Mark-III\config\config_optimizado_20260513_152459.yaml
2026-06-10 03:59:02,096 | INFO | Riesgo sync_trades [aggressive_hybrid_v1_3_tp5_sl3]: open=0 break_even=0 partials=0 pending=0 last_signal=- last_action=-
2026-06-10 03:59:02,110 | INFO | Job 'sync_trades' completado.
2026-06-10 03:59:45,030 | INFO | Ejecutando job 'sync_trades' [aggressive_hybrid_v1_3_tp5_sl3]: C:\Users\USER\Documentos\Maestria\Mark-III\.venv\Scripts\python.exe main_pipeline.py --mode sync_trades --config C:\Users\USER\Documentos\Maestria\Mark-III\config\config_optimizado_20260513_152459.yaml
2026-06-10 03:59:50,505 | INFO | Riesgo sync_trades [aggressive_hybrid_v1_3_tp5_sl3]: open=0 break_even=0 partials=0 pending=0 last_signal=- last_action=-
2026-06-10 03:59:50,505 | INFO | Job 'sync_trades' completado.
2026-06-10 04:00:14,132 | INFO | Riesgo monitor_runtime [aggressive_hybrid_v1_3_tp5_sl3]: open=0 break_even=0 partials=0 pending=0 last_signal=- last_action=-
2026-06-10 04:00:45,022 | INFO | Ejecutando job 'sync_trades' [aggressive_hybrid_v1_3_tp5_sl3]: C:\Users\USER\Documentos\Maestria\Mark-III\.venv\Scripts\python.exe main_pipeline.py --mode sync_trades --config C:\Users\USER\Documentos\Maestria\Mark-III\config\config_optimizado_20260513_152459.yaml
2026-06-10 04:00:50,481 | INFO | Riesgo sync_trades [aggressive_hybrid_v1_3_tp5_sl3]: open=0 break_even=0 partials=0 pending=0 last_signal=- last_action=-
2026-06-10 04:00:50,481 | INFO | Job 'sync_trades' completado.
2026-06-10 04:01:15,067 | INFO | Ejecutando job 'production' [aggressive_hybrid_v1_3_tp5_sl3]: C:\Users\USER\Documentos\Maestria\Mark-III\.venv\Scripts\python.exe main_pipeline.py --mode production --config C:\Users\USER\Documentos\Maestria\Mark-III\config\config_optimizado_20260513_152459.yaml
2026-06-10 04:01:27,351 | INFO | Señal production [aggressive_hybrid_v1_3_tp5_sl3]: ts=2026-06-10 12:00:00 signal=HOLD primary=BUY(0.754) filter=HOLD support=0.01556981583306112 pips=3.486313698570492 reason=filter_hold_wait_candle_retrace entry=1.15555 sl=1.15515 tp=1.156
2026-06-10 04:01:27,351 | INFO | Job 'production' completado.
2026-06-10 04:01:40,064 | INFO | Ejecutando job 'production' [aggressive_hybrid_v1_4_mid_r3_4p6b_hybrid_champion_fast]: C:\Users\USER\Documentos\Maestria\Mark-III\.venv\Scripts\python.exe main_pipeline.py --mode production --config C:\Users\USER\Documentos\Maestria\Mark-III\config\config_optimizado_20260603_075730.yaml
2026-06-10 04:01:45,027 | INFO | Ejecutando job 'sync_trades' [aggressive_hybrid_v1_3_tp5_sl3]: C:\Users\USER\Documentos\Maestria\Mark-III\.venv\Scripts\python.exe main_pipeline.py --mode sync_trades --config C:\Users\USER\Documentos\Maestria\Mark-III\config\config_optimizado_20260513_152459.yaml
2026-06-10 04:01:52,413 | INFO | Riesgo sync_trades [aggressive_hybrid_v1_3_tp5_sl3]: open=0 break_even=0 partials=0 pending=0 last_signal=- last_action=-
2026-06-10 04:01:52,414 | INFO | Job 'sync_trades' completado.
2026-06-10 04:01:53,006 | INFO | Señal production [aggressive_hybrid_v1_4_mid_r3_4p6b_hybrid_champion_fast]: ts=2026-06-10 12:00:00 signal=HOLD primary=BUY(0.725) filter=HOLD support=0.30513654589364647 pips=2.3024672983335717 reason=filter_hold_wait_candle_retrace entry=1.15559 sl=1.15534 tp=1.15584
2026-06-10 04:01:53,006 | INFO | Job 'production' completado.
2026-06-10 04:02:14,425 | INFO | Riesgo monitor_runtime [aggressive_hybrid_v1_3_tp5_sl3]: open=0 break_even=0 partials=0 pending=0 last_signal=- last_action=-
2026-06-10 04:02:45,029 | INFO | Ejecutando job 'sync_trades' [aggressive_hybrid_v1_3_tp5_sl3]: C:\Users\USER\Documentos\Maestria\Mark-III\.venv\Scripts\python.exe main_pipeline.py --mode sync_trades --config C:\Users\USER\Documentos\Maestria\Mark-III\config\config_optimizado_20260513_152459.yaml
2026-06-10 04:02:50,324 | INFO | Riesgo sync_trades [aggressive_hybrid_v1_3_tp5_sl3]: open=0 break_even=0 partials=0 pending=0 last_signal=- last_action=-
2026-06-10 04:02:50,324 | INFO | Job 'sync_trades' completado.
2026-06-10 04:03:45,022 | INFO | Ejecutando job 'sync_trades' [aggressive_hybrid_v1_3_tp5_sl3]: C:\Users\USER\Documentos\Maestria\Mark-III\.venv\Scripts\python.exe main_pipeline.py --mode sync_trades --config C:\Users\USER\Documentos\Maestria\Mark-III\config\config_optimizado_20260513_152459.yaml
2026-06-10 04:03:50,316 | INFO | Riesgo sync_trades [aggressive_hybrid_v1_3_tp5_sl3]: open=0 break_even=0 partials=0 pending=0 last_signal=- last_action=-
2026-06-10 04:03:50,316 | INFO | Job 'sync_trades' completado.
2026-06-10 04:04:14,029 | INFO | Riesgo monitor_runtime [aggressive_hybrid_v1_3_tp5_sl3]: open=0 break_even=0 partials=0 pending=0 last_signal=- last_action=-
2026-06-10 04:04:45,017 | INFO | Ejecutando job 'sync_trades' [aggressive_hybrid_v1_3_tp5_sl3]: C:\Users\USER\Documentos\Maestria\Mark-III\.venv\Scripts\python.exe main_pipeline.py --mode sync_trades --config C:\Users\USER\Documentos\Maestria\Mark-III\config\config_optimizado_20260513_152459.yaml
2026-06-10 04:04:50,469 | INFO | Riesgo sync_trades [aggressive_hybrid_v1_3_tp5_sl3]: open=0 break_even=0 partials=0 pending=0 last_signal=- last_action=-
2026-06-10 04:04:50,469 | INFO | Job 'sync_trades' completado.
2026-06-10 04:05:45,020 | INFO | Ejecutando job 'sync_trades' [aggressive_hybrid_v1_3_tp5_sl3]: C:\Users\USER\Documentos\Maestria\Mark-III\.venv\Scripts\python.exe main_pipeline.py --mode sync_trades --config C:\Users\USER\Documentos\Maestria\Mark-III\config\config_optimizado_20260513_152459.yaml
2026-06-10 04:05:50,289 | INFO | Riesgo sync_trades [aggressive_hybrid_v1_3_tp5_sl3]: open=0 break_even=0 partials=0 pending=0 last_signal=- last_action=-
2026-06-10 04:05:50,289 | INFO | Job 'sync_trades' completado.
2026-06-10 04:06:14,440 | INFO | Riesgo monitor_runtime [aggressive_hybrid_v1_3_tp5_sl3]: open=0 break_even=0 partials=0 pending=0 last_signal=- last_action=-
2026-06-10 04:06:15,084 | INFO | Ejecutando job 'production' [aggressive_hybrid_v1_3_tp5_sl3]: C:\Users\USER\Documentos\Maestria\Mark-III\.venv\Scripts\python.exe main_pipeline.py --mode production --config C:\Users\USER\Documentos\Maestria\Mark-III\config\config_optimizado_20260513_152459.yaml
2026-06-10 04:06:25,736 | INFO | Señal production [aggressive_hybrid_v1_3_tp5_sl3]: ts=2026-06-10 12:05:00 signal=HOLD primary=BUY(0.736) filter=HOLD support=0.041271730931318695 pips=3.307558086177228 reason=filter_hold_wait_candle_retrace entry=1.15566 sl=1.15525 tp=1.15611
2026-06-10 04:06:25,736 | INFO | Job 'production' completado.
2026-06-10 04:06:40,053 | INFO | Ejecutando job 'production' [aggressive_hybrid_v1_4_mid_r3_4p6b_hybrid_champion_fast]: C:\Users\USER\Documentos\Maestria\Mark-III\.venv\Scripts\python.exe main_pipeline.py --mode production --config C:\Users\USER\Documentos\Maestria\Mark-III\config\config_optimizado_20260603_075730.yaml
2026-06-10 04:06:45,021 | INFO | Ejecutando job 'sync_trades' [aggressive_hybrid_v1_3_tp5_sl3]: C:\Users\USER\Documentos\Maestria\Mark-III\.venv\Scripts\python.exe main_pipeline.py --mode sync_trades --config C:\Users\USER\Documentos\Maestria\Mark-III\config\config_optimizado_20260513_152459.yaml
2026-06-10 04:06:52,149 | INFO | Riesgo sync_trades [aggressive_hybrid_v1_3_tp5_sl3]: open=0 break_even=0 partials=0 pending=0 last_signal=- last_action=-
2026-06-10 04:06:52,149 | INFO | Job 'sync_trades' completado.
2026-06-10 04:06:53,553 | INFO | Señal production [aggressive_hybrid_v1_4_mid_r3_4p6b_hybrid_champion_fast]: ts=2026-06-10 12:05:00 signal=HOLD primary=BUY(0.804) filter=HOLD support=0.1044974486064445 pips=2.879816477156512 reason=filter_hold_wait_candle_retrace entry=1.15573 sl=1.15544 tp=1.15602
2026-06-10 04:06:53,554 | INFO | Job 'production' completado.
2026-06-10 04:07:45,014 | INFO | Ejecutando job 'sync_trades' [aggressive_hybrid_v1_3_tp5_sl3]: C:\Users\USER\Documentos\Maestria\Mark-III\.venv\Scripts\python.exe main_pipeline.py --mode sync_trades --config C:\Users\USER\Documentos\Maestria\Mark-III\config\config_optimizado_20260513_152459.yaml
2026-06-10 04:07:50,362 | INFO | Riesgo sync_trades [aggressive_hybrid_v1_3_tp5_sl3]: open=0 break_even=0 partials=0 pending=0 last_signal=- last_action=-
2026-06-10 04:07:50,362 | INFO | Job 'sync_trades' completado.
2026-06-10 04:08:13,686 | INFO | Riesgo monitor_runtime [aggressive_hybrid_v1_3_tp5_sl3]: open=0 break_even=0 partials=0 pending=0 last_signal=- last_action=-
2026-06-10 04:08:45,027 | INFO | Ejecutando job 'sync_trades' [aggressive_hybrid_v1_3_tp5_sl3]: C:\Users\USER\Documentos\Maestria\Mark-III\.venv\Scripts\python.exe main_pipeline.py --mode sync_trades --config C:\Users\USER\Documentos\Maestria\Mark-III\config\config_optimizado_20260513_152459.yaml
2026-06-10 04:08:51,105 | INFO | Riesgo sync_trades [aggressive_hybrid_v1_3_tp5_sl3]: open=0 break_even=0 partials=0 pending=0 last_signal=- last_action=-
2026-06-10 04:08:51,105 | INFO | Job 'sync_trades' completado.
2026-06-10 04:09:45,016 | INFO | Ejecutando job 'sync_trades' [aggressive_hybrid_v1_3_tp5_sl3]: C:\Users\USER\Documentos\Maestria\Mark-III\.venv\Scripts\python.exe main_pipeline.py --mode sync_trades --config C:\Users\USER\Documentos\Maestria\Mark-III\config\config_optimizado_20260513_152459.yaml
2026-06-10 04:09:50,309 | INFO | Riesgo sync_trades [aggressive_hybrid_v1_3_tp5_sl3]: open=0 break_even=0 partials=0 pending=0 last_signal=- last_action=-
2026-06-10 04:09:50,309 | INFO | Job 'sync_trades' completado.
2026-06-10 04:10:13,721 | INFO | Riesgo monitor_runtime [aggressive_hybrid_v1_3_tp5_sl3]: open=0 break_even=0 partials=0 pending=0 last_signal=- last_action=-
2026-06-10 04:10:45,025 | INFO | Ejecutando job 'sync_trades' [aggressive_hybrid_v1_3_tp5_sl3]: C:\Users\USER\Documentos\Maestria\Mark-III\.venv\Scripts\python.exe main_pipeline.py --mode sync_trades --config C:\Users\USER\Documentos\Maestria\Mark-III\config\config_optimizado_20260513_152459.yaml
2026-06-10 04:10:50,377 | INFO | Riesgo sync_trades [aggressive_hybrid_v1_3_tp5_sl3]: open=0 break_even=0 partials=0 pending=0 last_signal=- last_action=-
2026-06-10 04:10:50,377 | INFO | Job 'sync_trades' completado.
2026-06-10 04:11:15,049 | INFO | Ejecutando job 'production' [aggressive_hybrid_v1_3_tp5_sl3]: C:\Users\USER\Documentos\Maestria\Mark-III\.venv\Scripts\python.exe main_pipeline.py --mode production --config C:\Users\USER\Documentos\Maestria\Mark-III\config\config_optimizado_20260513_152459.yaml
2026-06-10 04:11:25,595 | INFO | Señal production [aggressive_hybrid_v1_3_tp5_sl3]: ts=2026-06-10 12:10:00 signal=HOLD primary=BUY(0.801) filter=HOLD support=-0.014828052636223998 pips=3.971635854954134 reason=filter_hold_wait_candle_retrace entry=1.15573 sl=1.15532 tp=1.15618
2026-06-10 04:11:25,595 | INFO | Job 'production' completado.
2026-06-10 04:11:40,044 | INFO | Ejecutando job 'production' [aggressive_hybrid_v1_4_mid_r3_4p6b_hybrid_champion_fast]: C:\Users\USER\Documentos\Maestria\Mark-III\.venv\Scripts\python.exe main_pipeline.py --mode production --config C:\Users\USER\Documentos\Maestria\Mark-III\config\config_optimizado_20260603_075730.yaml
2026-06-10 04:11:45,024 | INFO | Ejecutando job 'sync_trades' [aggressive_hybrid_v1_3_tp5_sl3]: C:\Users\USER\Documentos\Maestria\Mark-III\.venv\Scripts\python.exe main_pipeline.py --mode sync_trades --config C:\Users\USER\Documentos\Maestria\Mark-III\config\config_optimizado_20260513_152459.yaml
2026-06-10 04:11:51,986 | INFO | Riesgo sync_trades [aggressive_hybrid_v1_3_tp5_sl3]: open=0 break_even=0 partials=0 pending=0 last_signal=- last_action=-
2026-06-10 04:11:51,987 | INFO | Job 'sync_trades' completado.
2026-06-10 04:11:52,790 | INFO | Señal production [aggressive_hybrid_v1_4_mid_r3_4p6b_hybrid_champion_fast]: ts=2026-06-10 12:10:00 signal=HOLD primary=HOLD(0.475) filter=HOLD support=0.0 pips=0.48670000280105796 reason=signal_hold entry= sl= tp=
2026-06-10 04:11:52,790 | INFO | Job 'production' completado.
2026-06-10 04:12:14,038 | INFO | Riesgo monitor_runtime [aggressive_hybrid_v1_3_tp5_sl3]: open=0 break_even=0 partials=0 pending=0 last_signal=- last_action=-
2026-06-10 04:12:45,022 | INFO | Ejecutando job 'sync_trades' [aggressive_hybrid_v1_3_tp5_sl3]: C:\Users\USER\Documentos\Maestria\Mark-III\.venv\Scripts\python.exe main_pipeline.py --mode sync_trades --config C:\Users\USER\Documentos\Maestria\Mark-III\config\config_optimizado_20260513_152459.yaml
2026-06-10 04:12:50,357 | INFO | Riesgo sync_trades [aggressive_hybrid_v1_3_tp5_sl3]: open=0 break_even=0 partials=0 pending=0 last_signal=- last_action=-
2026-06-10 04:12:50,357 | INFO | Job 'sync_trades' completado.
2026-06-10 04:13:45,015 | INFO | Ejecutando job 'sync_trades' [aggressive_hybrid_v1_3_tp5_sl3]: C:\Users\USER\Documentos\Maestria\Mark-III\.venv\Scripts\python.exe main_pipeline.py --mode sync_trades --config C:\Users\USER\Documentos\Maestria\Mark-III\config\config_optimizado_20260513_152459.yaml
2026-06-10 04:13:50,291 | INFO | Riesgo sync_trades [aggressive_hybrid_v1_3_tp5_sl3]: open=0 break_even=0 partials=0 pending=0 last_signal=- last_action=-
2026-06-10 04:13:50,291 | INFO | Job 'sync_trades' completado.
2026-06-10 04:14:13,876 | INFO | Riesgo monitor_runtime [aggressive_hybrid_v1_3_tp5_sl3]: open=0 break_even=0 partials=0 pending=0 last_signal=- last_action=-
2026-06-10 04:14:45,015 | INFO | Ejecutando job 'sync_trades' [aggressive_hybrid_v1_3_tp5_sl3]: C:\Users\USER\Documentos\Maestria\Mark-III\.venv\Scripts\python.exe main_pipeline.py --mode sync_trades --config C:\Users\USER\Documentos\Maestria\Mark-III\config\config_optimizado_20260513_152459.yaml
2026-06-10 04:14:50,413 | INFO | Riesgo sync_trades [aggressive_hybrid_v1_3_tp5_sl3]: open=0 break_even=0 partials=0 pending=0 last_signal=- last_action=-
2026-06-10 04:14:50,413 | INFO | Job 'sync_trades' completado.
2026-06-10 04:15:45,013 | INFO | Ejecutando job 'sync_trades' [aggressive_hybrid_v1_3_tp5_sl3]: C:\Users\USER\Documentos\Maestria\Mark-III\.venv\Scripts\python.exe main_pipeline.py --mode sync_trades --config C:\Users\USER\Documentos\Maestria\Mark-III\config\config_optimizado_20260513_152459.yaml
2026-06-10 04:15:50,317 | INFO | Riesgo sync_trades [aggressive_hybrid_v1_3_tp5_sl3]: open=0 break_even=0 partials=0 pending=0 last_signal=- last_action=-
2026-06-10 04:15:50,317 | INFO | Job 'sync_trades' completado.
2026-06-10 04:16:14,194 | INFO | Riesgo monitor_runtime [aggressive_hybrid_v1_3_tp5_sl3]: open=0 break_even=0 partials=0 pending=0 last_signal=- last_action=-
2026-06-10 04:16:15,056 | INFO | Ejecutando job 'production' [aggressive_hybrid_v1_3_tp5_sl3]: C:\Users\USER\Documentos\Maestria\Mark-III\.venv\Scripts\python.exe main_pipeline.py --mode production --config C:\Users\USER\Documentos\Maestria\Mark-III\config\config_optimizado_20260513_152459.yaml
2026-06-10 04:16:25,549 | INFO | Señal production [aggressive_hybrid_v1_3_tp5_sl3]: ts=2026-06-10 12:15:00 signal=HOLD primary=HOLD(0.578) filter=HOLD support=0.0 pips=-1.6941614277374222 reason=signal_hold entry= sl= tp=
2026-06-10 04:16:25,549 | INFO | Job 'production' completado.
2026-06-10 04:16:40,050 | INFO | Ejecutando job 'production' [aggressive_hybrid_v1_4_mid_r3_4p6b_hybrid_champion_fast]: C:\Users\USER\Documentos\Maestria\Mark-III\.venv\Scripts\python.exe main_pipeline.py --mode production --config C:\Users\USER\Documentos\Maestria\Mark-III\config\config_optimizado_20260603_075730.yaml
2026-06-10 04:16:45,013 | INFO | Ejecutando job 'sync_trades' [aggressive_hybrid_v1_3_tp5_sl3]: C:\Users\USER\Documentos\Maestria\Mark-III\.venv\Scripts\python.exe main_pipeline.py --mode sync_trades --config C:\Users\USER\Documentos\Maestria\Mark-III\config\config_optimizado_20260513_152459.yaml
2026-06-10 04:16:51,662 | INFO | Riesgo sync_trades [aggressive_hybrid_v1_3_tp5_sl3]: open=0 break_even=0 partials=0 pending=0 last_signal=- last_action=-
2026-06-10 04:16:51,662 | INFO | Job 'sync_trades' completado.
2026-06-10 04:16:52,962 | INFO | Señal production [aggressive_hybrid_v1_4_mid_r3_4p6b_hybrid_champion_fast]: ts=2026-06-10 12:15:00 signal=HOLD primary=SELL(0.912) filter=HOLD support=-0.3627791373538887 pips=-3.660111255255627 reason=filter_hold_wait_candle_retrace entry=1.1551 sl=1.15541 tp=1.15473
2026-06-10 04:16:52,962 | INFO | Job 'production' completado.
2026-06-10 04:17:45,029 | INFO | Ejecutando job 'sync_trades' [aggressive_hybrid_v1_3_tp5_sl3]: C:\Users\USER\Documentos\Maestria\Mark-III\.venv\Scripts\python.exe main_pipeline.py --mode sync_trades --config C:\Users\USER\Documentos\Maestria\Mark-III\config\config_optimizado_20260513_152459.yaml
2026-06-10 04:17:50,356 | INFO | Riesgo sync_trades [aggressive_hybrid_v1_3_tp5_sl3]: open=0 break_even=0 partials=0 pending=0 last_signal=- last_action=-
2026-06-10 04:17:50,356 | INFO | Job 'sync_trades' completado.
2026-06-10 04:18:13,847 | INFO | Riesgo monitor_runtime [aggressive_hybrid_v1_3_tp5_sl3]: open=0 break_even=0 partials=0 pending=0 last_signal=- last_action=-
2026-06-10 04:18:45,026 | INFO | Ejecutando job 'sync_trades' [aggressive_hybrid_v1_3_tp5_sl3]: C:\Users\USER\Documentos\Maestria\Mark-III\.venv\Scripts\python.exe main_pipeline.py --mode sync_trades --config C:\Users\USER\Documentos\Maestria\Mark-III\config\config_optimizado_20260513_152459.yaml
2026-06-10 04:18:50,277 | INFO | Riesgo sync_trades [aggressive_hybrid_v1_3_tp5_sl3]: open=0 break_even=0 partials=0 pending=0 last_signal=- last_action=-
2026-06-10 04:18:50,277 | INFO | Job 'sync_trades' completado.
2026-06-10 04:19:45,027 | INFO | Ejecutando job 'sync_trades' [aggressive_hybrid_v1_3_tp5_sl3]: C:\Users\USER\Documentos\Maestria\Mark-III\.venv\Scripts\python.exe main_pipeline.py --mode sync_trades --config C:\Users\USER\Documentos\Maestria\Mark-III\config\config_optimizado_20260513_152459.yaml
2026-06-10 04:19:50,693 | INFO | Riesgo sync_trades [aggressive_hybrid_v1_3_tp5_sl3]: open=0 break_even=0 partials=0 pending=0 last_signal=- last_action=-
2026-06-10 04:19:50,693 | INFO | Job 'sync_trades' completado.
2026-06-10 04:20:13,791 | INFO | Riesgo monitor_runtime [aggressive_hybrid_v1_3_tp5_sl3]: open=0 break_even=0 partials=0 pending=0 last_signal=- last_action=-
2026-06-10 04:20:45,017 | INFO | Ejecutando job 'sync_trades' [aggressive_hybrid_v1_3_tp5_sl3]: C:\Users\USER\Documentos\Maestria\Mark-III\.venv\Scripts\python.exe main_pipeline.py --mode sync_trades --config C:\Users\USER\Documentos\Maestria\Mark-III\config\config_optimizado_20260513_152459.yaml
2026-06-10 04:20:50,305 | INFO | Riesgo sync_trades [aggressive_hybrid_v1_3_tp5_sl3]: open=0 break_even=0 partials=0 pending=0 last_signal=- last_action=-
2026-06-10 04:20:50,305 | INFO | Job 'sync_trades' completado.
2026-06-10 04:21:15,058 | INFO | Ejecutando job 'production' [aggressive_hybrid_v1_3_tp5_sl3]: C:\Users\USER\Documentos\Maestria\Mark-III\.venv\Scripts\python.exe main_pipeline.py --mode production --config C:\Users\USER\Documentos\Maestria\Mark-III\config\config_optimizado_20260513_152459.yaml
2026-06-10 04:21:25,736 | INFO | Señal production [aggressive_hybrid_v1_3_tp5_sl3]: ts=2026-06-10 12:20:00 signal=HOLD primary=SELL(0.703) filter=HOLD support=-0.0014584250492729878 pips=-2.9696404195802355 reason=filter_hold_wait_candle_retrace entry=1.15519 sl=1.15559 tp=1.15474
2026-06-10 04:21:25,737 | INFO | Job 'production' completado.
2026-06-10 04:21:40,041 | INFO | Ejecutando job 'production' [aggressive_hybrid_v1_4_mid_r3_4p6b_hybrid_champion_fast]: C:\Users\USER\Documentos\Maestria\Mark-III\.venv\Scripts\python.exe main_pipeline.py --mode production --config C:\Users\USER\Documentos\Maestria\Mark-III\config\config_optimizado_20260603_075730.yaml
2026-06-10 04:21:45,022 | INFO | Ejecutando job 'sync_trades' [aggressive_hybrid_v1_3_tp5_sl3]: C:\Users\USER\Documentos\Maestria\Mark-III\.venv\Scripts\python.exe main_pipeline.py --mode sync_trades --config C:\Users\USER\Documentos\Maestria\Mark-III\config\config_optimizado_20260513_152459.yaml
2026-06-10 04:21:51,907 | INFO | Riesgo sync_trades [aggressive_hybrid_v1_3_tp5_sl3]: open=0 break_even=0 partials=0 pending=0 last_signal=- last_action=-
2026-06-10 04:21:51,907 | INFO | Job 'sync_trades' completado.
2026-06-10 04:21:53,486 | INFO | Señal production [aggressive_hybrid_v1_4_mid_r3_4p6b_hybrid_champion_fast]: ts=2026-06-10 12:20:00 signal=HOLD primary=HOLD(0.459) filter=HOLD support=0.0 pips=0.36973098449105707 reason=signal_hold entry= sl= tp=
2026-06-10 04:21:53,486 | INFO | Job 'production' completado.
2026-06-10 04:22:14,029 | INFO | Riesgo monitor_runtime [aggressive_hybrid_v1_3_tp5_sl3]: open=0 break_even=0 partials=0 pending=0 last_signal=- last_action=-
2026-06-10 04:22:45,019 | INFO | Ejecutando job 'sync_trades' [aggressive_hybrid_v1_3_tp5_sl3]: C:\Users\USER\Documentos\Maestria\Mark-III\.venv\Scripts\python.exe main_pipeline.py --mode sync_trades --config C:\Users\USER\Documentos\Maestria\Mark-III\config\config_optimizado_20260513_152459.yaml
2026-06-10 04:22:50,351 | INFO | Riesgo sync_trades [aggressive_hybrid_v1_3_tp5_sl3]: open=0 break_even=0 partials=0 pending=0 last_signal=- last_action=-
2026-06-10 04:22:50,351 | INFO | Job 'sync_trades' completado.
2026-06-10 04:23:45,016 | INFO | Ejecutando job 'sync_trades' [aggressive_hybrid_v1_3_tp5_sl3]: C:\Users\USER\Documentos\Maestria\Mark-III\.venv\Scripts\python.exe main_pipeline.py --mode sync_trades --config C:\Users\USER\Documentos\Maestria\Mark-III\config\config_optimizado_20260513_152459.yaml
2026-06-10 04:23:50,283 | INFO | Riesgo sync_trades [aggressive_hybrid_v1_3_tp5_sl3]: open=0 break_even=0 partials=0 pending=0 last_signal=- last_action=-
2026-06-10 04:23:50,283 | INFO | Job 'sync_trades' completado.
2026-06-10 04:24:14,060 | INFO | Riesgo monitor_runtime [aggressive_hybrid_v1_3_tp5_sl3]: open=0 break_even=0 partials=0 pending=0 last_signal=- last_action=-
2026-06-10 04:24:45,023 | INFO | Ejecutando job 'sync_trades' [aggressive_hybrid_v1_3_tp5_sl3]: C:\Users\USER\Documentos\Maestria\Mark-III\.venv\Scripts\python.exe main_pipeline.py --mode sync_trades --config C:\Users\USER\Documentos\Maestria\Mark-III\config\config_optimizado_20260513_152459.yaml
2026-06-10 04:24:50,517 | INFO | Riesgo sync_trades [aggressive_hybrid_v1_3_tp5_sl3]: open=0 break_even=0 partials=0 pending=0 last_signal=- last_action=-
2026-06-10 04:24:50,517 | INFO | Job 'sync_trades' completado.
2026-06-10 04:25:45,028 | INFO | Ejecutando job 'sync_trades' [aggressive_hybrid_v1_3_tp5_sl3]: C:\Users\USER\Documentos\Maestria\Mark-III\.venv\Scripts\python.exe main_pipeline.py --mode sync_trades --config C:\Users\USER\Documentos\Maestria\Mark-III\config\config_optimizado_20260513_152459.yaml
2026-06-10 04:25:50,287 | INFO | Riesgo sync_trades [aggressive_hybrid_v1_3_tp5_sl3]: open=0 break_even=0 partials=0 pending=0 last_signal=- last_action=-
2026-06-10 04:25:50,287 | INFO | Job 'sync_trades' completado.
2026-06-10 04:26:14,467 | INFO | Riesgo monitor_runtime [aggressive_hybrid_v1_3_tp5_sl3]: open=0 break_even=0 partials=0 pending=0 last_signal=- last_action=-
2026-06-10 04:26:15,060 | INFO | Ejecutando job 'production' [aggressive_hybrid_v1_3_tp5_sl3]: C:\Users\USER\Documentos\Maestria\Mark-III\.venv\Scripts\python.exe main_pipeline.py --mode production --config C:\Users\USER\Documentos\Maestria\Mark-III\config\config_optimizado_20260513_152459.yaml
2026-06-10 04:26:25,944 | INFO | Señal production [aggressive_hybrid_v1_3_tp5_sl3]: ts=2026-06-10 12:25:00 signal=HOLD primary=HOLD(0.577) filter=HOLD support=0.0 pips=-1.685679917364335 reason=signal_hold entry= sl= tp=
2026-06-10 04:26:25,944 | INFO | Job 'production' completado.
2026-06-10 04:26:40,059 | INFO | Ejecutando job 'production' [aggressive_hybrid_v1_4_mid_r3_4p6b_hybrid_champion_fast]: C:\Users\USER\Documentos\Maestria\Mark-III\.venv\Scripts\python.exe main_pipeline.py --mode production --config C:\Users\USER\Documentos\Maestria\Mark-III\config\config_optimizado_20260603_075730.yaml
2026-06-10 04:26:45,024 | INFO | Ejecutando job 'sync_trades' [aggressive_hybrid_v1_3_tp5_sl3]: C:\Users\USER\Documentos\Maestria\Mark-III\.venv\Scripts\python.exe main_pipeline.py --mode sync_trades --config C:\Users\USER\Documentos\Maestria\Mark-III\config\config_optimizado_20260513_152459.yaml
2026-06-10 04:26:51,892 | INFO | Riesgo sync_trades [aggressive_hybrid_v1_3_tp5_sl3]: open=0 break_even=0 partials=0 pending=0 last_signal=- last_action=-
2026-06-10 04:26:51,892 | INFO | Job 'sync_trades' completado.
2026-06-10 04:26:53,674 | INFO | Señal production [aggressive_hybrid_v1_4_mid_r3_4p6b_hybrid_champion_fast]: ts=2026-06-10 12:25:00 signal=HOLD primary=BUY(0.696) filter=HOLD support=0.2678188155155145 pips=2.094426620511005 reason=filter_hold_wait_candle_retrace entry=1.15533 sl=1.15508 tp=1.15558
2026-06-10 04:26:53,674 | INFO | Job 'production' completado.
2026-06-10 04:27:45,023 | INFO | Ejecutando job 'sync_trades' [aggressive_hybrid_v1_3_tp5_sl3]: C:\Users\USER\Documentos\Maestria\Mark-III\.venv\Scripts\python.exe main_pipeline.py --mode sync_trades --config C:\Users\USER\Documentos\Maestria\Mark-III\config\config_optimizado_20260513_152459.yaml
2026-06-10 04:27:50,345 | INFO | Riesgo sync_trades [aggressive_hybrid_v1_3_tp5_sl3]: open=0 break_even=0 partials=0 pending=0 last_signal=- last_action=-
2026-06-10 04:27:50,345 | INFO | Job 'sync_trades' completado.
2026-06-10 04:28:14,528 | INFO | Riesgo monitor_runtime [aggressive_hybrid_v1_3_tp5_sl3]: open=0 break_even=0 partials=0 pending=0 last_signal=- last_action=-
2026-06-10 04:28:45,022 | INFO | Ejecutando job 'sync_trades' [aggressive_hybrid_v1_3_tp5_sl3]: C:\Users\USER\Documentos\Maestria\Mark-III\.venv\Scripts\python.exe main_pipeline.py --mode sync_trades --config C:\Users\USER\Documentos\Maestria\Mark-III\config\config_optimizado_20260513_152459.yaml
2026-06-10 04:28:50,381 | INFO | Riesgo sync_trades [aggressive_hybrid_v1_3_tp5_sl3]: open=0 break_even=0 partials=0 pending=0 last_signal=- last_action=-
2026-06-10 04:28:50,381 | INFO | Job 'sync_trades' completado.
2026-06-10 04:29:45,030 | INFO | Ejecutando job 'sync_trades' [aggressive_hybrid_v1_3_tp5_sl3]: C:\Users\USER\Documentos\Maestria\Mark-III\.venv\Scripts\python.exe main_pipeline.py --mode sync_trades --config C:\Users\USER\Documentos\Maestria\Mark-III\config\config_optimizado_20260513_152459.yaml
2026-06-10 04:29:50,558 | INFO | Riesgo sync_trades [aggressive_hybrid_v1_3_tp5_sl3]: open=0 break_even=0 partials=0 pending=0 last_signal=- last_action=-
2026-06-10 04:29:50,558 | INFO | Job 'sync_trades' completado.
2026-06-10 04:30:13,642 | INFO | Riesgo monitor_runtime [aggressive_hybrid_v1_3_tp5_sl3]: open=0 break_even=0 partials=0 pending=0 last_signal=- last_action=-
2026-06-10 04:30:45,019 | INFO | Ejecutando job 'sync_trades' [aggressive_hybrid_v1_3_tp5_sl3]: C:\Users\USER\Documentos\Maestria\Mark-III\.venv\Scripts\python.exe main_pipeline.py --mode sync_trades --config C:\Users\USER\Documentos\Maestria\Mark-III\config\config_optimizado_20260513_152459.yaml
2026-06-10 04:30:50,308 | INFO | Riesgo sync_trades [aggressive_hybrid_v1_3_tp5_sl3]: open=0 break_even=0 partials=0 pending=0 last_signal=- last_action=-
2026-06-10 04:30:50,308 | INFO | Job 'sync_trades' completado.
2026-06-10 04:31:15,060 | INFO | Ejecutando job 'production' [aggressive_hybrid_v1_3_tp5_sl3]: C:\Users\USER\Documentos\Maestria\Mark-III\.venv\Scripts\python.exe main_pipeline.py --mode production --config C:\Users\USER\Documentos\Maestria\Mark-III\config\config_optimizado_20260513_152459.yaml
2026-06-10 04:31:25,628 | INFO | Señal production [aggressive_hybrid_v1_3_tp5_sl3]: ts=2026-06-10 12:30:00 signal=HOLD primary=BUY(0.696) filter=HOLD support=0.019932721899450487 pips=2.895386523440981 reason=filter_hold_wait_candle_retrace entry=1.15556 sl=1.15515 tp=1.15601
2026-06-10 04:31:25,628 | INFO | Job 'production' completado.
2026-06-10 04:31:40,046 | INFO | Ejecutando job 'production' [aggressive_hybrid_v1_4_mid_r3_4p6b_hybrid_champion_fast]: C:\Users\USER\Documentos\Maestria\Mark-III\.venv\Scripts\python.exe main_pipeline.py --mode production --config C:\Users\USER\Documentos\Maestria\Mark-III\config\config_optimizado_20260603_075730.yaml
2026-06-10 04:31:45,015 | INFO | Ejecutando job 'sync_trades' [aggressive_hybrid_v1_3_tp5_sl3]: C:\Users\USER\Documentos\Maestria\Mark-III\.venv\Scripts\python.exe main_pipeline.py --mode sync_trades --config C:\Users\USER\Documentos\Maestria\Mark-III\config\config_optimizado_20260513_152459.yaml
2026-06-10 04:31:52,351 | INFO | Riesgo sync_trades [aggressive_hybrid_v1_3_tp5_sl3]: open=0 break_even=0 partials=0 pending=0 last_signal=- last_action=-
2026-06-10 04:31:52,352 | INFO | Job 'sync_trades' completado.
2026-06-10 04:31:52,514 | INFO | Señal production [aggressive_hybrid_v1_4_mid_r3_4p6b_hybrid_champion_fast]: ts=2026-06-10 12:30:00 signal=HOLD primary=HOLD(0.622) filter=HOLD support=0.0 pips=1.5553400923772034 reason=signal_hold entry= sl= tp=
2026-06-10 04:31:52,515 | INFO | Job 'production' completado.
2026-06-10 04:32:14,111 | INFO | Riesgo monitor_runtime [aggressive_hybrid_v1_3_tp5_sl3]: open=0 break_even=0 partials=0 pending=0 last_signal=- last_action=-
2026-06-10 04:32:45,027 | INFO | Ejecutando job 'sync_trades' [aggressive_hybrid_v1_3_tp5_sl3]: C:\Users\USER\Documentos\Maestria\Mark-III\.venv\Scripts\python.exe main_pipeline.py --mode sync_trades --config C:\Users\USER\Documentos\Maestria\Mark-III\config\config_optimizado_20260513_152459.yaml
2026-06-10 04:32:50,301 | INFO | Riesgo sync_trades [aggressive_hybrid_v1_3_tp5_sl3]: open=0 break_even=0 partials=0 pending=0 last_signal=- last_action=-
2026-06-10 04:32:50,301 | INFO | Job 'sync_trades' completado.
2026-06-10 04:33:45,018 | INFO | Ejecutando job 'sync_trades' [aggressive_hybrid_v1_3_tp5_sl3]: C:\Users\USER\Documentos\Maestria\Mark-III\.venv\Scripts\python.exe main_pipeline.py --mode sync_trades --config C:\Users\USER\Documentos\Maestria\Mark-III\config\config_optimizado_20260513_152459.yaml
2026-06-10 04:33:50,396 | INFO | Riesgo sync_trades [aggressive_hybrid_v1_3_tp5_sl3]: open=0 break_even=0 partials=0 pending=0 last_signal=- last_action=-
2026-06-10 04:33:50,396 | INFO | Job 'sync_trades' completado.
2026-06-10 04:34:14,455 | INFO | Riesgo monitor_runtime [aggressive_hybrid_v1_3_tp5_sl3]: open=0 break_even=0 partials=0 pending=0 last_signal=- last_action=-
2026-06-10 04:34:45,023 | INFO | Ejecutando job 'sync_trades' [aggressive_hybrid_v1_3_tp5_sl3]: C:\Users\USER\Documentos\Maestria\Mark-III\.venv\Scripts\python.exe main_pipeline.py --mode sync_trades --config C:\Users\USER\Documentos\Maestria\Mark-III\config\config_optimizado_20260513_152459.yaml
2026-06-10 04:34:50,534 | INFO | Riesgo sync_trades [aggressive_hybrid_v1_3_tp5_sl3]: open=0 break_even=0 partials=0 pending=0 last_signal=- last_action=-
2026-06-10 04:34:50,534 | INFO | Job 'sync_trades' completado.
2026-06-10 04:35:45,015 | INFO | Ejecutando job 'sync_trades' [aggressive_hybrid_v1_3_tp5_sl3]: C:\Users\USER\Documentos\Maestria\Mark-III\.venv\Scripts\python.exe main_pipeline.py --mode sync_trades --config C:\Users\USER\Documentos\Maestria\Mark-III\config\config_optimizado_20260513_152459.yaml
2026-06-10 04:35:50,321 | INFO | Riesgo sync_trades [aggressive_hybrid_v1_3_tp5_sl3]: open=0 break_even=0 partials=0 pending=0 last_signal=- last_action=-
2026-06-10 04:35:50,321 | INFO | Job 'sync_trades' completado.
2026-06-10 04:36:14,272 | INFO | Riesgo monitor_runtime [aggressive_hybrid_v1_3_tp5_sl3]: open=0 break_even=0 partials=0 pending=0 last_signal=- last_action=-
2026-06-10 04:36:15,060 | INFO | Ejecutando job 'production' [aggressive_hybrid_v1_3_tp5_sl3]: C:\Users\USER\Documentos\Maestria\Mark-III\.venv\Scripts\python.exe main_pipeline.py --mode production --config C:\Users\USER\Documentos\Maestria\Mark-III\config\config_optimizado_20260513_152459.yaml
2026-06-10 04:36:26,113 | INFO | Señal production [aggressive_hybrid_v1_3_tp5_sl3]: ts=2026-06-10 12:35:00 signal=HOLD primary=BUY(0.694) filter=HOLD support=0.00892348548042056 pips=2.879977655103951 reason=filter_hold_wait_candle_retrace entry=1.15572 sl=1.15532 tp=1.15617
2026-06-10 04:36:26,113 | INFO | Job 'production' completado.
2026-06-10 04:36:40,064 | INFO | Ejecutando job 'production' [aggressive_hybrid_v1_4_mid_r3_4p6b_hybrid_champion_fast]: C:\Users\USER\Documentos\Maestria\Mark-III\.venv\Scripts\python.exe main_pipeline.py --mode production --config C:\Users\USER\Documentos\Maestria\Mark-III\config\config_optimizado_20260603_075730.yaml
2026-06-10 04:36:45,025 | INFO | Ejecutando job 'sync_trades' [aggressive_hybrid_v1_3_tp5_sl3]: C:\Users\USER\Documentos\Maestria\Mark-III\.venv\Scripts\python.exe main_pipeline.py --mode sync_trades --config C:\Users\USER\Documentos\Maestria\Mark-III\config\config_optimizado_20260513_152459.yaml
2026-06-10 04:36:52,034 | INFO | Riesgo sync_trades [aggressive_hybrid_v1_3_tp5_sl3]: open=0 break_even=0 partials=0 pending=0 last_signal=- last_action=-
2026-06-10 04:36:52,034 | INFO | Job 'sync_trades' completado.
2026-06-10 04:36:53,773 | INFO | Señal production [aggressive_hybrid_v1_4_mid_r3_4p6b_hybrid_champion_fast]: ts=2026-06-10 12:35:00 signal=HOLD primary=HOLD(0.534) filter=HOLD support=0.0 pips=0.91350560218667 reason=signal_hold entry= sl= tp=
2026-06-10 04:36:53,773 | INFO | Job 'production' completado.
2026-06-10 04:37:45,017 | INFO | Ejecutando job 'sync_trades' [aggressive_hybrid_v1_3_tp5_sl3]: C:\Users\USER\Documentos\Maestria\Mark-III\.venv\Scripts\python.exe main_pipeline.py --mode sync_trades --config C:\Users\USER\Documentos\Maestria\Mark-III\config\config_optimizado_20260513_152459.yaml
2026-06-10 04:37:50,341 | INFO | Riesgo sync_trades [aggressive_hybrid_v1_3_tp5_sl3]: open=0 break_even=0 partials=0 pending=0 last_signal=- last_action=-
2026-06-10 04:37:50,341 | INFO | Job 'sync_trades' completado.
2026-06-10 04:38:13,730 | INFO | Riesgo monitor_runtime [aggressive_hybrid_v1_3_tp5_sl3]: open=0 break_even=0 partials=0 pending=0 last_signal=- last_action=-
2026-06-10 04:38:45,020 | INFO | Ejecutando job 'sync_trades' [aggressive_hybrid_v1_3_tp5_sl3]: C:\Users\USER\Documentos\Maestria\Mark-III\.venv\Scripts\python.exe main_pipeline.py --mode sync_trades --config C:\Users\USER\Documentos\Maestria\Mark-III\config\config_optimizado_20260513_152459.yaml
2026-06-10 04:38:50,317 | INFO | Riesgo sync_trades [aggressive_hybrid_v1_3_tp5_sl3]: open=0 break_even=0 partials=0 pending=0 last_signal=- last_action=-
2026-06-10 04:38:50,318 | INFO | Job 'sync_trades' completado.
2026-06-10 04:39:45,025 | INFO | Ejecutando job 'sync_trades' [aggressive_hybrid_v1_3_tp5_sl3]: C:\Users\USER\Documentos\Maestria\Mark-III\.venv\Scripts\python.exe main_pipeline.py --mode sync_trades --config C:\Users\USER\Documentos\Maestria\Mark-III\config\config_optimizado_20260513_152459.yaml
2026-06-10 04:39:50,495 | INFO | Riesgo sync_trades [aggressive_hybrid_v1_3_tp5_sl3]: open=0 break_even=0 partials=0 pending=0 last_signal=- last_action=-
2026-06-10 04:39:50,495 | INFO | Job 'sync_trades' completado.
2026-06-10 04:40:13,769 | INFO | Riesgo monitor_runtime [aggressive_hybrid_v1_3_tp5_sl3]: open=0 break_even=0 partials=0 pending=0 last_signal=- last_action=-
2026-06-10 04:40:45,028 | INFO | Ejecutando job 'sync_trades' [aggressive_hybrid_v1_3_tp5_sl3]: C:\Users\USER\Documentos\Maestria\Mark-III\.venv\Scripts\python.exe main_pipeline.py --mode sync_trades --config C:\Users\USER\Documentos\Maestria\Mark-III\config\config_optimizado_20260513_152459.yaml
2026-06-10 04:40:50,439 | INFO | Riesgo sync_trades [aggressive_hybrid_v1_3_tp5_sl3]: open=0 break_even=0 partials=0 pending=0 last_signal=- last_action=-
2026-06-10 04:40:50,439 | INFO | Job 'sync_trades' completado.
2026-06-10 04:41:15,067 | INFO | Ejecutando job 'production' [aggressive_hybrid_v1_3_tp5_sl3]: C:\Users\USER\Documentos\Maestria\Mark-III\.venv\Scripts\python.exe main_pipeline.py --mode production --config C:\Users\USER\Documentos\Maestria\Mark-III\config\config_optimizado_20260513_152459.yaml
2026-06-10 04:41:25,687 | INFO | Señal production [aggressive_hybrid_v1_3_tp5_sl3]: ts=2026-06-10 12:40:00 signal=HOLD primary=HOLD(0.583) filter=HOLD support=0.0 pips=1.7537347822012697 reason=signal_hold entry= sl= tp=
2026-06-10 04:41:25,688 | INFO | Job 'production' completado.
2026-06-10 04:41:40,052 | INFO | Ejecutando job 'production' [aggressive_hybrid_v1_4_mid_r3_4p6b_hybrid_champion_fast]: C:\Users\USER\Documentos\Maestria\Mark-III\.venv\Scripts\python.exe main_pipeline.py --mode production --config C:\Users\USER\Documentos\Maestria\Mark-III\config\config_optimizado_20260603_075730.yaml
2026-06-10 04:41:45,018 | INFO | Ejecutando job 'sync_trades' [aggressive_hybrid_v1_3_tp5_sl3]: C:\Users\USER\Documentos\Maestria\Mark-III\.venv\Scripts\python.exe main_pipeline.py --mode sync_trades --config C:\Users\USER\Documentos\Maestria\Mark-III\config\config_optimizado_20260513_152459.yaml
2026-06-10 04:41:52,038 | INFO | Riesgo sync_trades [aggressive_hybrid_v1_3_tp5_sl3]: open=0 break_even=0 partials=0 pending=0 last_signal=- last_action=-
2026-06-10 04:41:52,038 | INFO | Job 'sync_trades' completado.
2026-06-10 04:41:52,324 | INFO | Señal production [aggressive_hybrid_v1_4_mid_r3_4p6b_hybrid_champion_fast]: ts=2026-06-10 12:40:00 signal=HOLD primary=HOLD(0.547) filter=HOLD support=0.0 pips=1.00884216070292 reason=signal_hold entry= sl= tp=
2026-06-10 04:41:52,324 | INFO | Job 'production' completado.
2026-06-10 04:42:13,865 | INFO | Riesgo monitor_runtime [aggressive_hybrid_v1_3_tp5_sl3]: open=0 break_even=0 partials=0 pending=0 last_signal=- last_action=-
2026-06-10 04:42:45,022 | INFO | Ejecutando job 'sync_trades' [aggressive_hybrid_v1_3_tp5_sl3]: C:\Users\USER\Documentos\Maestria\Mark-III\.venv\Scripts\python.exe main_pipeline.py --mode sync_trades --config C:\Users\USER\Documentos\Maestria\Mark-III\config\config_optimizado_20260513_152459.yaml
2026-06-10 04:42:50,317 | INFO | Riesgo sync_trades [aggressive_hybrid_v1_3_tp5_sl3]: open=0 break_even=0 partials=0 pending=0 last_signal=- last_action=-
2026-06-10 04:42:50,317 | INFO | Job 'sync_trades' completado.
2026-06-10 04:43:45,026 | INFO | Ejecutando job 'sync_trades' [aggressive_hybrid_v1_3_tp5_sl3]: C:\Users\USER\Documentos\Maestria\Mark-III\.venv\Scripts\python.exe main_pipeline.py --mode sync_trades --config C:\Users\USER\Documentos\Maestria\Mark-III\config\config_optimizado_20260513_152459.yaml
2026-06-10 04:43:50,418 | INFO | Riesgo sync_trades [aggressive_hybrid_v1_3_tp5_sl3]: open=0 break_even=0 partials=0 pending=0 last_signal=- last_action=-
2026-06-10 04:43:50,418 | INFO | Job 'sync_trades' completado.
2026-06-10 04:44:14,168 | INFO | Riesgo monitor_runtime [aggressive_hybrid_v1_3_tp5_sl3]: open=0 break_even=0 partials=0 pending=0 last_signal=- last_action=-
2026-06-10 04:44:45,021 | INFO | Ejecutando job 'sync_trades' [aggressive_hybrid_v1_3_tp5_sl3]: C:\Users\USER\Documentos\Maestria\Mark-III\.venv\Scripts\python.exe main_pipeline.py --mode sync_trades --config C:\Users\USER\Documentos\Maestria\Mark-III\config\config_optimizado_20260513_152459.yaml
2026-06-10 04:44:50,382 | INFO | Riesgo sync_trades [aggressive_hybrid_v1_3_tp5_sl3]: open=0 break_even=0 partials=0 pending=0 last_signal=- last_action=-
2026-06-10 04:44:50,382 | INFO | Job 'sync_trades' completado.
2026-06-10 04:45:45,027 | INFO | Ejecutando job 'sync_trades' [aggressive_hybrid_v1_3_tp5_sl3]: C:\Users\USER\Documentos\Maestria\Mark-III\.venv\Scripts\python.exe main_pipeline.py --mode sync_trades --config C:\Users\USER\Documentos\Maestria\Mark-III\config\config_optimizado_20260513_152459.yaml
2026-06-10 04:45:50,459 | INFO | Riesgo sync_trades [aggressive_hybrid_v1_3_tp5_sl3]: open=0 break_even=0 partials=0 pending=0 last_signal=- last_action=-
2026-06-10 04:45:50,459 | INFO | Job 'sync_trades' completado.
2026-06-10 04:46:14,164 | INFO | Riesgo monitor_runtime [aggressive_hybrid_v1_3_tp5_sl3]: open=0 break_even=0 partials=0 pending=0 last_signal=- last_action=-
2026-06-10 04:46:15,064 | INFO | Ejecutando job 'production' [aggressive_hybrid_v1_3_tp5_sl3]: C:\Users\USER\Documentos\Maestria\Mark-III\.venv\Scripts\python.exe main_pipeline.py --mode production --config C:\Users\USER\Documentos\Maestria\Mark-III\config\config_optimizado_20260513_152459.yaml
2026-06-10 04:46:25,466 | INFO | Señal production [aggressive_hybrid_v1_3_tp5_sl3]: ts=2026-06-10 12:45:00 signal=HOLD primary=BUY(0.784) filter=HOLD support=-0.14974979707751587 pips=3.801004403475023 reason=filter_hold_wait_candle_retrace entry=1.15595 sl=1.15555 tp=1.1564
2026-06-10 04:46:25,466 | INFO | Job 'production' completado.
2026-06-10 04:46:40,047 | INFO | Ejecutando job 'production' [aggressive_hybrid_v1_4_mid_r3_4p6b_hybrid_champion_fast]: C:\Users\USER\Documentos\Maestria\Mark-III\.venv\Scripts\python.exe main_pipeline.py --mode production --config C:\Users\USER\Documentos\Maestria\Mark-III\config\config_optimizado_20260603_075730.yaml
2026-06-10 04:46:45,014 | INFO | Ejecutando job 'sync_trades' [aggressive_hybrid_v1_3_tp5_sl3]: C:\Users\USER\Documentos\Maestria\Mark-III\.venv\Scripts\python.exe main_pipeline.py --mode sync_trades --config C:\Users\USER\Documentos\Maestria\Mark-III\config\config_optimizado_20260513_152459.yaml
2026-06-10 04:46:51,475 | INFO | Riesgo sync_trades [aggressive_hybrid_v1_3_tp5_sl3]: open=0 break_even=0 partials=0 pending=0 last_signal=- last_action=-
2026-06-10 04:46:51,476 | INFO | Job 'sync_trades' completado.
2026-06-10 04:46:52,567 | INFO | Señal production [aggressive_hybrid_v1_4_mid_r3_4p6b_hybrid_champion_fast]: ts=2026-06-10 12:45:00 signal=HOLD primary=BUY(0.825) filter=HOLD support=0.010876379194371094 pips=3.028912395059309 reason=filter_hold_wait_candle_retrace entry=1.15599 sl=1.15569 tp=1.15629
2026-06-10 04:46:52,567 | INFO | Job 'production' completado.
2026-06-10 04:47:45,027 | INFO | Ejecutando job 'sync_trades' [aggressive_hybrid_v1_3_tp5_sl3]: C:\Users\USER\Documentos\Maestria\Mark-III\.venv\Scripts\python.exe main_pipeline.py --mode sync_trades --config C:\Users\USER\Documentos\Maestria\Mark-III\config\config_optimizado_20260513_152459.yaml
2026-06-10 04:47:50,267 | INFO | Riesgo sync_trades [aggressive_hybrid_v1_3_tp5_sl3]: open=0 break_even=0 partials=0 pending=0 last_signal=- last_action=-
2026-06-10 04:47:50,267 | INFO | Job 'sync_trades' completado.
2026-06-10 04:48:15,127 | INFO | Riesgo monitor_runtime [aggressive_hybrid_v1_3_tp5_sl3]: open=0 break_even=0 partials=0 pending=0 last_signal=- last_action=-
2026-06-10 04:48:45,014 | INFO | Ejecutando job 'sync_trades' [aggressive_hybrid_v1_3_tp5_sl3]: C:\Users\USER\Documentos\Maestria\Mark-III\.venv\Scripts\python.exe main_pipeline.py --mode sync_trades --config C:\Users\USER\Documentos\Maestria\Mark-III\config\config_optimizado_20260513_152459.yaml
2026-06-10 04:48:50,872 | INFO | Riesgo sync_trades [aggressive_hybrid_v1_3_tp5_sl3]: open=0 break_even=0 partials=0 pending=0 last_signal=- last_action=-
2026-06-10 04:48:50,872 | INFO | Job 'sync_trades' completado.
2026-06-10 04:49:45,028 | INFO | Ejecutando job 'sync_trades' [aggressive_hybrid_v1_3_tp5_sl3]: C:\Users\USER\Documentos\Maestria\Mark-III\.venv\Scripts\python.exe main_pipeline.py --mode sync_trades --config C:\Users\USER\Documentos\Maestria\Mark-III\config\config_optimizado_20260513_152459.yaml
2026-06-10 04:49:50,429 | INFO | Riesgo sync_trades [aggressive_hybrid_v1_3_tp5_sl3]: open=0 break_even=0 partials=0 pending=0 last_signal=- last_action=-
2026-06-10 04:49:50,429 | INFO | Job 'sync_trades' completado.
2026-06-10 04:50:13,718 | INFO | Riesgo monitor_runtime [aggressive_hybrid_v1_3_tp5_sl3]: open=0 break_even=0 partials=0 pending=0 last_signal=- last_action=-
2026-06-10 04:50:45,029 | INFO | Ejecutando job 'sync_trades' [aggressive_hybrid_v1_3_tp5_sl3]: C:\Users\USER\Documentos\Maestria\Mark-III\.venv\Scripts\python.exe main_pipeline.py --mode sync_trades --config C:\Users\USER\Documentos\Maestria\Mark-III\config\config_optimizado_20260513_152459.yaml
2026-06-10 04:50:50,314 | INFO | Riesgo sync_trades [aggressive_hybrid_v1_3_tp5_sl3]: open=0 break_even=0 partials=0 pending=0 last_signal=- last_action=-
2026-06-10 04:50:50,314 | INFO | Job 'sync_trades' completado.
2026-06-10 04:51:15,060 | INFO | Ejecutando job 'production' [aggressive_hybrid_v1_3_tp5_sl3]: C:\Users\USER\Documentos\Maestria\Mark-III\.venv\Scripts\python.exe main_pipeline.py --mode production --config C:\Users\USER\Documentos\Maestria\Mark-III\config\config_optimizado_20260513_152459.yaml
2026-06-10 04:51:25,939 | INFO | Señal production [aggressive_hybrid_v1_3_tp5_sl3]: ts=2026-06-10 12:50:00 signal=HOLD primary=HOLD(0.657) filter=HOLD support=0.0 pips=2.5051801133273814 reason=signal_hold entry= sl= tp=
2026-06-10 04:51:25,939 | INFO | Job 'production' completado.
2026-06-10 04:51:40,045 | INFO | Ejecutando job 'production' [aggressive_hybrid_v1_4_mid_r3_4p6b_hybrid_champion_fast]: C:\Users\USER\Documentos\Maestria\Mark-III\.venv\Scripts\python.exe main_pipeline.py --mode production --config C:\Users\USER\Documentos\Maestria\Mark-III\config\config_optimizado_20260603_075730.yaml
2026-06-10 04:51:45,027 | INFO | Ejecutando job 'sync_trades' [aggressive_hybrid_v1_3_tp5_sl3]: C:\Users\USER\Documentos\Maestria\Mark-III\.venv\Scripts\python.exe main_pipeline.py --mode sync_trades --config C:\Users\USER\Documentos\Maestria\Mark-III\config\config_optimizado_20260513_152459.yaml
2026-06-10 04:51:52,198 | INFO | Riesgo sync_trades [aggressive_hybrid_v1_3_tp5_sl3]: open=0 break_even=0 partials=0 pending=0 last_signal=- last_action=-
2026-06-10 04:51:52,198 | INFO | Job 'sync_trades' completado.
2026-06-10 04:51:54,503 | INFO | Señal production [aggressive_hybrid_v1_4_mid_r3_4p6b_hybrid_champion_fast]: ts=2026-06-10 12:50:00 signal=HOLD primary=BUY(0.752) filter=HOLD support=-0.0034915699114491383 pips=2.495670653900339 reason=filter_hold_wait_candle_retrace entry=1.15594 sl=1.15569 tp=1.15619
2026-06-10 04:51:54,503 | INFO | Job 'production' completado.
2026-06-10 04:52:14,168 | INFO | Riesgo monitor_runtime [aggressive_hybrid_v1_3_tp5_sl3]: open=0 break_even=0 partials=0 pending=0 last_signal=- last_action=-
2026-06-10 04:52:45,030 | INFO | Ejecutando job 'sync_trades' [aggressive_hybrid_v1_3_tp5_sl3]: C:\Users\USER\Documentos\Maestria\Mark-III\.venv\Scripts\python.exe main_pipeline.py --mode sync_trades --config C:\Users\USER\Documentos\Maestria\Mark-III\config\config_optimizado_20260513_152459.yaml
2026-06-10 04:52:50,468 | INFO | Riesgo sync_trades [aggressive_hybrid_v1_3_tp5_sl3]: open=0 break_even=0 partials=0 pending=0 last_signal=- last_action=-
2026-06-10 04:52:50,468 | INFO | Job 'sync_trades' completado.
2026-06-10 04:53:45,020 | INFO | Ejecutando job 'sync_trades' [aggressive_hybrid_v1_3_tp5_sl3]: C:\Users\USER\Documentos\Maestria\Mark-III\.venv\Scripts\python.exe main_pipeline.py --mode sync_trades --config C:\Users\USER\Documentos\Maestria\Mark-III\config\config_optimizado_20260513_152459.yaml
2026-06-10 04:53:51,307 | INFO | Riesgo sync_trades [aggressive_hybrid_v1_3_tp5_sl3]: open=0 break_even=0 partials=0 pending=0 last_signal=- last_action=-
2026-06-10 04:53:51,307 | INFO | Job 'sync_trades' completado.
2026-06-10 04:54:14,641 | INFO | Riesgo monitor_runtime [aggressive_hybrid_v1_3_tp5_sl3]: open=0 break_even=0 partials=0 pending=0 last_signal=- last_action=-
2026-06-10 04:54:45,016 | INFO | Ejecutando job 'sync_trades' [aggressive_hybrid_v1_3_tp5_sl3]: C:\Users\USER\Documentos\Maestria\Mark-III\.venv\Scripts\python.exe main_pipeline.py --mode sync_trades --config C:\Users\USER\Documentos\Maestria\Mark-III\config\config_optimizado_20260513_152459.yaml
2026-06-10 04:54:51,420 | INFO | Riesgo sync_trades [aggressive_hybrid_v1_3_tp5_sl3]: open=0 break_even=0 partials=0 pending=0 last_signal=- last_action=-
2026-06-10 04:54:51,421 | INFO | Job 'sync_trades' completado.
2026-06-10 04:55:45,022 | INFO | Ejecutando job 'sync_trades' [aggressive_hybrid_v1_3_tp5_sl3]: C:\Users\USER\Documentos\Maestria\Mark-III\.venv\Scripts\python.exe main_pipeline.py --mode sync_trades --config C:\Users\USER\Documentos\Maestria\Mark-III\config\config_optimizado_20260513_152459.yaml
2026-06-10 04:55:51,665 | INFO | Riesgo sync_trades [aggressive_hybrid_v1_3_tp5_sl3]: open=0 break_even=0 partials=0 pending=0 last_signal=- last_action=-
2026-06-10 04:55:51,666 | INFO | Job 'sync_trades' completado.
2026-06-10 04:56:14,468 | INFO | Riesgo monitor_runtime [aggressive_hybrid_v1_3_tp5_sl3]: open=0 break_even=0 partials=0 pending=0 last_signal=- last_action=-
2026-06-10 04:56:15,083 | INFO | Ejecutando job 'production' [aggressive_hybrid_v1_3_tp5_sl3]: C:\Users\USER\Documentos\Maestria\Mark-III\.venv\Scripts\python.exe main_pipeline.py --mode production --config C:\Users\USER\Documentos\Maestria\Mark-III\config\config_optimizado_20260513_152459.yaml
2026-06-10 04:56:28,207 | INFO | Señal production [aggressive_hybrid_v1_3_tp5_sl3]: ts=2026-06-10 12:55:00 signal=HOLD primary=HOLD(0.585) filter=HOLD support=0.0 pips=1.766509347083591 reason=signal_hold entry= sl= tp=
2026-06-10 04:56:28,208 | INFO | Job 'production' completado.
2026-06-10 04:56:40,064 | INFO | Ejecutando job 'production' [aggressive_hybrid_v1_4_mid_r3_4p6b_hybrid_champion_fast]: C:\Users\USER\Documentos\Maestria\Mark-III\.venv\Scripts\python.exe main_pipeline.py --mode production --config C:\Users\USER\Documentos\Maestria\Mark-III\config\config_optimizado_20260603_075730.yaml
2026-06-10 04:56:45,019 | INFO | Ejecutando job 'sync_trades' [aggressive_hybrid_v1_3_tp5_sl3]: C:\Users\USER\Documentos\Maestria\Mark-III\.venv\Scripts\python.exe main_pipeline.py --mode sync_trades --config C:\Users\USER\Documentos\Maestria\Mark-III\config\config_optimizado_20260513_152459.yaml
2026-06-10 04:56:53,462 | INFO | Riesgo sync_trades [aggressive_hybrid_v1_3_tp5_sl3]: open=0 break_even=0 partials=0 pending=0 last_signal=- last_action=-
2026-06-10 04:56:53,463 | INFO | Job 'sync_trades' completado.
2026-06-10 04:56:55,129 | INFO | Señal production [aggressive_hybrid_v1_4_mid_r3_4p6b_hybrid_champion_fast]: ts=2026-06-10 12:55:00 signal=HOLD primary=HOLD(0.414) filter=HOLD support=0.0 pips=-0.03940746732439883 reason=signal_hold entry= sl= tp=
2026-06-10 04:56:55,129 | INFO | Job 'production' completado.
2026-06-10 04:57:45,031 | INFO | Ejecutando job 'sync_trades' [aggressive_hybrid_v1_3_tp5_sl3]: C:\Users\USER\Documentos\Maestria\Mark-III\.venv\Scripts\python.exe main_pipeline.py --mode sync_trades --config C:\Users\USER\Documentos\Maestria\Mark-III\config\config_optimizado_20260513_152459.yaml
2026-06-10 04:57:50,445 | INFO | Riesgo sync_trades [aggressive_hybrid_v1_3_tp5_sl3]: open=0 break_even=0 partials=0 pending=0 last_signal=- last_action=-
2026-06-10 04:57:50,445 | INFO | Job 'sync_trades' completado.
2026-06-10 04:58:14,401 | INFO | Riesgo monitor_runtime [aggressive_hybrid_v1_3_tp5_sl3]: open=0 break_even=0 partials=0 pending=0 last_signal=- last_action=-
2026-06-10 04:58:45,029 | INFO | Ejecutando job 'sync_trades' [aggressive_hybrid_v1_3_tp5_sl3]: C:\Users\USER\Documentos\Maestria\Mark-III\.venv\Scripts\python.exe main_pipeline.py --mode sync_trades --config C:\Users\USER\Documentos\Maestria\Mark-III\config\config_optimizado_20260513_152459.yaml
2026-06-10 04:59:01,710 | INFO | Riesgo sync_trades [aggressive_hybrid_v1_3_tp5_sl3]: open=0 break_even=0 partials=0 pending=0 last_signal=- last_action=-
2026-06-10 04:59:01,710 | INFO | Job 'sync_trades' completado.
2026-06-10 04:59:45,017 | INFO | Ejecutando job 'sync_trades' [aggressive_hybrid_v1_3_tp5_sl3]: C:\Users\USER\Documentos\Maestria\Mark-III\.venv\Scripts\python.exe main_pipeline.py --mode sync_trades --config C:\Users\USER\Documentos\Maestria\Mark-III\config\config_optimizado_20260513_152459.yaml
2026-06-10 04:59:50,398 | INFO | Riesgo sync_trades [aggressive_hybrid_v1_3_tp5_sl3]: open=0 break_even=0 partials=0 pending=0 last_signal=- last_action=-
2026-06-10 04:59:50,398 | INFO | Job 'sync_trades' completado.
2026-06-10 05:00:14,789 | INFO | Riesgo monitor_runtime [aggressive_hybrid_v1_3_tp5_sl3]: open=0 break_even=0 partials=0 pending=0 last_signal=- last_action=-
2026-06-10 05:00:45,024 | INFO | Ejecutando job 'sync_trades' [aggressive_hybrid_v1_3_tp5_sl3]: C:\Users\USER\Documentos\Maestria\Mark-III\.venv\Scripts\python.exe main_pipeline.py --mode sync_trades --config C:\Users\USER\Documentos\Maestria\Mark-III\config\config_optimizado_20260513_152459.yaml
2026-06-10 05:00:50,565 | INFO | Riesgo sync_trades [aggressive_hybrid_v1_3_tp5_sl3]: open=0 break_even=0 partials=0 pending=0 last_signal=- last_action=-
2026-06-10 05:00:50,565 | INFO | Job 'sync_trades' completado.
2026-06-10 05:01:15,068 | INFO | Ejecutando job 'production' [aggressive_hybrid_v1_3_tp5_sl3]: C:\Users\USER\Documentos\Maestria\Mark-III\.venv\Scripts\python.exe main_pipeline.py --mode production --config C:\Users\USER\Documentos\Maestria\Mark-III\config\config_optimizado_20260513_152459.yaml
2026-06-10 05:01:28,596 | INFO | Señal production [aggressive_hybrid_v1_3_tp5_sl3]: ts=2026-06-10 13:00:00 signal=HOLD primary=HOLD(0.461) filter=HOLD support=0.0 pips=0.5034772400501946 reason=signal_hold entry= sl= tp=
2026-06-10 05:01:28,596 | INFO | Job 'production' completado.
2026-06-10 05:01:40,064 | INFO | Ejecutando job 'production' [aggressive_hybrid_v1_4_mid_r3_4p6b_hybrid_champion_fast]: C:\Users\USER\Documentos\Maestria\Mark-III\.venv\Scripts\python.exe main_pipeline.py --mode production --config C:\Users\USER\Documentos\Maestria\Mark-III\config\config_optimizado_20260603_075730.yaml
2026-06-10 05:01:45,022 | INFO | Ejecutando job 'sync_trades' [aggressive_hybrid_v1_3_tp5_sl3]: C:\Users\USER\Documentos\Maestria\Mark-III\.venv\Scripts\python.exe main_pipeline.py --mode sync_trades --config C:\Users\USER\Documentos\Maestria\Mark-III\config\config_optimizado_20260513_152459.yaml
2026-06-10 05:01:51,983 | INFO | Riesgo sync_trades [aggressive_hybrid_v1_3_tp5_sl3]: open=0 break_even=0 partials=0 pending=0 last_signal=- last_action=-
2026-06-10 05:01:51,983 | INFO | Job 'sync_trades' completado.
2026-06-10 05:01:53,802 | INFO | Señal production [aggressive_hybrid_v1_4_mid_r3_4p6b_hybrid_champion_fast]: ts=2026-06-10 13:00:00 signal=HOLD primary=HOLD(0.543) filter=HOLD support=0.0 pips=-0.9785641995845067 reason=signal_hold entry= sl= tp=
2026-06-10 05:01:53,802 | INFO | Job 'production' completado.
2026-06-10 05:02:14,704 | INFO | Riesgo monitor_runtime [aggressive_hybrid_v1_3_tp5_sl3]: open=0 break_even=0 partials=0 pending=0 last_signal=- last_action=-
2026-06-10 05:02:45,029 | INFO | Ejecutando job 'sync_trades' [aggressive_hybrid_v1_3_tp5_sl3]: C:\Users\USER\Documentos\Maestria\Mark-III\.venv\Scripts\python.exe main_pipeline.py --mode sync_trades --config C:\Users\USER\Documentos\Maestria\Mark-III\config\config_optimizado_20260513_152459.yaml
2026-06-10 05:02:50,290 | INFO | Riesgo sync_trades [aggressive_hybrid_v1_3_tp5_sl3]: open=0 break_even=0 partials=0 pending=0 last_signal=- last_action=-
2026-06-10 05:02:50,290 | INFO | Job 'sync_trades' completado.
2026-06-10 05:03:45,021 | INFO | Ejecutando job 'sync_trades' [aggressive_hybrid_v1_3_tp5_sl3]: C:\Users\USER\Documentos\Maestria\Mark-III\.venv\Scripts\python.exe main_pipeline.py --mode sync_trades --config C:\Users\USER\Documentos\Maestria\Mark-III\config\config_optimizado_20260513_152459.yaml
2026-06-10 05:03:50,630 | INFO | Riesgo sync_trades [aggressive_hybrid_v1_3_tp5_sl3]: open=0 break_even=0 partials=0 pending=0 last_signal=- last_action=-
2026-06-10 05:03:50,630 | INFO | Job 'sync_trades' completado.
2026-06-10 05:04:13,632 | INFO | Riesgo monitor_runtime [aggressive_hybrid_v1_3_tp5_sl3]: open=0 break_even=0 partials=0 pending=0 last_signal=- last_action=-
2026-06-10 05:04:45,020 | INFO | Ejecutando job 'sync_trades' [aggressive_hybrid_v1_3_tp5_sl3]: C:\Users\USER\Documentos\Maestria\Mark-III\.venv\Scripts\python.exe main_pipeline.py --mode sync_trades --config C:\Users\USER\Documentos\Maestria\Mark-III\config\config_optimizado_20260513_152459.yaml
2026-06-10 05:04:50,371 | INFO | Riesgo sync_trades [aggressive_hybrid_v1_3_tp5_sl3]: open=0 break_even=0 partials=0 pending=0 last_signal=- last_action=-
2026-06-10 05:04:50,371 | INFO | Job 'sync_trades' completado.
2026-06-10 05:05:45,023 | INFO | Ejecutando job 'sync_trades' [aggressive_hybrid_v1_3_tp5_sl3]: C:\Users\USER\Documentos\Maestria\Mark-III\.venv\Scripts\python.exe main_pipeline.py --mode sync_trades --config C:\Users\USER\Documentos\Maestria\Mark-III\config\config_optimizado_20260513_152459.yaml
2026-06-10 05:05:50,310 | INFO | Riesgo sync_trades [aggressive_hybrid_v1_3_tp5_sl3]: open=0 break_even=0 partials=0 pending=0 last_signal=- last_action=-
2026-06-10 05:05:50,311 | INFO | Job 'sync_trades' completado.
2026-06-10 05:06:14,731 | INFO | Riesgo monitor_runtime [aggressive_hybrid_v1_3_tp5_sl3]: open=0 break_even=0 partials=0 pending=0 last_signal=- last_action=-
2026-06-10 05:06:15,070 | INFO | Ejecutando job 'production' [aggressive_hybrid_v1_3_tp5_sl3]: C:\Users\USER\Documentos\Maestria\Mark-III\.venv\Scripts\python.exe main_pipeline.py --mode production --config C:\Users\USER\Documentos\Maestria\Mark-III\config\config_optimizado_20260513_152459.yaml
2026-06-10 05:06:25,719 | INFO | Señal production [aggressive_hybrid_v1_3_tp5_sl3]: ts=2026-06-10 13:05:00 signal=HOLD primary=HOLD(0.517) filter=HOLD support=0.0 pips=-1.0731689583287114 reason=signal_hold entry= sl= tp=
2026-06-10 05:06:25,719 | INFO | Job 'production' completado.
2026-06-10 05:06:40,053 | INFO | Ejecutando job 'production' [aggressive_hybrid_v1_4_mid_r3_4p6b_hybrid_champion_fast]: C:\Users\USER\Documentos\Maestria\Mark-III\.venv\Scripts\python.exe main_pipeline.py --mode production --config C:\Users\USER\Documentos\Maestria\Mark-III\config\config_optimizado_20260603_075730.yaml
2026-06-10 05:06:45,017 | INFO | Ejecutando job 'sync_trades' [aggressive_hybrid_v1_3_tp5_sl3]: C:\Users\USER\Documentos\Maestria\Mark-III\.venv\Scripts\python.exe main_pipeline.py --mode sync_trades --config C:\Users\USER\Documentos\Maestria\Mark-III\config\config_optimizado_20260513_152459.yaml
2026-06-10 05:06:52,483 | INFO | Riesgo sync_trades [aggressive_hybrid_v1_3_tp5_sl3]: open=0 break_even=0 partials=0 pending=0 last_signal=- last_action=-
2026-06-10 05:06:52,483 | INFO | Job 'sync_trades' completado.
2026-06-10 05:06:54,520 | INFO | Señal production [aggressive_hybrid_v1_4_mid_r3_4p6b_hybrid_champion_fast]: ts=2026-06-10 13:05:00 signal=HOLD primary=HOLD(0.426) filter=HOLD support=0.0 pips=-0.12571625659954788 reason=signal_hold entry= sl= tp=
2026-06-10 05:06:54,520 | INFO | Job 'production' completado.
2026-06-10 05:07:45,026 | INFO | Ejecutando job 'sync_trades' [aggressive_hybrid_v1_3_tp5_sl3]: C:\Users\USER\Documentos\Maestria\Mark-III\.venv\Scripts\python.exe main_pipeline.py --mode sync_trades --config C:\Users\USER\Documentos\Maestria\Mark-III\config\config_optimizado_20260513_152459.yaml
2026-06-10 05:07:50,576 | INFO | Riesgo sync_trades [aggressive_hybrid_v1_3_tp5_sl3]: open=0 break_even=0 partials=0 pending=0 last_signal=- last_action=-
2026-06-10 05:07:50,577 | INFO | Job 'sync_trades' completado.
2026-06-10 05:08:14,037 | INFO | Riesgo monitor_runtime [aggressive_hybrid_v1_3_tp5_sl3]: open=0 break_even=0 partials=0 pending=0 last_signal=- last_action=-
2026-06-10 05:08:45,026 | INFO | Ejecutando job 'sync_trades' [aggressive_hybrid_v1_3_tp5_sl3]: C:\Users\USER\Documentos\Maestria\Mark-III\.venv\Scripts\python.exe main_pipeline.py --mode sync_trades --config C:\Users\USER\Documentos\Maestria\Mark-III\config\config_optimizado_20260513_152459.yaml
2026-06-10 05:08:51,551 | INFO | Riesgo sync_trades [aggressive_hybrid_v1_3_tp5_sl3]: open=0 break_even=0 partials=0 pending=0 last_signal=- last_action=-
2026-06-10 05:08:51,551 | INFO | Job 'sync_trades' completado.
2026-06-10 05:09:45,016 | INFO | Ejecutando job 'sync_trades' [aggressive_hybrid_v1_3_tp5_sl3]: C:\Users\USER\Documentos\Maestria\Mark-III\.venv\Scripts\python.exe main_pipeline.py --mode sync_trades --config C:\Users\USER\Documentos\Maestria\Mark-III\config\config_optimizado_20260513_152459.yaml
2026-06-10 05:09:50,505 | INFO | Riesgo sync_trades [aggressive_hybrid_v1_3_tp5_sl3]: open=0 break_even=0 partials=0 pending=0 last_signal=- last_action=-
2026-06-10 05:09:50,505 | INFO | Job 'sync_trades' completado.
2026-06-10 05:10:13,914 | INFO | Riesgo monitor_runtime [aggressive_hybrid_v1_3_tp5_sl3]: open=0 break_even=0 partials=0 pending=0 last_signal=- last_action=-
2026-06-10 05:10:45,025 | INFO | Ejecutando job 'sync_trades' [aggressive_hybrid_v1_3_tp5_sl3]: C:\Users\USER\Documentos\Maestria\Mark-III\.venv\Scripts\python.exe main_pipeline.py --mode sync_trades --config C:\Users\USER\Documentos\Maestria\Mark-III\config\config_optimizado_20260513_152459.yaml
2026-06-10 05:10:50,347 | INFO | Riesgo sync_trades [aggressive_hybrid_v1_3_tp5_sl3]: open=0 break_even=0 partials=0 pending=0 last_signal=- last_action=-
2026-06-10 05:10:50,347 | INFO | Job 'sync_trades' completado.
2026-06-10 05:11:15,060 | INFO | Ejecutando job 'production' [aggressive_hybrid_v1_3_tp5_sl3]: C:\Users\USER\Documentos\Maestria\Mark-III\.venv\Scripts\python.exe main_pipeline.py --mode production --config C:\Users\USER\Documentos\Maestria\Mark-III\config\config_optimizado_20260513_152459.yaml
2026-06-10 05:11:25,705 | INFO | Señal production [aggressive_hybrid_v1_3_tp5_sl3]: ts=2026-06-10 13:10:00 signal=HOLD primary=HOLD(0.540) filter=HOLD support=0.0 pips=-1.3148700724026252 reason=signal_hold entry= sl= tp=
2026-06-10 05:11:25,705 | INFO | Job 'production' completado.
2026-06-10 05:11:40,053 | INFO | Ejecutando job 'production' [aggressive_hybrid_v1_4_mid_r3_4p6b_hybrid_champion_fast]: C:\Users\USER\Documentos\Maestria\Mark-III\.venv\Scripts\python.exe main_pipeline.py --mode production --config C:\Users\USER\Documentos\Maestria\Mark-III\config\config_optimizado_20260603_075730.yaml
2026-06-10 05:11:45,018 | INFO | Ejecutando job 'sync_trades' [aggressive_hybrid_v1_3_tp5_sl3]: C:\Users\USER\Documentos\Maestria\Mark-III\.venv\Scripts\python.exe main_pipeline.py --mode sync_trades --config C:\Users\USER\Documentos\Maestria\Mark-III\config\config_optimizado_20260513_152459.yaml
2026-06-10 05:11:51,985 | INFO | Riesgo sync_trades [aggressive_hybrid_v1_3_tp5_sl3]: open=0 break_even=0 partials=0 pending=0 last_signal=- last_action=-
2026-06-10 05:11:51,985 | INFO | Job 'sync_trades' completado.
2026-06-10 05:11:53,656 | INFO | Señal production [aggressive_hybrid_v1_4_mid_r3_4p6b_hybrid_champion_fast]: ts=2026-06-10 13:10:00 signal=HOLD primary=HOLD(0.440) filter=HOLD support=0.0 pips=-0.22610817060944968 reason=signal_hold entry= sl= tp=
2026-06-10 05:11:53,656 | INFO | Job 'production' completado.
2026-06-10 05:12:13,915 | INFO | Riesgo monitor_runtime [aggressive_hybrid_v1_3_tp5_sl3]: open=0 break_even=0 partials=0 pending=0 last_signal=- last_action=-
2026-06-10 05:12:45,021 | INFO | Ejecutando job 'sync_trades' [aggressive_hybrid_v1_3_tp5_sl3]: C:\Users\USER\Documentos\Maestria\Mark-III\.venv\Scripts\python.exe main_pipeline.py --mode sync_trades --config C:\Users\USER\Documentos\Maestria\Mark-III\config\config_optimizado_20260513_152459.yaml
2026-06-10 05:12:50,550 | INFO | Riesgo sync_trades [aggressive_hybrid_v1_3_tp5_sl3]: open=0 break_even=0 partials=0 pending=0 last_signal=- last_action=-
2026-06-10 05:12:50,550 | INFO | Job 'sync_trades' completado.
2026-06-10 05:13:45,030 | INFO | Ejecutando job 'sync_trades' [aggressive_hybrid_v1_3_tp5_sl3]: C:\Users\USER\Documentos\Maestria\Mark-III\.venv\Scripts\python.exe main_pipeline.py --mode sync_trades --config C:\Users\USER\Documentos\Maestria\Mark-III\config\config_optimizado_20260513_152459.yaml
2026-06-10 05:13:50,263 | INFO | Riesgo sync_trades [aggressive_hybrid_v1_3_tp5_sl3]: open=0 break_even=0 partials=0 pending=0 last_signal=- last_action=-
2026-06-10 05:13:50,263 | INFO | Job 'sync_trades' completado.
2026-06-10 05:14:14,256 | INFO | Riesgo monitor_runtime [aggressive_hybrid_v1_3_tp5_sl3]: open=0 break_even=0 partials=0 pending=0 last_signal=- last_action=-
2026-06-10 05:14:45,018 | INFO | Ejecutando job 'sync_trades' [aggressive_hybrid_v1_3_tp5_sl3]: C:\Users\USER\Documentos\Maestria\Mark-III\.venv\Scripts\python.exe main_pipeline.py --mode sync_trades --config C:\Users\USER\Documentos\Maestria\Mark-III\config\config_optimizado_20260513_152459.yaml
2026-06-10 05:14:50,431 | INFO | Riesgo sync_trades [aggressive_hybrid_v1_3_tp5_sl3]: open=0 break_even=0 partials=0 pending=0 last_signal=- last_action=-
2026-06-10 05:14:50,431 | INFO | Job 'sync_trades' completado.
2026-06-10 05:15:45,027 | INFO | Ejecutando job 'sync_trades' [aggressive_hybrid_v1_3_tp5_sl3]: C:\Users\USER\Documentos\Maestria\Mark-III\.venv\Scripts\python.exe main_pipeline.py --mode sync_trades --config C:\Users\USER\Documentos\Maestria\Mark-III\config\config_optimizado_20260513_152459.yaml
2026-06-10 05:15:50,273 | INFO | Riesgo sync_trades [aggressive_hybrid_v1_3_tp5_sl3]: open=0 break_even=0 partials=0 pending=0 last_signal=- last_action=-
2026-06-10 05:15:50,273 | INFO | Job 'sync_trades' completado.
2026-06-10 05:16:14,476 | INFO | Riesgo monitor_runtime [aggressive_hybrid_v1_3_tp5_sl3]: open=0 break_even=0 partials=0 pending=0 last_signal=- last_action=-
2026-06-10 05:16:15,056 | INFO | Ejecutando job 'production' [aggressive_hybrid_v1_3_tp5_sl3]: C:\Users\USER\Documentos\Maestria\Mark-III\.venv\Scripts\python.exe main_pipeline.py --mode production --config C:\Users\USER\Documentos\Maestria\Mark-III\config\config_optimizado_20260513_152459.yaml
2026-06-10 05:16:25,369 | INFO | Señal production [aggressive_hybrid_v1_3_tp5_sl3]: ts=2026-06-10 13:15:00 signal=HOLD primary=HOLD(0.549) filter=HOLD support=0.0 pips=-1.4083371150516115 reason=signal_hold entry= sl= tp=
2026-06-10 05:16:25,370 | INFO | Job 'production' completado.
2026-06-10 05:16:40,051 | INFO | Ejecutando job 'production' [aggressive_hybrid_v1_4_mid_r3_4p6b_hybrid_champion_fast]: C:\Users\USER\Documentos\Maestria\Mark-III\.venv\Scripts\python.exe main_pipeline.py --mode production --config C:\Users\USER\Documentos\Maestria\Mark-III\config\config_optimizado_20260603_075730.yaml
2026-06-10 05:16:45,018 | INFO | Ejecutando job 'sync_trades' [aggressive_hybrid_v1_3_tp5_sl3]: C:\Users\USER\Documentos\Maestria\Mark-III\.venv\Scripts\python.exe main_pipeline.py --mode sync_trades --config C:\Users\USER\Documentos\Maestria\Mark-III\config\config_optimizado_20260513_152459.yaml
2026-06-10 05:16:51,987 | INFO | Riesgo sync_trades [aggressive_hybrid_v1_3_tp5_sl3]: open=0 break_even=0 partials=0 pending=0 last_signal=- last_action=-
2026-06-10 05:16:51,987 | INFO | Job 'sync_trades' completado.
2026-06-10 05:16:53,610 | INFO | Señal production [aggressive_hybrid_v1_4_mid_r3_4p6b_hybrid_champion_fast]: ts=2026-06-10 13:15:00 signal=HOLD primary=HOLD(0.556) filter=HOLD support=0.0 pips=-1.0714348321348157 reason=signal_hold entry= sl= tp=
2026-06-10 05:16:53,610 | INFO | Job 'production' completado.
2026-06-10 05:17:45,022 | INFO | Ejecutando job 'sync_trades' [aggressive_hybrid_v1_3_tp5_sl3]: C:\Users\USER\Documentos\Maestria\Mark-III\.venv\Scripts\python.exe main_pipeline.py --mode sync_trades --config C:\Users\USER\Documentos\Maestria\Mark-III\config\config_optimizado_20260513_152459.yaml
2026-06-10 05:17:50,340 | INFO | Riesgo sync_trades [aggressive_hybrid_v1_3_tp5_sl3]: open=0 break_even=0 partials=0 pending=0 last_signal=- last_action=-
2026-06-10 05:17:50,340 | INFO | Job 'sync_trades' completado.
2026-06-10 05:18:13,626 | INFO | Riesgo monitor_runtime [aggressive_hybrid_v1_3_tp5_sl3]: open=0 break_even=0 partials=0 pending=0 last_signal=- last_action=-
2026-06-10 05:18:45,018 | INFO | Ejecutando job 'sync_trades' [aggressive_hybrid_v1_3_tp5_sl3]: C:\Users\USER\Documentos\Maestria\Mark-III\.venv\Scripts\python.exe main_pipeline.py --mode sync_trades --config C:\Users\USER\Documentos\Maestria\Mark-III\config\config_optimizado_20260513_152459.yaml
2026-06-10 05:18:50,786 | INFO | Riesgo sync_trades [aggressive_hybrid_v1_3_tp5_sl3]: open=0 break_even=0 partials=0 pending=0 last_signal=- last_action=-
2026-06-10 05:18:50,786 | INFO | Job 'sync_trades' completado.
2026-06-10 05:19:45,029 | INFO | Ejecutando job 'sync_trades' [aggressive_hybrid_v1_3_tp5_sl3]: C:\Users\USER\Documentos\Maestria\Mark-III\.venv\Scripts\python.exe main_pipeline.py --mode sync_trades --config C:\Users\USER\Documentos\Maestria\Mark-III\config\config_optimizado_20260513_152459.yaml
2026-06-10 05:19:50,364 | INFO | Riesgo sync_trades [aggressive_hybrid_v1_3_tp5_sl3]: open=0 break_even=0 partials=0 pending=0 last_signal=- last_action=-
2026-06-10 05:19:50,365 | INFO | Job 'sync_trades' completado.
2026-06-10 05:20:13,721 | INFO | Riesgo monitor_runtime [aggressive_hybrid_v1_3_tp5_sl3]: open=0 break_even=0 partials=0 pending=0 last_signal=- last_action=-
2026-06-10 05:20:45,021 | INFO | Ejecutando job 'sync_trades' [aggressive_hybrid_v1_3_tp5_sl3]: C:\Users\USER\Documentos\Maestria\Mark-III\.venv\Scripts\python.exe main_pipeline.py --mode sync_trades --config C:\Users\USER\Documentos\Maestria\Mark-III\config\config_optimizado_20260513_152459.yaml
2026-06-10 05:20:50,261 | INFO | Riesgo sync_trades [aggressive_hybrid_v1_3_tp5_sl3]: open=0 break_even=0 partials=0 pending=0 last_signal=- last_action=-
2026-06-10 05:20:50,261 | INFO | Job 'sync_trades' completado.
2026-06-10 05:21:15,062 | INFO | Ejecutando job 'production' [aggressive_hybrid_v1_3_tp5_sl3]: C:\Users\USER\Documentos\Maestria\Mark-III\.venv\Scripts\python.exe main_pipeline.py --mode production --config C:\Users\USER\Documentos\Maestria\Mark-III\config\config_optimizado_20260513_152459.yaml
2026-06-10 05:21:25,534 | INFO | Señal production [aggressive_hybrid_v1_3_tp5_sl3]: ts=2026-06-10 13:20:00 signal=HOLD primary=HOLD(0.657) filter=HOLD support=0.0 pips=-2.507230585851769 reason=signal_hold entry= sl= tp=
2026-06-10 05:21:25,534 | INFO | Job 'production' completado.
2026-06-10 05:21:40,049 | INFO | Ejecutando job 'production' [aggressive_hybrid_v1_4_mid_r3_4p6b_hybrid_champion_fast]: C:\Users\USER\Documentos\Maestria\Mark-III\.venv\Scripts\python.exe main_pipeline.py --mode production --config C:\Users\USER\Documentos\Maestria\Mark-III\config\config_optimizado_20260603_075730.yaml
2026-06-10 05:21:45,020 | INFO | Ejecutando job 'sync_trades' [aggressive_hybrid_v1_3_tp5_sl3]: C:\Users\USER\Documentos\Maestria\Mark-III\.venv\Scripts\python.exe main_pipeline.py --mode sync_trades --config C:\Users\USER\Documentos\Maestria\Mark-III\config\config_optimizado_20260513_152459.yaml
2026-06-10 05:21:52,140 | INFO | Riesgo sync_trades [aggressive_hybrid_v1_3_tp5_sl3]: open=0 break_even=0 partials=0 pending=0 last_signal=- last_action=-
2026-06-10 05:21:52,140 | INFO | Job 'sync_trades' completado.
2026-06-10 05:21:52,497 | INFO | Señal production [aggressive_hybrid_v1_4_mid_r3_4p6b_hybrid_champion_fast]: ts=2026-06-10 13:20:00 signal=HOLD primary=HOLD(0.488) filter=HOLD support=0.0 pips=-0.5769671734082024 reason=signal_hold entry= sl= tp=
2026-06-10 05:21:52,497 | INFO | Job 'production' completado.
2026-06-10 05:22:14,139 | INFO | Riesgo monitor_runtime [aggressive_hybrid_v1_3_tp5_sl3]: open=0 break_even=0 partials=0 pending=0 last_signal=- last_action=-
2026-06-10 05:22:45,018 | INFO | Ejecutando job 'sync_trades' [aggressive_hybrid_v1_3_tp5_sl3]: C:\Users\USER\Documentos\Maestria\Mark-III\.venv\Scripts\python.exe main_pipeline.py --mode sync_trades --config C:\Users\USER\Documentos\Maestria\Mark-III\config\config_optimizado_20260513_152459.yaml
2026-06-10 05:22:50,414 | INFO | Riesgo sync_trades [aggressive_hybrid_v1_3_tp5_sl3]: open=0 break_even=0 partials=0 pending=0 last_signal=- last_action=-
2026-06-10 05:22:50,414 | INFO | Job 'sync_trades' completado.
2026-06-10 05:23:45,020 | INFO | Ejecutando job 'sync_trades' [aggressive_hybrid_v1_3_tp5_sl3]: C:\Users\USER\Documentos\Maestria\Mark-III\.venv\Scripts\python.exe main_pipeline.py --mode sync_trades --config C:\Users\USER\Documentos\Maestria\Mark-III\config\config_optimizado_20260513_152459.yaml
2026-06-10 05:23:50,361 | INFO | Riesgo sync_trades [aggressive_hybrid_v1_3_tp5_sl3]: open=0 break_even=0 partials=0 pending=0 last_signal=- last_action=-
2026-06-10 05:23:50,361 | INFO | Job 'sync_trades' completado.
2026-06-10 05:24:14,173 | INFO | Riesgo monitor_runtime [aggressive_hybrid_v1_3_tp5_sl3]: open=0 break_even=0 partials=0 pending=0 last_signal=- last_action=-
2026-06-10 05:24:45,017 | INFO | Ejecutando job 'sync_trades' [aggressive_hybrid_v1_3_tp5_sl3]: C:\Users\USER\Documentos\Maestria\Mark-III\.venv\Scripts\python.exe main_pipeline.py --mode sync_trades --config C:\Users\USER\Documentos\Maestria\Mark-III\config\config_optimizado_20260513_152459.yaml
2026-06-10 05:24:50,499 | INFO | Riesgo sync_trades [aggressive_hybrid_v1_3_tp5_sl3]: open=0 break_even=0 partials=0 pending=0 last_signal=- last_action=-
2026-06-10 05:24:50,500 | INFO | Job 'sync_trades' completado.
2026-06-10 05:25:45,026 | INFO | Ejecutando job 'sync_trades' [aggressive_hybrid_v1_3_tp5_sl3]: C:\Users\USER\Documentos\Maestria\Mark-III\.venv\Scripts\python.exe main_pipeline.py --mode sync_trades --config C:\Users\USER\Documentos\Maestria\Mark-III\config\config_optimizado_20260513_152459.yaml
2026-06-10 05:25:50,288 | INFO | Riesgo sync_trades [aggressive_hybrid_v1_3_tp5_sl3]: open=0 break_even=0 partials=0 pending=0 last_signal=- last_action=-
2026-06-10 05:25:50,288 | INFO | Job 'sync_trades' completado.
2026-06-10 05:26:14,153 | INFO | Riesgo monitor_runtime [aggressive_hybrid_v1_3_tp5_sl3]: open=0 break_even=0 partials=0 pending=0 last_signal=- last_action=-
2026-06-10 05:26:15,062 | INFO | Ejecutando job 'production' [aggressive_hybrid_v1_3_tp5_sl3]: C:\Users\USER\Documentos\Maestria\Mark-III\.venv\Scripts\python.exe main_pipeline.py --mode production --config C:\Users\USER\Documentos\Maestria\Mark-III\config\config_optimizado_20260513_152459.yaml
2026-06-10 05:26:25,574 | INFO | Señal production [aggressive_hybrid_v1_3_tp5_sl3]: ts=2026-06-10 13:25:00 signal=HOLD primary=HOLD(0.535) filter=HOLD support=0.0 pips=-1.2620891441471462 reason=signal_hold entry= sl= tp=
2026-06-10 05:26:25,575 | INFO | Job 'production' completado.
2026-06-10 05:26:40,056 | INFO | Ejecutando job 'production' [aggressive_hybrid_v1_4_mid_r3_4p6b_hybrid_champion_fast]: C:\Users\USER\Documentos\Maestria\Mark-III\.venv\Scripts\python.exe main_pipeline.py --mode production --config C:\Users\USER\Documentos\Maestria\Mark-III\config\config_optimizado_20260603_075730.yaml
2026-06-10 05:26:45,022 | INFO | Ejecutando job 'sync_trades' [aggressive_hybrid_v1_3_tp5_sl3]: C:\Users\USER\Documentos\Maestria\Mark-III\.venv\Scripts\python.exe main_pipeline.py --mode sync_trades --config C:\Users\USER\Documentos\Maestria\Mark-III\config\config_optimizado_20260513_152459.yaml
2026-06-10 05:26:51,967 | INFO | Señal production [aggressive_hybrid_v1_4_mid_r3_4p6b_hybrid_champion_fast]: ts=2026-06-10 13:25:00 signal=HOLD primary=HOLD(0.467) filter=HOLD support=0.0 pips=0.42366759147566957 reason=signal_hold entry= sl= tp=
2026-06-10 05:26:51,967 | INFO | Job 'production' completado.
2026-06-10 05:26:52,068 | INFO | Riesgo sync_trades [aggressive_hybrid_v1_3_tp5_sl3]: open=0 break_even=0 partials=0 pending=0 last_signal=- last_action=-
2026-06-10 05:26:52,068 | INFO | Job 'sync_trades' completado.
2026-06-10 05:27:45,029 | INFO | Ejecutando job 'sync_trades' [aggressive_hybrid_v1_3_tp5_sl3]: C:\Users\USER\Documentos\Maestria\Mark-III\.venv\Scripts\python.exe main_pipeline.py --mode sync_trades --config C:\Users\USER\Documentos\Maestria\Mark-III\config\config_optimizado_20260513_152459.yaml
2026-06-10 05:27:50,464 | INFO | Riesgo sync_trades [aggressive_hybrid_v1_3_tp5_sl3]: open=0 break_even=0 partials=0 pending=0 last_signal=- last_action=-
2026-06-10 05:27:50,464 | INFO | Job 'sync_trades' completado.
2026-06-10 05:28:13,715 | INFO | Riesgo monitor_runtime [aggressive_hybrid_v1_3_tp5_sl3]: open=0 break_even=0 partials=0 pending=0 last_signal=- last_action=-
2026-06-10 05:28:45,024 | INFO | Ejecutando job 'sync_trades' [aggressive_hybrid_v1_3_tp5_sl3]: C:\Users\USER\Documentos\Maestria\Mark-III\.venv\Scripts\python.exe main_pipeline.py --mode sync_trades --config C:\Users\USER\Documentos\Maestria\Mark-III\config\config_optimizado_20260513_152459.yaml
2026-06-10 05:28:50,300 | INFO | Riesgo sync_trades [aggressive_hybrid_v1_3_tp5_sl3]: open=0 break_even=0 partials=0 pending=0 last_signal=- last_action=-
2026-06-10 05:28:50,300 | INFO | Job 'sync_trades' completado.
2026-06-10 05:29:45,028 | INFO | Ejecutando job 'sync_trades' [aggressive_hybrid_v1_3_tp5_sl3]: C:\Users\USER\Documentos\Maestria\Mark-III\.venv\Scripts\python.exe main_pipeline.py --mode sync_trades --config C:\Users\USER\Documentos\Maestria\Mark-III\config\config_optimizado_20260513_152459.yaml
2026-06-10 05:29:50,437 | INFO | Riesgo sync_trades [aggressive_hybrid_v1_3_tp5_sl3]: open=0 break_even=0 partials=0 pending=0 last_signal=- last_action=-
2026-06-10 05:29:50,438 | INFO | Job 'sync_trades' completado.
2026-06-10 05:30:13,680 | INFO | Riesgo monitor_runtime [aggressive_hybrid_v1_3_tp5_sl3]: open=0 break_even=0 partials=0 pending=0 last_signal=- last_action=-
2026-06-10 05:30:45,015 | INFO | Ejecutando job 'sync_trades' [aggressive_hybrid_v1_3_tp5_sl3]: C:\Users\USER\Documentos\Maestria\Mark-III\.venv\Scripts\python.exe main_pipeline.py --mode sync_trades --config C:\Users\USER\Documentos\Maestria\Mark-III\config\config_optimizado_20260513_152459.yaml
2026-06-10 05:30:50,306 | INFO | Riesgo sync_trades [aggressive_hybrid_v1_3_tp5_sl3]: open=0 break_even=0 partials=0 pending=0 last_signal=- last_action=-
2026-06-10 05:30:50,306 | INFO | Job 'sync_trades' completado.
2026-06-10 05:31:15,063 | INFO | Ejecutando job 'production' [aggressive_hybrid_v1_3_tp5_sl3]: C:\Users\USER\Documentos\Maestria\Mark-III\.venv\Scripts\python.exe main_pipeline.py --mode production --config C:\Users\USER\Documentos\Maestria\Mark-III\config\config_optimizado_20260513_152459.yaml
2026-06-10 05:31:25,537 | INFO | Señal production [aggressive_hybrid_v1_3_tp5_sl3]: ts=2026-06-10 13:30:00 signal=HOLD primary=HOLD(0.518) filter=HOLD support=0.0 pips=1.0917136476776899 reason=signal_hold entry= sl= tp=
2026-06-10 05:31:25,538 | INFO | Job 'production' completado.
2026-06-10 05:31:40,054 | INFO | Ejecutando job 'production' [aggressive_hybrid_v1_4_mid_r3_4p6b_hybrid_champion_fast]: C:\Users\USER\Documentos\Maestria\Mark-III\.venv\Scripts\python.exe main_pipeline.py --mode production --config C:\Users\USER\Documentos\Maestria\Mark-III\config\config_optimizado_20260603_075730.yaml
2026-06-10 05:31:45,013 | INFO | Ejecutando job 'sync_trades' [aggressive_hybrid_v1_3_tp5_sl3]: C:\Users\USER\Documentos\Maestria\Mark-III\.venv\Scripts\python.exe main_pipeline.py --mode sync_trades --config C:\Users\USER\Documentos\Maestria\Mark-III\config\config_optimizado_20260513_152459.yaml
2026-06-10 05:31:51,509 | INFO | Señal production [aggressive_hybrid_v1_4_mid_r3_4p6b_hybrid_champion_fast]: ts=2026-06-10 13:30:00 signal=HOLD primary=HOLD(0.457) filter=HOLD support=0.0 pips=0.3563746286841256 reason=signal_hold entry= sl= tp=
2026-06-10 05:31:51,509 | INFO | Job 'production' completado.
2026-06-10 05:31:52,131 | INFO | Riesgo sync_trades [aggressive_hybrid_v1_3_tp5_sl3]: open=0 break_even=0 partials=0 pending=0 last_signal=- last_action=-
2026-06-10 05:31:52,131 | INFO | Job 'sync_trades' completado.
2026-06-10 05:32:13,948 | INFO | Riesgo monitor_runtime [aggressive_hybrid_v1_3_tp5_sl3]: open=0 break_even=0 partials=0 pending=0 last_signal=- last_action=-
2026-06-10 05:32:45,026 | INFO | Ejecutando job 'sync_trades' [aggressive_hybrid_v1_3_tp5_sl3]: C:\Users\USER\Documentos\Maestria\Mark-III\.venv\Scripts\python.exe main_pipeline.py --mode sync_trades --config C:\Users\USER\Documentos\Maestria\Mark-III\config\config_optimizado_20260513_152459.yaml
2026-06-10 05:32:50,403 | INFO | Riesgo sync_trades [aggressive_hybrid_v1_3_tp5_sl3]: open=0 break_even=0 partials=0 pending=0 last_signal=- last_action=-
2026-06-10 05:32:50,403 | INFO | Job 'sync_trades' completado.
2026-06-10 05:33:45,026 | INFO | Ejecutando job 'sync_trades' [aggressive_hybrid_v1_3_tp5_sl3]: C:\Users\USER\Documentos\Maestria\Mark-III\.venv\Scripts\python.exe main_pipeline.py --mode sync_trades --config C:\Users\USER\Documentos\Maestria\Mark-III\config\config_optimizado_20260513_152459.yaml
2026-06-10 05:33:50,539 | INFO | Riesgo sync_trades [aggressive_hybrid_v1_3_tp5_sl3]: open=0 break_even=0 partials=0 pending=0 last_signal=- last_action=-
2026-06-10 05:33:50,539 | INFO | Job 'sync_trades' completado.
2026-06-10 05:34:13,993 | INFO | Riesgo monitor_runtime [aggressive_hybrid_v1_3_tp5_sl3]: open=0 break_even=0 partials=0 pending=0 last_signal=- last_action=-
2026-06-10 05:34:45,015 | INFO | Ejecutando job 'sync_trades' [aggressive_hybrid_v1_3_tp5_sl3]: C:\Users\USER\Documentos\Maestria\Mark-III\.venv\Scripts\python.exe main_pipeline.py --mode sync_trades --config C:\Users\USER\Documentos\Maestria\Mark-III\config\config_optimizado_20260513_152459.yaml
2026-06-10 05:34:50,554 | INFO | Riesgo sync_trades [aggressive_hybrid_v1_3_tp5_sl3]: open=0 break_even=0 partials=0 pending=0 last_signal=- last_action=-
2026-06-10 05:34:50,554 | INFO | Job 'sync_trades' completado.
2026-06-10 05:35:45,023 | INFO | Ejecutando job 'sync_trades' [aggressive_hybrid_v1_3_tp5_sl3]: C:\Users\USER\Documentos\Maestria\Mark-III\.venv\Scripts\python.exe main_pipeline.py --mode sync_trades --config C:\Users\USER\Documentos\Maestria\Mark-III\config\config_optimizado_20260513_152459.yaml
2026-06-10 05:35:50,292 | INFO | Riesgo sync_trades [aggressive_hybrid_v1_3_tp5_sl3]: open=0 break_even=0 partials=0 pending=0 last_signal=- last_action=-
2026-06-10 05:35:50,292 | INFO | Job 'sync_trades' completado.
2026-06-10 05:36:14,209 | INFO | Riesgo monitor_runtime [aggressive_hybrid_v1_3_tp5_sl3]: open=0 break_even=0 partials=0 pending=0 last_signal=- last_action=-
2026-06-10 05:36:15,070 | INFO | Ejecutando job 'production' [aggressive_hybrid_v1_3_tp5_sl3]: C:\Users\USER\Documentos\Maestria\Mark-III\.venv\Scripts\python.exe main_pipeline.py --mode production --config C:\Users\USER\Documentos\Maestria\Mark-III\config\config_optimizado_20260513_152459.yaml
2026-06-10 05:36:25,466 | INFO | Señal production [aggressive_hybrid_v1_3_tp5_sl3]: ts=2026-06-10 13:35:00 signal=HOLD primary=HOLD(0.422) filter=HOLD support=0.0 pips=-0.10684178743599963 reason=signal_hold entry= sl= tp=
2026-06-10 05:36:25,466 | INFO | Job 'production' completado.
2026-06-10 05:36:40,044 | INFO | Ejecutando job 'production' [aggressive_hybrid_v1_4_mid_r3_4p6b_hybrid_champion_fast]: C:\Users\USER\Documentos\Maestria\Mark-III\.venv\Scripts\python.exe main_pipeline.py --mode production --config C:\Users\USER\Documentos\Maestria\Mark-III\config\config_optimizado_20260603_075730.yaml
2026-06-10 05:36:45,015 | INFO | Ejecutando job 'sync_trades' [aggressive_hybrid_v1_3_tp5_sl3]: C:\Users\USER\Documentos\Maestria\Mark-III\.venv\Scripts\python.exe main_pipeline.py --mode sync_trades --config C:\Users\USER\Documentos\Maestria\Mark-III\config\config_optimizado_20260513_152459.yaml
2026-06-10 05:36:51,836 | INFO | Señal production [aggressive_hybrid_v1_4_mid_r3_4p6b_hybrid_champion_fast]: ts=2026-06-10 13:35:00 signal=HOLD primary=HOLD(0.539) filter=HOLD support=0.0 pips=-0.9498287542809943 reason=signal_hold entry= sl= tp=
2026-06-10 05:36:51,837 | INFO | Job 'production' completado.
2026-06-10 05:36:52,049 | INFO | Riesgo sync_trades [aggressive_hybrid_v1_3_tp5_sl3]: open=0 break_even=0 partials=0 pending=0 last_signal=- last_action=-
2026-06-10 05:36:52,049 | INFO | Job 'sync_trades' completado.
2026-06-10 05:37:45,022 | INFO | Ejecutando job 'sync_trades' [aggressive_hybrid_v1_3_tp5_sl3]: C:\Users\USER\Documentos\Maestria\Mark-III\.venv\Scripts\python.exe main_pipeline.py --mode sync_trades --config C:\Users\USER\Documentos\Maestria\Mark-III\config\config_optimizado_20260513_152459.yaml
2026-06-10 05:37:50,953 | INFO | Riesgo sync_trades [aggressive_hybrid_v1_3_tp5_sl3]: open=0 break_even=0 partials=0 pending=0 last_signal=- last_action=-
2026-06-10 05:37:50,954 | INFO | Job 'sync_trades' completado.
2026-06-10 05:38:13,813 | INFO | Riesgo monitor_runtime [aggressive_hybrid_v1_3_tp5_sl3]: open=0 break_even=0 partials=0 pending=0 last_signal=- last_action=-
2026-06-10 05:38:45,022 | INFO | Ejecutando job 'sync_trades' [aggressive_hybrid_v1_3_tp5_sl3]: C:\Users\USER\Documentos\Maestria\Mark-III\.venv\Scripts\python.exe main_pipeline.py --mode sync_trades --config C:\Users\USER\Documentos\Maestria\Mark-III\config\config_optimizado_20260513_152459.yaml
2026-06-10 05:38:50,391 | INFO | Riesgo sync_trades [aggressive_hybrid_v1_3_tp5_sl3]: open=0 break_even=0 partials=0 pending=0 last_signal=- last_action=-
2026-06-10 05:38:50,391 | INFO | Job 'sync_trades' completado.
2026-06-10 05:39:45,018 | INFO | Ejecutando job 'sync_trades' [aggressive_hybrid_v1_3_tp5_sl3]: C:\Users\USER\Documentos\Maestria\Mark-III\.venv\Scripts\python.exe main_pipeline.py --mode sync_trades --config C:\Users\USER\Documentos\Maestria\Mark-III\config\config_optimizado_20260513_152459.yaml
2026-06-10 05:39:50,454 | INFO | Riesgo sync_trades [aggressive_hybrid_v1_3_tp5_sl3]: open=0 break_even=0 partials=0 pending=0 last_signal=- last_action=-
2026-06-10 05:39:50,455 | INFO | Job 'sync_trades' completado.
2026-06-10 05:40:13,816 | INFO | Riesgo monitor_runtime [aggressive_hybrid_v1_3_tp5_sl3]: open=0 break_even=0 partials=0 pending=0 last_signal=- last_action=-
2026-06-10 05:40:45,020 | INFO | Ejecutando job 'sync_trades' [aggressive_hybrid_v1_3_tp5_sl3]: C:\Users\USER\Documentos\Maestria\Mark-III\.venv\Scripts\python.exe main_pipeline.py --mode sync_trades --config C:\Users\USER\Documentos\Maestria\Mark-III\config\config_optimizado_20260513_152459.yaml
2026-06-10 05:40:50,309 | INFO | Riesgo sync_trades [aggressive_hybrid_v1_3_tp5_sl3]: open=0 break_even=0 partials=0 pending=0 last_signal=- last_action=-
2026-06-10 05:40:50,309 | INFO | Job 'sync_trades' completado.
2026-06-10 05:41:15,054 | INFO | Ejecutando job 'production' [aggressive_hybrid_v1_3_tp5_sl3]: C:\Users\USER\Documentos\Maestria\Mark-III\.venv\Scripts\python.exe main_pipeline.py --mode production --config C:\Users\USER\Documentos\Maestria\Mark-III\config\config_optimizado_20260513_152459.yaml
2026-06-10 05:41:26,066 | INFO | Señal production [aggressive_hybrid_v1_3_tp5_sl3]: ts=2026-06-10 13:40:00 signal=HOLD primary=HOLD(0.636) filter=HOLD support=0.0 pips=-2.2884566841425773 reason=signal_hold entry= sl= tp=
2026-06-10 05:41:26,066 | INFO | Job 'production' completado.
2026-06-10 05:41:40,043 | INFO | Ejecutando job 'production' [aggressive_hybrid_v1_4_mid_r3_4p6b_hybrid_champion_fast]: C:\Users\USER\Documentos\Maestria\Mark-III\.venv\Scripts\python.exe main_pipeline.py --mode production --config C:\Users\USER\Documentos\Maestria\Mark-III\config\config_optimizado_20260603_075730.yaml
2026-06-10 05:41:45,015 | INFO | Ejecutando job 'sync_trades' [aggressive_hybrid_v1_3_tp5_sl3]: C:\Users\USER\Documentos\Maestria\Mark-III\.venv\Scripts\python.exe main_pipeline.py --mode sync_trades --config C:\Users\USER\Documentos\Maestria\Mark-III\config\config_optimizado_20260513_152459.yaml
2026-06-10 05:41:52,106 | INFO | Señal production [aggressive_hybrid_v1_4_mid_r3_4p6b_hybrid_champion_fast]: ts=2026-06-10 13:40:00 signal=HOLD primary=HOLD(0.633) filter=HOLD support=0.0 pips=-1.636167833741115 reason=signal_hold entry= sl= tp=
2026-06-10 05:41:52,106 | INFO | Job 'production' completado.
2026-06-10 05:41:52,167 | INFO | Riesgo sync_trades [aggressive_hybrid_v1_3_tp5_sl3]: open=0 break_even=0 partials=0 pending=0 last_signal=- last_action=-
2026-06-10 05:41:52,167 | INFO | Job 'sync_trades' completado.
2026-06-10 05:42:14,041 | INFO | Riesgo monitor_runtime [aggressive_hybrid_v1_3_tp5_sl3]: open=0 break_even=0 partials=0 pending=0 last_signal=- last_action=-
2026-06-10 05:42:45,020 | INFO | Ejecutando job 'sync_trades' [aggressive_hybrid_v1_3_tp5_sl3]: C:\Users\USER\Documentos\Maestria\Mark-III\.venv\Scripts\python.exe main_pipeline.py --mode sync_trades --config C:\Users\USER\Documentos\Maestria\Mark-III\config\config_optimizado_20260513_152459.yaml
2026-06-10 05:42:50,293 | INFO | Riesgo sync_trades [aggressive_hybrid_v1_3_tp5_sl3]: open=0 break_even=0 partials=0 pending=0 last_signal=- last_action=-
2026-06-10 05:42:50,293 | INFO | Job 'sync_trades' completado.
2026-06-10 05:43:45,022 | INFO | Ejecutando job 'sync_trades' [aggressive_hybrid_v1_3_tp5_sl3]: C:\Users\USER\Documentos\Maestria\Mark-III\.venv\Scripts\python.exe main_pipeline.py --mode sync_trades --config C:\Users\USER\Documentos\Maestria\Mark-III\config\config_optimizado_20260513_152459.yaml
2026-06-10 05:43:50,381 | INFO | Riesgo sync_trades [aggressive_hybrid_v1_3_tp5_sl3]: open=0 break_even=0 partials=0 pending=0 last_signal=- last_action=-
2026-06-10 05:43:50,381 | INFO | Job 'sync_trades' completado.
2026-06-10 05:44:14,252 | INFO | Riesgo monitor_runtime [aggressive_hybrid_v1_3_tp5_sl3]: open=0 break_even=0 partials=0 pending=0 last_signal=- last_action=-
2026-06-10 05:44:45,014 | INFO | Ejecutando job 'sync_trades' [aggressive_hybrid_v1_3_tp5_sl3]: C:\Users\USER\Documentos\Maestria\Mark-III\.venv\Scripts\python.exe main_pipeline.py --mode sync_trades --config C:\Users\USER\Documentos\Maestria\Mark-III\config\config_optimizado_20260513_152459.yaml
2026-06-10 05:44:50,699 | INFO | Riesgo sync_trades [aggressive_hybrid_v1_3_tp5_sl3]: open=0 break_even=0 partials=0 pending=0 last_signal=- last_action=-
2026-06-10 05:44:50,700 | INFO | Job 'sync_trades' completado.
2026-06-10 05:45:45,018 | INFO | Ejecutando job 'sync_trades' [aggressive_hybrid_v1_3_tp5_sl3]: C:\Users\USER\Documentos\Maestria\Mark-III\.venv\Scripts\python.exe main_pipeline.py --mode sync_trades --config C:\Users\USER\Documentos\Maestria\Mark-III\config\config_optimizado_20260513_152459.yaml
2026-06-10 05:45:50,282 | INFO | Riesgo sync_trades [aggressive_hybrid_v1_3_tp5_sl3]: open=0 break_even=0 partials=0 pending=0 last_signal=- last_action=-
2026-06-10 05:45:50,283 | INFO | Job 'sync_trades' completado.
2026-06-10 05:46:14,221 | INFO | Riesgo monitor_runtime [aggressive_hybrid_v1_3_tp5_sl3]: open=0 break_even=0 partials=0 pending=0 last_signal=- last_action=-
2026-06-10 05:46:15,053 | INFO | Ejecutando job 'production' [aggressive_hybrid_v1_3_tp5_sl3]: C:\Users\USER\Documentos\Maestria\Mark-III\.venv\Scripts\python.exe main_pipeline.py --mode production --config C:\Users\USER\Documentos\Maestria\Mark-III\config\config_optimizado_20260513_152459.yaml
2026-06-10 05:46:25,503 | INFO | Señal production [aggressive_hybrid_v1_3_tp5_sl3]: ts=2026-06-10 13:45:00 signal=HOLD primary=SELL(0.714) filter=HOLD support=-0.023821882986572812 pips=-3.087404258457706 reason=filter_hold_wait_candle_retrace entry=1.1552 sl=1.1556 tp=1.15475
2026-06-10 05:46:25,503 | INFO | Job 'production' completado.
2026-06-10 05:46:40,047 | INFO | Ejecutando job 'production' [aggressive_hybrid_v1_4_mid_r3_4p6b_hybrid_champion_fast]: C:\Users\USER\Documentos\Maestria\Mark-III\.venv\Scripts\python.exe main_pipeline.py --mode production --config C:\Users\USER\Documentos\Maestria\Mark-III\config\config_optimizado_20260603_075730.yaml
2026-06-10 05:46:45,014 | INFO | Ejecutando job 'sync_trades' [aggressive_hybrid_v1_3_tp5_sl3]: C:\Users\USER\Documentos\Maestria\Mark-III\.venv\Scripts\python.exe main_pipeline.py --mode sync_trades --config C:\Users\USER\Documentos\Maestria\Mark-III\config\config_optimizado_20260513_152459.yaml
2026-06-10 05:46:51,863 | INFO | Riesgo sync_trades [aggressive_hybrid_v1_3_tp5_sl3]: open=0 break_even=0 partials=0 pending=0 last_signal=- last_action=-
2026-06-10 05:46:51,863 | INFO | Job 'sync_trades' completado.
2026-06-10 05:46:52,367 | INFO | Señal production [aggressive_hybrid_v1_4_mid_r3_4p6b_hybrid_champion_fast]: ts=2026-06-10 13:45:00 signal=HOLD primary=HOLD(0.588) filter=HOLD support=0.0 pips=-1.3031757074636272 reason=signal_hold entry= sl= tp=
2026-06-10 05:46:52,367 | INFO | Job 'production' completado.
2026-06-10 05:47:45,019 | INFO | Ejecutando job 'sync_trades' [aggressive_hybrid_v1_3_tp5_sl3]: C:\Users\USER\Documentos\Maestria\Mark-III\.venv\Scripts\python.exe main_pipeline.py --mode sync_trades --config C:\Users\USER\Documentos\Maestria\Mark-III\config\config_optimizado_20260513_152459.yaml
2026-06-10 05:47:50,819 | INFO | Riesgo sync_trades [aggressive_hybrid_v1_3_tp5_sl3]: open=0 break_even=0 partials=0 pending=0 last_signal=- last_action=-
2026-06-10 05:47:50,820 | INFO | Job 'sync_trades' completado.
2026-06-10 05:48:14,060 | INFO | Riesgo monitor_runtime [aggressive_hybrid_v1_3_tp5_sl3]: open=0 break_even=0 partials=0 pending=0 last_signal=- last_action=-
2026-06-10 05:48:45,023 | INFO | Ejecutando job 'sync_trades' [aggressive_hybrid_v1_3_tp5_sl3]: C:\Users\USER\Documentos\Maestria\Mark-III\.venv\Scripts\python.exe main_pipeline.py --mode sync_trades --config C:\Users\USER\Documentos\Maestria\Mark-III\config\config_optimizado_20260513_152459.yaml
2026-06-10 05:48:50,280 | INFO | Riesgo sync_trades [aggressive_hybrid_v1_3_tp5_sl3]: open=0 break_even=0 partials=0 pending=0 last_signal=- last_action=-
2026-06-10 05:48:50,280 | INFO | Job 'sync_trades' completado.
2026-06-10 05:49:45,026 | INFO | Ejecutando job 'sync_trades' [aggressive_hybrid_v1_3_tp5_sl3]: C:\Users\USER\Documentos\Maestria\Mark-III\.venv\Scripts\python.exe main_pipeline.py --mode sync_trades --config C:\Users\USER\Documentos\Maestria\Mark-III\config\config_optimizado_20260513_152459.yaml
2026-06-10 05:49:50,281 | INFO | Riesgo sync_trades [aggressive_hybrid_v1_3_tp5_sl3]: open=0 break_even=0 partials=0 pending=0 last_signal=- last_action=-
2026-06-10 05:49:50,282 | INFO | Job 'sync_trades' completado.
2026-06-10 05:50:13,737 | INFO | Riesgo monitor_runtime [aggressive_hybrid_v1_3_tp5_sl3]: open=0 break_even=0 partials=0 pending=0 last_signal=- last_action=-
2026-06-10 05:50:45,017 | INFO | Ejecutando job 'sync_trades' [aggressive_hybrid_v1_3_tp5_sl3]: C:\Users\USER\Documentos\Maestria\Mark-III\.venv\Scripts\python.exe main_pipeline.py --mode sync_trades --config C:\Users\USER\Documentos\Maestria\Mark-III\config\config_optimizado_20260513_152459.yaml
2026-06-10 05:50:50,316 | INFO | Riesgo sync_trades [aggressive_hybrid_v1_3_tp5_sl3]: open=0 break_even=0 partials=0 pending=0 last_signal=- last_action=-
2026-06-10 05:50:50,316 | INFO | Job 'sync_trades' completado.
2026-06-10 05:51:15,053 | INFO | Ejecutando job 'production' [aggressive_hybrid_v1_3_tp5_sl3]: C:\Users\USER\Documentos\Maestria\Mark-III\.venv\Scripts\python.exe main_pipeline.py --mode production --config C:\Users\USER\Documentos\Maestria\Mark-III\config\config_optimizado_20260513_152459.yaml
2026-06-10 05:51:25,882 | INFO | Señal production [aggressive_hybrid_v1_3_tp5_sl3]: ts=2026-06-10 13:50:00 signal=HOLD primary=HOLD(0.685) filter=HOLD support=0.0 pips=-2.7842159110220597 reason=signal_hold entry= sl= tp=
2026-06-10 05:51:25,882 | INFO | Job 'production' completado.
2026-06-10 05:51:40,058 | INFO | Ejecutando job 'production' [aggressive_hybrid_v1_4_mid_r3_4p6b_hybrid_champion_fast]: C:\Users\USER\Documentos\Maestria\Mark-III\.venv\Scripts\python.exe main_pipeline.py --mode production --config C:\Users\USER\Documentos\Maestria\Mark-III\config\config_optimizado_20260603_075730.yaml
2026-06-10 05:51:45,018 | INFO | Ejecutando job 'sync_trades' [aggressive_hybrid_v1_3_tp5_sl3]: C:\Users\USER\Documentos\Maestria\Mark-III\.venv\Scripts\python.exe main_pipeline.py --mode sync_trades --config C:\Users\USER\Documentos\Maestria\Mark-III\config\config_optimizado_20260513_152459.yaml
2026-06-10 05:51:52,295 | INFO | Riesgo sync_trades [aggressive_hybrid_v1_3_tp5_sl3]: open=0 break_even=0 partials=0 pending=0 last_signal=- last_action=-
2026-06-10 05:51:52,295 | INFO | Job 'sync_trades' completado.
2026-06-10 05:51:52,600 | INFO | Señal production [aggressive_hybrid_v1_4_mid_r3_4p6b_hybrid_champion_fast]: ts=2026-06-10 13:50:00 signal=HOLD primary=HOLD(0.478) filter=HOLD support=0.0 pips=-0.5037491756906397 reason=signal_hold entry= sl= tp=
2026-06-10 05:51:52,600 | INFO | Job 'production' completado.
2026-06-10 05:52:14,084 | INFO | Riesgo monitor_runtime [aggressive_hybrid_v1_3_tp5_sl3]: open=0 break_even=0 partials=0 pending=0 last_signal=- last_action=-
2026-06-10 05:52:45,024 | INFO | Ejecutando job 'sync_trades' [aggressive_hybrid_v1_3_tp5_sl3]: C:\Users\USER\Documentos\Maestria\Mark-III\.venv\Scripts\python.exe main_pipeline.py --mode sync_trades --config C:\Users\USER\Documentos\Maestria\Mark-III\config\config_optimizado_20260513_152459.yaml
2026-06-10 05:52:50,425 | INFO | Riesgo sync_trades [aggressive_hybrid_v1_3_tp5_sl3]: open=0 break_even=0 partials=0 pending=0 last_signal=- last_action=-
2026-06-10 05:52:50,425 | INFO | Job 'sync_trades' completado.
2026-06-10 05:53:45,020 | INFO | Ejecutando job 'sync_trades' [aggressive_hybrid_v1_3_tp5_sl3]: C:\Users\USER\Documentos\Maestria\Mark-III\.venv\Scripts\python.exe main_pipeline.py --mode sync_trades --config C:\Users\USER\Documentos\Maestria\Mark-III\config\config_optimizado_20260513_152459.yaml
2026-06-10 05:53:50,313 | INFO | Riesgo sync_trades [aggressive_hybrid_v1_3_tp5_sl3]: open=0 break_even=0 partials=0 pending=0 last_signal=- last_action=-
2026-06-10 05:53:50,314 | INFO | Job 'sync_trades' completado.
2026-06-10 05:54:14,008 | INFO | Riesgo monitor_runtime [aggressive_hybrid_v1_3_tp5_sl3]: open=0 break_even=0 partials=0 pending=0 last_signal=- last_action=-
2026-06-10 05:54:45,014 | INFO | Ejecutando job 'sync_trades' [aggressive_hybrid_v1_3_tp5_sl3]: C:\Users\USER\Documentos\Maestria\Mark-III\.venv\Scripts\python.exe main_pipeline.py --mode sync_trades --config C:\Users\USER\Documentos\Maestria\Mark-III\config\config_optimizado_20260513_152459.yaml
2026-06-10 05:54:51,006 | INFO | Riesgo sync_trades [aggressive_hybrid_v1_3_tp5_sl3]: open=0 break_even=0 partials=0 pending=0 last_signal=- last_action=-
2026-06-10 05:54:51,006 | INFO | Job 'sync_trades' completado.
2026-06-10 05:55:45,028 | INFO | Ejecutando job 'sync_trades' [aggressive_hybrid_v1_3_tp5_sl3]: C:\Users\USER\Documentos\Maestria\Mark-III\.venv\Scripts\python.exe main_pipeline.py --mode sync_trades --config C:\Users\USER\Documentos\Maestria\Mark-III\config\config_optimizado_20260513_152459.yaml
2026-06-10 05:55:51,419 | INFO | Riesgo sync_trades [aggressive_hybrid_v1_3_tp5_sl3]: open=0 break_even=0 partials=0 pending=0 last_signal=- last_action=-
2026-06-10 05:55:51,419 | INFO | Job 'sync_trades' completado.
2026-06-10 05:56:15,052 | INFO | Ejecutando job 'production' [aggressive_hybrid_v1_3_tp5_sl3]: C:\Users\USER\Documentos\Maestria\Mark-III\.venv\Scripts\python.exe main_pipeline.py --mode production --config C:\Users\USER\Documentos\Maestria\Mark-III\config\config_optimizado_20260513_152459.yaml
2026-06-10 05:56:16,122 | INFO | Riesgo monitor_runtime [aggressive_hybrid_v1_3_tp5_sl3]: open=0 break_even=0 partials=0 pending=0 last_signal=- last_action=-
2026-06-10 05:56:31,946 | INFO | Señal production [aggressive_hybrid_v1_3_tp5_sl3]: ts=2026-06-10 13:55:00 signal=HOLD primary=HOLD(0.512) filter=HOLD support=0.0 pips=-1.0235647832607044 reason=signal_hold entry= sl= tp=
2026-06-10 05:56:31,946 | INFO | Job 'production' completado.
2026-06-10 05:56:40,056 | INFO | Ejecutando job 'production' [aggressive_hybrid_v1_4_mid_r3_4p6b_hybrid_champion_fast]: C:\Users\USER\Documentos\Maestria\Mark-III\.venv\Scripts\python.exe main_pipeline.py --mode production --config C:\Users\USER\Documentos\Maestria\Mark-III\config\config_optimizado_20260603_075730.yaml
2026-06-10 05:56:45,016 | INFO | Ejecutando job 'sync_trades' [aggressive_hybrid_v1_3_tp5_sl3]: C:\Users\USER\Documentos\Maestria\Mark-III\.venv\Scripts\python.exe main_pipeline.py --mode sync_trades --config C:\Users\USER\Documentos\Maestria\Mark-III\config\config_optimizado_20260513_152459.yaml
2026-06-10 05:56:52,557 | INFO | Riesgo sync_trades [aggressive_hybrid_v1_3_tp5_sl3]: open=0 break_even=0 partials=0 pending=0 last_signal=- last_action=-
2026-06-10 05:56:52,557 | INFO | Job 'sync_trades' completado.
2026-06-10 05:56:59,123 | INFO | Señal production [aggressive_hybrid_v1_4_mid_r3_4p6b_hybrid_champion_fast]: ts=2026-06-10 13:55:00 signal=HOLD primary=HOLD(0.578) filter=HOLD support=0.0 pips=1.2361242306749693 reason=signal_hold entry= sl= tp=
2026-06-10 05:56:59,123 | INFO | Job 'production' completado.
2026-06-10 05:57:45,029 | INFO | Ejecutando job 'sync_trades' [aggressive_hybrid_v1_3_tp5_sl3]: C:\Users\USER\Documentos\Maestria\Mark-III\.venv\Scripts\python.exe main_pipeline.py --mode sync_trades --config C:\Users\USER\Documentos\Maestria\Mark-III\config\config_optimizado_20260513_152459.yaml
2026-06-10 05:57:50,894 | INFO | Riesgo sync_trades [aggressive_hybrid_v1_3_tp5_sl3]: open=0 break_even=0 partials=0 pending=0 last_signal=- last_action=-
2026-06-10 05:57:50,895 | INFO | Job 'sync_trades' completado.
2026-06-10 05:58:13,900 | INFO | Riesgo monitor_runtime [aggressive_hybrid_v1_3_tp5_sl3]: open=0 break_even=0 partials=0 pending=0 last_signal=- last_action=-
2026-06-10 05:58:45,018 | INFO | Ejecutando job 'sync_trades' [aggressive_hybrid_v1_3_tp5_sl3]: C:\Users\USER\Documentos\Maestria\Mark-III\.venv\Scripts\python.exe main_pipeline.py --mode sync_trades --config C:\Users\USER\Documentos\Maestria\Mark-III\config\config_optimizado_20260513_152459.yaml
2026-06-10 05:58:50,379 | INFO | Riesgo sync_trades [aggressive_hybrid_v1_3_tp5_sl3]: open=0 break_even=0 partials=0 pending=0 last_signal=- last_action=-
2026-06-10 05:58:50,380 | INFO | Job 'sync_trades' completado.
2026-06-10 05:59:45,022 | INFO | Ejecutando job 'sync_trades' [aggressive_hybrid_v1_3_tp5_sl3]: C:\Users\USER\Documentos\Maestria\Mark-III\.venv\Scripts\python.exe main_pipeline.py --mode sync_trades --config C:\Users\USER\Documentos\Maestria\Mark-III\config\config_optimizado_20260513_152459.yaml
2026-06-10 05:59:50,456 | INFO | Riesgo sync_trades [aggressive_hybrid_v1_3_tp5_sl3]: open=0 break_even=0 partials=0 pending=0 last_signal=- last_action=-
2026-06-10 05:59:50,456 | INFO | Job 'sync_trades' completado.
2026-06-10 06:00:13,711 | INFO | Riesgo monitor_runtime [aggressive_hybrid_v1_3_tp5_sl3]: open=0 break_even=0 partials=0 pending=0 last_signal=- last_action=-
2026-06-10 06:00:45,024 | INFO | Ejecutando job 'sync_trades' [aggressive_hybrid_v1_3_tp5_sl3]: C:\Users\USER\Documentos\Maestria\Mark-III\.venv\Scripts\python.exe main_pipeline.py --mode sync_trades --config C:\Users\USER\Documentos\Maestria\Mark-III\config\config_optimizado_20260513_152459.yaml
2026-06-10 06:00:50,291 | INFO | Riesgo sync_trades [aggressive_hybrid_v1_3_tp5_sl3]: open=0 break_even=0 partials=0 pending=0 last_signal=- last_action=-
2026-06-10 06:00:50,291 | INFO | Job 'sync_trades' completado.
2026-06-10 06:01:15,053 | INFO | Ejecutando job 'production' [aggressive_hybrid_v1_3_tp5_sl3]: C:\Users\USER\Documentos\Maestria\Mark-III\.venv\Scripts\python.exe main_pipeline.py --mode production --config C:\Users\USER\Documentos\Maestria\Mark-III\config\config_optimizado_20260513_152459.yaml
2026-06-10 06:01:26,141 | INFO | Señal production [aggressive_hybrid_v1_3_tp5_sl3]: ts=2026-06-10 14:00:00 signal=HOLD primary=HOLD(0.435) filter=HOLD support=0.0 pips=0.23991954617523922 reason=signal_hold entry= sl= tp=
2026-06-10 06:01:26,143 | INFO | Job 'production' completado.
2026-06-10 06:01:40,053 | INFO | Ejecutando job 'production' [aggressive_hybrid_v1_4_mid_r3_4p6b_hybrid_champion_fast]: C:\Users\USER\Documentos\Maestria\Mark-III\.venv\Scripts\python.exe main_pipeline.py --mode production --config C:\Users\USER\Documentos\Maestria\Mark-III\config\config_optimizado_20260603_075730.yaml
2026-06-10 06:01:45,022 | INFO | Ejecutando job 'sync_trades' [aggressive_hybrid_v1_3_tp5_sl3]: C:\Users\USER\Documentos\Maestria\Mark-III\.venv\Scripts\python.exe main_pipeline.py --mode sync_trades --config C:\Users\USER\Documentos\Maestria\Mark-III\config\config_optimizado_20260513_152459.yaml
2026-06-10 06:01:52,121 | INFO | Riesgo sync_trades [aggressive_hybrid_v1_3_tp5_sl3]: open=0 break_even=0 partials=0 pending=0 last_signal=- last_action=-
2026-06-10 06:01:52,121 | INFO | Job 'sync_trades' completado.
2026-06-10 06:01:53,511 | INFO | Señal production [aggressive_hybrid_v1_4_mid_r3_4p6b_hybrid_champion_fast]: ts=2026-06-10 14:00:00 signal=HOLD primary=HOLD(0.431) filter=BUY support=0.0 pips=0.16587222945314817 reason=signal_hold entry= sl= tp=
2026-06-10 06:01:53,512 | INFO | Job 'production' completado.
2026-06-10 06:02:14,551 | INFO | Riesgo monitor_runtime [aggressive_hybrid_v1_3_tp5_sl3]: open=0 break_even=0 partials=0 pending=0 last_signal=- last_action=-
2026-06-10 06:02:45,024 | INFO | Ejecutando job 'sync_trades' [aggressive_hybrid_v1_3_tp5_sl3]: C:\Users\USER\Documentos\Maestria\Mark-III\.venv\Scripts\python.exe main_pipeline.py --mode sync_trades --config C:\Users\USER\Documentos\Maestria\Mark-III\config\config_optimizado_20260513_152459.yaml
2026-06-10 06:02:50,526 | INFO | Riesgo sync_trades [aggressive_hybrid_v1_3_tp5_sl3]: open=0 break_even=0 partials=0 pending=0 last_signal=- last_action=-
2026-06-10 06:02:50,526 | INFO | Job 'sync_trades' completado.
2026-06-10 06:03:45,030 | INFO | Ejecutando job 'sync_trades' [aggressive_hybrid_v1_3_tp5_sl3]: C:\Users\USER\Documentos\Maestria\Mark-III\.venv\Scripts\python.exe main_pipeline.py --mode sync_trades --config C:\Users\USER\Documentos\Maestria\Mark-III\config\config_optimizado_20260513_152459.yaml
2026-06-10 06:03:50,406 | INFO | Riesgo sync_trades [aggressive_hybrid_v1_3_tp5_sl3]: open=0 break_even=0 partials=0 pending=0 last_signal=- last_action=-
2026-06-10 06:03:50,406 | INFO | Job 'sync_trades' completado.
2026-06-10 06:04:14,235 | INFO | Riesgo monitor_runtime [aggressive_hybrid_v1_3_tp5_sl3]: open=0 break_even=0 partials=0 pending=0 last_signal=- last_action=-
2026-06-10 06:04:45,022 | INFO | Ejecutando job 'sync_trades' [aggressive_hybrid_v1_3_tp5_sl3]: C:\Users\USER\Documentos\Maestria\Mark-III\.venv\Scripts\python.exe main_pipeline.py --mode sync_trades --config C:\Users\USER\Documentos\Maestria\Mark-III\config\config_optimizado_20260513_152459.yaml
2026-06-10 06:04:50,986 | INFO | Riesgo sync_trades [aggressive_hybrid_v1_3_tp5_sl3]: open=0 break_even=0 partials=0 pending=0 last_signal=- last_action=-
2026-06-10 06:04:50,986 | INFO | Job 'sync_trades' completado.
2026-06-10 06:05:45,019 | INFO | Ejecutando job 'sync_trades' [aggressive_hybrid_v1_3_tp5_sl3]: C:\Users\USER\Documentos\Maestria\Mark-III\.venv\Scripts\python.exe main_pipeline.py --mode sync_trades --config C:\Users\USER\Documentos\Maestria\Mark-III\config\config_optimizado_20260513_152459.yaml
2026-06-10 06:05:50,560 | INFO | Riesgo sync_trades [aggressive_hybrid_v1_3_tp5_sl3]: open=0 break_even=0 partials=0 pending=0 last_signal=- last_action=-
2026-06-10 06:05:50,561 | INFO | Job 'sync_trades' completado.
2026-06-10 06:06:14,425 | INFO | Riesgo monitor_runtime [aggressive_hybrid_v1_3_tp5_sl3]: open=0 break_even=0 partials=0 pending=0 last_signal=- last_action=-
2026-06-10 06:06:15,066 | INFO | Ejecutando job 'production' [aggressive_hybrid_v1_3_tp5_sl3]: C:\Users\USER\Documentos\Maestria\Mark-III\.venv\Scripts\python.exe main_pipeline.py --mode production --config C:\Users\USER\Documentos\Maestria\Mark-III\config\config_optimizado_20260513_152459.yaml
2026-06-10 06:06:26,869 | INFO | Señal production [aggressive_hybrid_v1_3_tp5_sl3]: ts=2026-06-10 14:05:00 signal=SELL primary=SELL(0.961) filter=BUY support=-0.33383488584294874 pips=-8.147456779424626 reason=confirmation_disabled entry=1.15435 sl=1.15485 tp=1.15352
2026-06-10 06:06:26,874 | INFO | Job 'production' completado.
2026-06-10 06:06:40,050 | INFO | Ejecutando job 'production' [aggressive_hybrid_v1_4_mid_r3_4p6b_hybrid_champion_fast]: C:\Users\USER\Documentos\Maestria\Mark-III\.venv\Scripts\python.exe main_pipeline.py --mode production --config C:\Users\USER\Documentos\Maestria\Mark-III\config\config_optimizado_20260603_075730.yaml
2026-06-10 06:06:45,013 | INFO | Ejecutando job 'sync_trades' [aggressive_hybrid_v1_3_tp5_sl3]: C:\Users\USER\Documentos\Maestria\Mark-III\.venv\Scripts\python.exe main_pipeline.py --mode sync_trades --config C:\Users\USER\Documentos\Maestria\Mark-III\config\config_optimizado_20260513_152459.yaml
2026-06-10 06:06:52,139 | INFO | Riesgo sync_trades [aggressive_hybrid_v1_3_tp5_sl3]: open=1 break_even=0 partials=0 pending=0 last_signal=2026-06-10 14:05:00 last_action=-
2026-06-10 06:06:52,140 | INFO | Job 'sync_trades' completado.
2026-06-10 06:06:54,085 | INFO | Señal production [aggressive_hybrid_v1_4_mid_r3_4p6b_hybrid_champion_fast]: ts=2026-06-10 14:05:00 signal=HOLD primary=SELL(0.958) filter=BUY support=-0.9059459795039635 pips=-5.956266397163684 reason=entry_context_hard_contradiction entry=1.15453 sl=1.15498 tp=1.15381
2026-06-10 06:06:54,085 | INFO | Job 'production' completado.
2026-06-10 06:07:45,031 | INFO | Ejecutando job 'sync_trades' [aggressive_hybrid_v1_3_tp5_sl3]: C:\Users\USER\Documentos\Maestria\Mark-III\.venv\Scripts\python.exe main_pipeline.py --mode sync_trades --config C:\Users\USER\Documentos\Maestria\Mark-III\config\config_optimizado_20260513_152459.yaml
2026-06-10 06:07:50,468 | INFO | Riesgo sync_trades [aggressive_hybrid_v1_3_tp5_sl3]: open=1 break_even=0 partials=0 pending=0 last_signal=2026-06-10 14:05:00 last_action=-
2026-06-10 06:07:50,469 | INFO | Job 'sync_trades' completado.
2026-06-10 06:08:14,014 | INFO | Riesgo monitor_runtime [aggressive_hybrid_v1_3_tp5_sl3]: open=1 break_even=0 partials=0 pending=0 last_signal=2026-06-10 14:05:00 last_action=-
2026-06-10 06:08:45,028 | INFO | Ejecutando job 'sync_trades' [aggressive_hybrid_v1_3_tp5_sl3]: C:\Users\USER\Documentos\Maestria\Mark-III\.venv\Scripts\python.exe main_pipeline.py --mode sync_trades --config C:\Users\USER\Documentos\Maestria\Mark-III\config\config_optimizado_20260513_152459.yaml
2026-06-10 06:08:50,498 | INFO | Riesgo sync_trades [aggressive_hybrid_v1_3_tp5_sl3]: open=1 break_even=0 partials=0 pending=0 last_signal=2026-06-10 14:05:00 last_action=-
2026-06-10 06:08:50,498 | INFO | Job 'sync_trades' completado.
2026-06-10 06:09:45,023 | INFO | Ejecutando job 'sync_trades' [aggressive_hybrid_v1_3_tp5_sl3]: C:\Users\USER\Documentos\Maestria\Mark-III\.venv\Scripts\python.exe main_pipeline.py --mode sync_trades --config C:\Users\USER\Documentos\Maestria\Mark-III\config\config_optimizado_20260513_152459.yaml
2026-06-10 06:09:50,436 | INFO | Riesgo sync_trades [aggressive_hybrid_v1_3_tp5_sl3]: open=1 break_even=0 partials=0 pending=0 last_signal=2026-06-10 14:05:00 last_action=-
2026-06-10 06:09:50,436 | INFO | Job 'sync_trades' completado.
2026-06-10 06:10:13,935 | INFO | Riesgo monitor_runtime [aggressive_hybrid_v1_3_tp5_sl3]: open=1 break_even=0 partials=0 pending=0 last_signal=2026-06-10 14:05:00 last_action=-
2026-06-10 06:10:45,028 | INFO | Ejecutando job 'sync_trades' [aggressive_hybrid_v1_3_tp5_sl3]: C:\Users\USER\Documentos\Maestria\Mark-III\.venv\Scripts\python.exe main_pipeline.py --mode sync_trades --config C:\Users\USER\Documentos\Maestria\Mark-III\config\config_optimizado_20260513_152459.yaml
2026-06-10 06:10:50,305 | INFO | Riesgo sync_trades [aggressive_hybrid_v1_3_tp5_sl3]: open=1 break_even=0 partials=0 pending=0 last_signal=2026-06-10 14:05:00 last_action=-
2026-06-10 06:10:50,305 | INFO | Job 'sync_trades' completado.
2026-06-10 06:11:15,060 | INFO | Ejecutando job 'production' [aggressive_hybrid_v1_3_tp5_sl3]: C:\Users\USER\Documentos\Maestria\Mark-III\.venv\Scripts\python.exe main_pipeline.py --mode production --config C:\Users\USER\Documentos\Maestria\Mark-III\config\config_optimizado_20260513_152459.yaml
2026-06-10 06:11:26,436 | INFO | Señal production [aggressive_hybrid_v1_3_tp5_sl3]: ts=2026-06-10 14:10:00 signal=SELL primary=SELL(0.790) filter=HOLD support=-0.42481216520732734 pips=-3.856672171681808 reason=confirmation_disabled entry=1.15441 sl=1.15481 tp=1.15396
2026-06-10 06:11:26,437 | INFO | Job 'production' completado.
2026-06-10 06:11:40,056 | INFO | Ejecutando job 'production' [aggressive_hybrid_v1_4_mid_r3_4p6b_hybrid_champion_fast]: C:\Users\USER\Documentos\Maestria\Mark-III\.venv\Scripts\python.exe main_pipeline.py --mode production --config C:\Users\USER\Documentos\Maestria\Mark-III\config\config_optimizado_20260603_075730.yaml
2026-06-10 06:11:45,015 | INFO | Ejecutando job 'sync_trades' [aggressive_hybrid_v1_3_tp5_sl3]: C:\Users\USER\Documentos\Maestria\Mark-III\.venv\Scripts\python.exe main_pipeline.py --mode sync_trades --config C:\Users\USER\Documentos\Maestria\Mark-III\config\config_optimizado_20260513_152459.yaml
2026-06-10 06:11:52,061 | INFO | Riesgo sync_trades [aggressive_hybrid_v1_3_tp5_sl3]: open=2 break_even=0 partials=0 pending=0 last_signal=2026-06-10 14:10:00 last_action=-
2026-06-10 06:11:52,061 | INFO | Job 'sync_trades' completado.
2026-06-10 06:11:52,833 | INFO | Señal production [aggressive_hybrid_v1_4_mid_r3_4p6b_hybrid_champion_fast]: ts=2026-06-10 14:10:00 signal=HOLD primary=HOLD(0.472) filter=BUY support=0.0 pips=0.4634251564277373 reason=signal_hold entry= sl= tp=
2026-06-10 06:11:52,834 | INFO | Job 'production' completado.
2026-06-10 06:12:14,133 | INFO | Riesgo monitor_runtime [aggressive_hybrid_v1_3_tp5_sl3]: open=2 break_even=0 partials=0 pending=0 last_signal=2026-06-10 14:10:00 last_action=-
2026-06-10 06:12:45,018 | INFO | Ejecutando job 'sync_trades' [aggressive_hybrid_v1_3_tp5_sl3]: C:\Users\USER\Documentos\Maestria\Mark-III\.venv\Scripts\python.exe main_pipeline.py --mode sync_trades --config C:\Users\USER\Documentos\Maestria\Mark-III\config\config_optimizado_20260513_152459.yaml
2026-06-10 06:12:50,400 | INFO | Riesgo sync_trades [aggressive_hybrid_v1_3_tp5_sl3]: open=2 break_even=0 partials=0 pending=0 last_signal=2026-06-10 14:10:00 last_action=-
2026-06-10 06:12:50,400 | INFO | Job 'sync_trades' completado.
2026-06-10 06:13:45,021 | INFO | Ejecutando job 'sync_trades' [aggressive_hybrid_v1_3_tp5_sl3]: C:\Users\USER\Documentos\Maestria\Mark-III\.venv\Scripts\python.exe main_pipeline.py --mode sync_trades --config C:\Users\USER\Documentos\Maestria\Mark-III\config\config_optimizado_20260513_152459.yaml
2026-06-10 06:13:50,313 | INFO | Riesgo sync_trades [aggressive_hybrid_v1_3_tp5_sl3]: open=1 break_even=0 partials=0 pending=0 last_signal=2026-06-10 14:05:00 last_action=-
2026-06-10 06:13:50,313 | INFO | Job 'sync_trades' completado.
2026-06-10 06:14:14,082 | INFO | Riesgo monitor_runtime [aggressive_hybrid_v1_3_tp5_sl3]: open=1 break_even=0 partials=0 pending=0 last_signal=2026-06-10 14:05:00 last_action=-
2026-06-10 06:14:45,021 | INFO | Ejecutando job 'sync_trades' [aggressive_hybrid_v1_3_tp5_sl3]: C:\Users\USER\Documentos\Maestria\Mark-III\.venv\Scripts\python.exe main_pipeline.py --mode sync_trades --config C:\Users\USER\Documentos\Maestria\Mark-III\config\config_optimizado_20260513_152459.yaml
2026-06-10 06:14:51,118 | INFO | Riesgo sync_trades [aggressive_hybrid_v1_3_tp5_sl3]: open=1 break_even=0 partials=0 pending=0 last_signal=2026-06-10 14:05:00 last_action=-
2026-06-10 06:14:51,118 | INFO | Job 'sync_trades' completado.
2026-06-10 06:15:45,019 | INFO | Ejecutando job 'sync_trades' [aggressive_hybrid_v1_3_tp5_sl3]: C:\Users\USER\Documentos\Maestria\Mark-III\.venv\Scripts\python.exe main_pipeline.py --mode sync_trades --config C:\Users\USER\Documentos\Maestria\Mark-III\config\config_optimizado_20260513_152459.yaml
2026-06-10 06:15:50,355 | INFO | Riesgo sync_trades [aggressive_hybrid_v1_3_tp5_sl3]: open=0 break_even=0 partials=0 pending=0 last_signal=- last_action=-
2026-06-10 06:15:50,356 | INFO | Job 'sync_trades' completado.
2026-06-10 06:16:14,235 | INFO | Riesgo monitor_runtime [aggressive_hybrid_v1_3_tp5_sl3]: open=0 break_even=0 partials=0 pending=0 last_signal=- last_action=-
2026-06-10 06:16:15,083 | INFO | Ejecutando job 'production' [aggressive_hybrid_v1_3_tp5_sl3]: C:\Users\USER\Documentos\Maestria\Mark-III\.venv\Scripts\python.exe main_pipeline.py --mode production --config C:\Users\USER\Documentos\Maestria\Mark-III\config\config_optimizado_20260513_152459.yaml
2026-06-10 06:16:25,477 | INFO | Señal production [aggressive_hybrid_v1_3_tp5_sl3]: ts=2026-06-10 14:15:00 signal=HOLD primary=HOLD(0.544) filter=HOLD support=0.0 pips=-1.3570181459439334 reason=signal_hold entry= sl= tp=
2026-06-10 06:16:25,477 | INFO | Job 'production' completado.
2026-06-10 06:16:40,050 | INFO | Ejecutando job 'production' [aggressive_hybrid_v1_4_mid_r3_4p6b_hybrid_champion_fast]: C:\Users\USER\Documentos\Maestria\Mark-III\.venv\Scripts\python.exe main_pipeline.py --mode production --config C:\Users\USER\Documentos\Maestria\Mark-III\config\config_optimizado_20260603_075730.yaml
2026-06-10 06:16:45,028 | INFO | Ejecutando job 'sync_trades' [aggressive_hybrid_v1_3_tp5_sl3]: C:\Users\USER\Documentos\Maestria\Mark-III\.venv\Scripts\python.exe main_pipeline.py --mode sync_trades --config C:\Users\USER\Documentos\Maestria\Mark-III\config\config_optimizado_20260513_152459.yaml
2026-06-10 06:16:51,802 | INFO | Señal production [aggressive_hybrid_v1_4_mid_r3_4p6b_hybrid_champion_fast]: ts=2026-06-10 14:15:00 signal=BUY primary=BUY(0.958) filter=BUY support=0.8316729635258013 pips=7.828365156418342 reason=confirmation_disabled entry=1.15479 sl=1.15433 tp=1.15552
2026-06-10 06:16:51,803 | INFO | Job 'production' completado.
2026-06-10 06:16:51,930 | INFO | Riesgo sync_trades [aggressive_hybrid_v1_3_tp5_sl3]: open=0 break_even=0 partials=0 pending=0 last_signal=- last_action=-
2026-06-10 06:16:51,930 | INFO | Job 'sync_trades' completado.
2026-06-10 06:17:45,023 | INFO | Ejecutando job 'sync_trades' [aggressive_hybrid_v1_3_tp5_sl3]: C:\Users\USER\Documentos\Maestria\Mark-III\.venv\Scripts\python.exe main_pipeline.py --mode sync_trades --config C:\Users\USER\Documentos\Maestria\Mark-III\config\config_optimizado_20260513_152459.yaml
2026-06-10 06:17:50,307 | INFO | Riesgo sync_trades [aggressive_hybrid_v1_3_tp5_sl3]: open=0 break_even=0 partials=0 pending=0 last_signal=- last_action=-
2026-06-10 06:17:50,307 | INFO | Job 'sync_trades' completado.
2026-06-10 06:18:13,790 | INFO | Riesgo monitor_runtime [aggressive_hybrid_v1_3_tp5_sl3]: open=0 break_even=0 partials=0 pending=0 last_signal=- last_action=-
2026-06-10 06:18:45,023 | INFO | Ejecutando job 'sync_trades' [aggressive_hybrid_v1_3_tp5_sl3]: C:\Users\USER\Documentos\Maestria\Mark-III\.venv\Scripts\python.exe main_pipeline.py --mode sync_trades --config C:\Users\USER\Documentos\Maestria\Mark-III\config\config_optimizado_20260513_152459.yaml
2026-06-10 06:18:50,286 | INFO | Riesgo sync_trades [aggressive_hybrid_v1_3_tp5_sl3]: open=0 break_even=0 partials=0 pending=0 last_signal=- last_action=-
2026-06-10 06:18:50,286 | INFO | Job 'sync_trades' completado.
2026-06-10 06:19:45,017 | INFO | Ejecutando job 'sync_trades' [aggressive_hybrid_v1_3_tp5_sl3]: C:\Users\USER\Documentos\Maestria\Mark-III\.venv\Scripts\python.exe main_pipeline.py --mode sync_trades --config C:\Users\USER\Documentos\Maestria\Mark-III\config\config_optimizado_20260513_152459.yaml
2026-06-10 06:19:50,400 | INFO | Riesgo sync_trades [aggressive_hybrid_v1_3_tp5_sl3]: open=0 break_even=0 partials=0 pending=0 last_signal=- last_action=-
2026-06-10 06:19:50,400 | INFO | Job 'sync_trades' completado.
2026-06-10 06:20:13,668 | INFO | Riesgo monitor_runtime [aggressive_hybrid_v1_3_tp5_sl3]: open=0 break_even=0 partials=0 pending=0 last_signal=- last_action=-
2026-06-10 06:20:45,024 | INFO | Ejecutando job 'sync_trades' [aggressive_hybrid_v1_3_tp5_sl3]: C:\Users\USER\Documentos\Maestria\Mark-III\.venv\Scripts\python.exe main_pipeline.py --mode sync_trades --config C:\Users\USER\Documentos\Maestria\Mark-III\config\config_optimizado_20260513_152459.yaml
2026-06-10 06:20:50,395 | INFO | Riesgo sync_trades [aggressive_hybrid_v1_3_tp5_sl3]: open=0 break_even=0 partials=0 pending=0 last_signal=- last_action=-
2026-06-10 06:20:50,395 | INFO | Job 'sync_trades' completado.
2026-06-10 06:21:15,048 | INFO | Ejecutando job 'production' [aggressive_hybrid_v1_3_tp5_sl3]: C:\Users\USER\Documentos\Maestria\Mark-III\.venv\Scripts\python.exe main_pipeline.py --mode production --config C:\Users\USER\Documentos\Maestria\Mark-III\config\config_optimizado_20260513_152459.yaml
2026-06-10 06:21:26,680 | INFO | Señal production [aggressive_hybrid_v1_3_tp5_sl3]: ts=2026-06-10 14:20:00 signal=HOLD primary=BUY(0.961) filter=HOLD support=-0.015113208668231903 pips=9.11673327557225 reason=filter_hold_wait_candle_retrace entry=1.15478 sl=1.15425 tp=1.15569
2026-06-10 06:21:26,680 | INFO | Job 'production' completado.
2026-06-10 06:21:40,052 | INFO | Ejecutando job 'production' [aggressive_hybrid_v1_4_mid_r3_4p6b_hybrid_champion_fast]: C:\Users\USER\Documentos\Maestria\Mark-III\.venv\Scripts\python.exe main_pipeline.py --mode production --config C:\Users\USER\Documentos\Maestria\Mark-III\config\config_optimizado_20260603_075730.yaml
2026-06-10 06:21:45,025 | INFO | Ejecutando job 'sync_trades' [aggressive_hybrid_v1_3_tp5_sl3]: C:\Users\USER\Documentos\Maestria\Mark-III\.venv\Scripts\python.exe main_pipeline.py --mode sync_trades --config C:\Users\USER\Documentos\Maestria\Mark-III\config\config_optimizado_20260513_152459.yaml
2026-06-10 06:21:51,312 | INFO | Señal production [aggressive_hybrid_v1_4_mid_r3_4p6b_hybrid_champion_fast]: ts=2026-06-10 14:20:00 signal=HOLD primary=BUY(0.729) filter=BUY support=0.5918205177211383 pips=2.3329281887544675 reason=direct_confirmed_wait_candle_retrace entry=1.15479 sl=1.15432 tp=1.15554
2026-06-10 06:21:51,312 | INFO | Job 'production' completado.
2026-06-10 06:21:51,991 | INFO | Riesgo sync_trades [aggressive_hybrid_v1_3_tp5_sl3]: open=0 break_even=0 partials=0 pending=0 last_signal=- last_action=-
2026-06-10 06:21:51,991 | INFO | Job 'sync_trades' completado.
2026-06-10 06:22:13,991 | INFO | Riesgo monitor_runtime [aggressive_hybrid_v1_3_tp5_sl3]: open=0 break_even=0 partials=0 pending=0 last_signal=- last_action=-
2026-06-10 06:22:45,020 | INFO | Ejecutando job 'sync_trades' [aggressive_hybrid_v1_3_tp5_sl3]: C:\Users\USER\Documentos\Maestria\Mark-III\.venv\Scripts\python.exe main_pipeline.py --mode sync_trades --config C:\Users\USER\Documentos\Maestria\Mark-III\config\config_optimizado_20260513_152459.yaml
2026-06-10 06:22:50,396 | INFO | Riesgo sync_trades [aggressive_hybrid_v1_3_tp5_sl3]: open=0 break_even=0 partials=0 pending=0 last_signal=- last_action=-
2026-06-10 06:22:50,396 | INFO | Job 'sync_trades' completado.
2026-06-10 06:23:45,026 | INFO | Ejecutando job 'sync_trades' [aggressive_hybrid_v1_3_tp5_sl3]: C:\Users\USER\Documentos\Maestria\Mark-III\.venv\Scripts\python.exe main_pipeline.py --mode sync_trades --config C:\Users\USER\Documentos\Maestria\Mark-III\config\config_optimizado_20260513_152459.yaml
2026-06-10 06:23:50,283 | INFO | Riesgo sync_trades [aggressive_hybrid_v1_3_tp5_sl3]: open=0 break_even=0 partials=0 pending=0 last_signal=- last_action=-
2026-06-10 06:23:50,283 | INFO | Job 'sync_trades' completado.
2026-06-10 06:24:13,772 | INFO | Riesgo monitor_runtime [aggressive_hybrid_v1_3_tp5_sl3]: open=0 break_even=0 partials=0 pending=0 last_signal=- last_action=-
2026-06-10 06:24:45,022 | INFO | Ejecutando job 'sync_trades' [aggressive_hybrid_v1_3_tp5_sl3]: C:\Users\USER\Documentos\Maestria\Mark-III\.venv\Scripts\python.exe main_pipeline.py --mode sync_trades --config C:\Users\USER\Documentos\Maestria\Mark-III\config\config_optimizado_20260513_152459.yaml
2026-06-10 06:24:50,649 | INFO | Riesgo sync_trades [aggressive_hybrid_v1_3_tp5_sl3]: open=0 break_even=0 partials=0 pending=0 last_signal=- last_action=-
2026-06-10 06:24:50,649 | INFO | Job 'sync_trades' completado.
2026-06-10 06:25:45,029 | INFO | Ejecutando job 'sync_trades' [aggressive_hybrid_v1_3_tp5_sl3]: C:\Users\USER\Documentos\Maestria\Mark-III\.venv\Scripts\python.exe main_pipeline.py --mode sync_trades --config C:\Users\USER\Documentos\Maestria\Mark-III\config\config_optimizado_20260513_152459.yaml
2026-06-10 06:25:50,421 | INFO | Riesgo sync_trades [aggressive_hybrid_v1_3_tp5_sl3]: open=0 break_even=0 partials=0 pending=0 last_signal=- last_action=-
2026-06-10 06:25:50,421 | INFO | Job 'sync_trades' completado.
2026-06-10 06:26:13,855 | INFO | Riesgo monitor_runtime [aggressive_hybrid_v1_3_tp5_sl3]: open=0 break_even=0 partials=0 pending=0 last_signal=- last_action=-
2026-06-10 06:26:15,083 | INFO | Ejecutando job 'production' [aggressive_hybrid_v1_3_tp5_sl3]: C:\Users\USER\Documentos\Maestria\Mark-III\.venv\Scripts\python.exe main_pipeline.py --mode production --config C:\Users\USER\Documentos\Maestria\Mark-III\config\config_optimizado_20260513_152459.yaml
2026-06-10 06:26:25,986 | INFO | Señal production [aggressive_hybrid_v1_3_tp5_sl3]: ts=2026-06-10 14:25:00 signal=HOLD primary=HOLD(0.540) filter=BUY support=0.0 pips=1.3123591776107986 reason=signal_hold entry= sl= tp=
2026-06-10 06:26:25,986 | INFO | Job 'production' completado.
2026-06-10 06:26:40,048 | INFO | Ejecutando job 'production' [aggressive_hybrid_v1_4_mid_r3_4p6b_hybrid_champion_fast]: C:\Users\USER\Documentos\Maestria\Mark-III\.venv\Scripts\python.exe main_pipeline.py --mode production --config C:\Users\USER\Documentos\Maestria\Mark-III\config\config_optimizado_20260603_075730.yaml
2026-06-10 06:26:45,023 | INFO | Ejecutando job 'sync_trades' [aggressive_hybrid_v1_3_tp5_sl3]: C:\Users\USER\Documentos\Maestria\Mark-III\.venv\Scripts\python.exe main_pipeline.py --mode sync_trades --config C:\Users\USER\Documentos\Maestria\Mark-III\config\config_optimizado_20260513_152459.yaml
2026-06-10 06:26:51,467 | INFO | Señal production [aggressive_hybrid_v1_4_mid_r3_4p6b_hybrid_champion_fast]: ts=2026-06-10 14:25:00 signal=SELL primary=SELL(0.958) filter=BUY support=-0.9248849389176018 pips=-9.316354928514933 reason=confirmation_disabled entry=1.15403 sl=1.15455 tp=1.1532
2026-06-10 06:26:51,467 | INFO | Job 'production' completado.
2026-06-10 06:26:51,971 | INFO | Riesgo sync_trades [aggressive_hybrid_v1_3_tp5_sl3]: open=0 break_even=0 partials=0 pending=0 last_signal=- last_action=-
2026-06-10 06:26:51,971 | INFO | Job 'sync_trades' completado.
2026-06-10 06:27:45,020 | INFO | Ejecutando job 'sync_trades' [aggressive_hybrid_v1_3_tp5_sl3]: C:\Users\USER\Documentos\Maestria\Mark-III\.venv\Scripts\python.exe main_pipeline.py --mode sync_trades --config C:\Users\USER\Documentos\Maestria\Mark-III\config\config_optimizado_20260513_152459.yaml
2026-06-10 06:27:50,329 | INFO | Riesgo sync_trades [aggressive_hybrid_v1_3_tp5_sl3]: open=0 break_even=0 partials=0 pending=0 last_signal=- last_action=-
2026-06-10 06:27:50,330 | INFO | Job 'sync_trades' completado.
2026-06-10 06:28:13,697 | INFO | Riesgo monitor_runtime [aggressive_hybrid_v1_3_tp5_sl3]: open=0 break_even=0 partials=0 pending=0 last_signal=- last_action=-
2026-06-10 06:28:45,018 | INFO | Ejecutando job 'sync_trades' [aggressive_hybrid_v1_3_tp5_sl3]: C:\Users\USER\Documentos\Maestria\Mark-III\.venv\Scripts\python.exe main_pipeline.py --mode sync_trades --config C:\Users\USER\Documentos\Maestria\Mark-III\config\config_optimizado_20260513_152459.yaml
2026-06-10 06:28:50,358 | INFO | Riesgo sync_trades [aggressive_hybrid_v1_3_tp5_sl3]: open=0 break_even=0 partials=0 pending=0 last_signal=- last_action=-
2026-06-10 06:28:50,358 | INFO | Job 'sync_trades' completado.
2026-06-10 06:29:45,016 | INFO | Ejecutando job 'sync_trades' [aggressive_hybrid_v1_3_tp5_sl3]: C:\Users\USER\Documentos\Maestria\Mark-III\.venv\Scripts\python.exe main_pipeline.py --mode sync_trades --config C:\Users\USER\Documentos\Maestria\Mark-III\config\config_optimizado_20260513_152459.yaml
2026-06-10 06:29:50,663 | INFO | Riesgo sync_trades [aggressive_hybrid_v1_3_tp5_sl3]: open=0 break_even=0 partials=0 pending=0 last_signal=- last_action=-
2026-06-10 06:29:50,663 | INFO | Job 'sync_trades' completado.
2026-06-10 06:30:13,940 | INFO | Riesgo monitor_runtime [aggressive_hybrid_v1_3_tp5_sl3]: open=0 break_even=0 partials=0 pending=0 last_signal=- last_action=-
2026-06-10 06:30:45,017 | INFO | Ejecutando job 'sync_trades' [aggressive_hybrid_v1_3_tp5_sl3]: C:\Users\USER\Documentos\Maestria\Mark-III\.venv\Scripts\python.exe main_pipeline.py --mode sync_trades --config C:\Users\USER\Documentos\Maestria\Mark-III\config\config_optimizado_20260513_152459.yaml
2026-06-10 06:30:50,419 | INFO | Riesgo sync_trades [aggressive_hybrid_v1_3_tp5_sl3]: open=0 break_even=0 partials=0 pending=0 last_signal=- last_action=-
2026-06-10 06:30:50,419 | INFO | Job 'sync_trades' completado.
2026-06-10 06:31:15,059 | INFO | Ejecutando job 'production' [aggressive_hybrid_v1_3_tp5_sl3]: C:\Users\USER\Documentos\Maestria\Mark-III\.venv\Scripts\python.exe main_pipeline.py --mode production --config C:\Users\USER\Documentos\Maestria\Mark-III\config\config_optimizado_20260513_152459.yaml
2026-06-10 06:31:26,738 | INFO | Señal production [aggressive_hybrid_v1_3_tp5_sl3]: ts=2026-06-10 14:30:00 signal=SELL primary=SELL(0.887) filter=HOLD support=-0.03342596090088548 pips=-4.845194314163293 reason=confirmation_disabled entry=1.15429 sl=1.15473 tp=1.15381
2026-06-10 06:31:26,738 | INFO | Job 'production' completado.
2026-06-10 06:31:40,058 | INFO | Ejecutando job 'production' [aggressive_hybrid_v1_4_mid_r3_4p6b_hybrid_champion_fast]: C:\Users\USER\Documentos\Maestria\Mark-III\.venv\Scripts\python.exe main_pipeline.py --mode production --config C:\Users\USER\Documentos\Maestria\Mark-III\config\config_optimizado_20260603_075730.yaml
2026-06-10 06:31:45,015 | INFO | Ejecutando job 'sync_trades' [aggressive_hybrid_v1_3_tp5_sl3]: C:\Users\USER\Documentos\Maestria\Mark-III\.venv\Scripts\python.exe main_pipeline.py --mode sync_trades --config C:\Users\USER\Documentos\Maestria\Mark-III\config\config_optimizado_20260513_152459.yaml
2026-06-10 06:31:51,441 | INFO | Señal production [aggressive_hybrid_v1_4_mid_r3_4p6b_hybrid_champion_fast]: ts=2026-06-10 14:30:00 signal=HOLD primary=HOLD(0.552) filter=BUY support=0.0 pips=-1.0444090567887543 reason=signal_hold entry= sl= tp=
2026-06-10 06:31:51,442 | INFO | Job 'production' completado.
2026-06-10 06:31:52,505 | INFO | Riesgo sync_trades [aggressive_hybrid_v1_3_tp5_sl3]: open=1 break_even=0 partials=0 pending=0 last_signal=2026-06-10 14:30:00 last_action=-
2026-06-10 06:31:52,505 | INFO | Job 'sync_trades' completado.
2026-06-10 06:32:14,467 | INFO | Riesgo monitor_runtime [aggressive_hybrid_v1_3_tp5_sl3]: open=1 break_even=0 partials=0 pending=0 last_signal=2026-06-10 14:30:00 last_action=-
2026-06-10 06:32:45,030 | INFO | Ejecutando job 'sync_trades' [aggressive_hybrid_v1_3_tp5_sl3]: C:\Users\USER\Documentos\Maestria\Mark-III\.venv\Scripts\python.exe main_pipeline.py --mode sync_trades --config C:\Users\USER\Documentos\Maestria\Mark-III\config\config_optimizado_20260513_152459.yaml
2026-06-10 06:32:50,463 | INFO | Riesgo sync_trades [aggressive_hybrid_v1_3_tp5_sl3]: open=1 break_even=0 partials=0 pending=0 last_signal=2026-06-10 14:30:00 last_action=-
2026-06-10 06:32:50,463 | INFO | Job 'sync_trades' completado.
2026-06-10 06:33:45,032 | INFO | Ejecutando job 'sync_trades' [aggressive_hybrid_v1_3_tp5_sl3]: C:\Users\USER\Documentos\Maestria\Mark-III\.venv\Scripts\python.exe main_pipeline.py --mode sync_trades --config C:\Users\USER\Documentos\Maestria\Mark-III\config\config_optimizado_20260513_152459.yaml
2026-06-10 06:33:50,418 | INFO | Riesgo sync_trades [aggressive_hybrid_v1_3_tp5_sl3]: open=1 break_even=0 partials=0 pending=0 last_signal=2026-06-10 14:30:00 last_action=-
2026-06-10 06:33:50,418 | INFO | Job 'sync_trades' completado.
2026-06-10 06:34:14,376 | INFO | Riesgo monitor_runtime [aggressive_hybrid_v1_3_tp5_sl3]: open=1 break_even=0 partials=0 pending=0 last_signal=2026-06-10 14:30:00 last_action=-
2026-06-10 06:34:45,019 | INFO | Ejecutando job 'sync_trades' [aggressive_hybrid_v1_3_tp5_sl3]: C:\Users\USER\Documentos\Maestria\Mark-III\.venv\Scripts\python.exe main_pipeline.py --mode sync_trades --config C:\Users\USER\Documentos\Maestria\Mark-III\config\config_optimizado_20260513_152459.yaml
2026-06-10 06:34:50,882 | INFO | Riesgo sync_trades [aggressive_hybrid_v1_3_tp5_sl3]: open=1 break_even=0 partials=0 pending=0 last_signal=2026-06-10 14:30:00 last_action=-
2026-06-10 06:34:50,882 | INFO | Job 'sync_trades' completado.
2026-06-10 06:35:45,026 | INFO | Ejecutando job 'sync_trades' [aggressive_hybrid_v1_3_tp5_sl3]: C:\Users\USER\Documentos\Maestria\Mark-III\.venv\Scripts\python.exe main_pipeline.py --mode sync_trades --config C:\Users\USER\Documentos\Maestria\Mark-III\config\config_optimizado_20260513_152459.yaml
2026-06-10 06:35:50,609 | INFO | Riesgo sync_trades [aggressive_hybrid_v1_3_tp5_sl3]: open=1 break_even=0 partials=0 pending=0 last_signal=2026-06-10 14:30:00 last_action=-
2026-06-10 06:35:50,610 | INFO | Job 'sync_trades' completado.
2026-06-10 06:36:14,392 | INFO | Riesgo monitor_runtime [aggressive_hybrid_v1_3_tp5_sl3]: open=1 break_even=0 partials=0 pending=0 last_signal=2026-06-10 14:30:00 last_action=-
2026-06-10 06:36:15,072 | INFO | Ejecutando job 'production' [aggressive_hybrid_v1_3_tp5_sl3]: C:\Users\USER\Documentos\Maestria\Mark-III\.venv\Scripts\python.exe main_pipeline.py --mode production --config C:\Users\USER\Documentos\Maestria\Mark-III\config\config_optimizado_20260513_152459.yaml
2026-06-10 06:36:26,125 | INFO | Señal production [aggressive_hybrid_v1_3_tp5_sl3]: ts=2026-06-10 14:35:00 signal=SELL primary=SELL(0.873) filter=HOLD support=-0.0437377601594162 pips=-4.6986336111872875 reason=confirmation_disabled entry=1.154 sl=1.15442 tp=1.15353
2026-06-10 06:36:26,125 | INFO | Job 'production' completado.
2026-06-10 06:36:40,045 | INFO | Ejecutando job 'production' [aggressive_hybrid_v1_4_mid_r3_4p6b_hybrid_champion_fast]: C:\Users\USER\Documentos\Maestria\Mark-III\.venv\Scripts\python.exe main_pipeline.py --mode production --config C:\Users\USER\Documentos\Maestria\Mark-III\config\config_optimizado_20260603_075730.yaml
2026-06-10 06:36:45,013 | INFO | Ejecutando job 'sync_trades' [aggressive_hybrid_v1_3_tp5_sl3]: C:\Users\USER\Documentos\Maestria\Mark-III\.venv\Scripts\python.exe main_pipeline.py --mode sync_trades --config C:\Users\USER\Documentos\Maestria\Mark-III\config\config_optimizado_20260513_152459.yaml
2026-06-10 06:36:52,240 | INFO | Riesgo sync_trades [aggressive_hybrid_v1_3_tp5_sl3]: open=2 break_even=0 partials=0 pending=0 last_signal=2026-06-10 14:35:00 last_action=-
2026-06-10 06:36:52,241 | INFO | Job 'sync_trades' completado.
2026-06-10 06:36:52,342 | INFO | Señal production [aggressive_hybrid_v1_4_mid_r3_4p6b_hybrid_champion_fast]: ts=2026-06-10 14:35:00 signal=HOLD primary=HOLD(0.661) filter=BUY support=0.0 pips=-1.8333019202112761 reason=signal_hold entry= sl= tp=
2026-06-10 06:36:52,342 | INFO | Job 'production' completado.
2026-06-10 06:37:45,025 | INFO | Ejecutando job 'sync_trades' [aggressive_hybrid_v1_3_tp5_sl3]: C:\Users\USER\Documentos\Maestria\Mark-III\.venv\Scripts\python.exe main_pipeline.py --mode sync_trades --config C:\Users\USER\Documentos\Maestria\Mark-III\config\config_optimizado_20260513_152459.yaml
2026-06-10 06:37:50,351 | INFO | Riesgo sync_trades [aggressive_hybrid_v1_3_tp5_sl3]: open=1 break_even=0 partials=0 pending=0 last_signal=2026-06-10 14:35:00 last_action=-
2026-06-10 06:37:50,351 | INFO | Job 'sync_trades' completado.
2026-06-10 06:38:14,503 | INFO | Riesgo monitor_runtime [aggressive_hybrid_v1_3_tp5_sl3]: open=1 break_even=1 partials=1 pending=0 last_signal=2026-06-10 14:35:00 last_action=progress_50_close_30:partial_close
2026-06-10 06:38:45,023 | INFO | Ejecutando job 'sync_trades' [aggressive_hybrid_v1_3_tp5_sl3]: C:\Users\USER\Documentos\Maestria\Mark-III\.venv\Scripts\python.exe main_pipeline.py --mode sync_trades --config C:\Users\USER\Documentos\Maestria\Mark-III\config\config_optimizado_20260513_152459.yaml
2026-06-10 06:38:50,334 | INFO | Riesgo sync_trades [aggressive_hybrid_v1_3_tp5_sl3]: open=1 break_even=1 partials=1 pending=0 last_signal=2026-06-10 14:35:00 last_action=progress_50_close_30:partial_close
2026-06-10 06:38:50,334 | INFO | Job 'sync_trades' completado.
2026-06-10 06:39:45,017 | INFO | Ejecutando job 'sync_trades' [aggressive_hybrid_v1_3_tp5_sl3]: C:\Users\USER\Documentos\Maestria\Mark-III\.venv\Scripts\python.exe main_pipeline.py --mode sync_trades --config C:\Users\USER\Documentos\Maestria\Mark-III\config\config_optimizado_20260513_152459.yaml
2026-06-10 06:39:50,347 | INFO | Riesgo sync_trades [aggressive_hybrid_v1_3_tp5_sl3]: open=1 break_even=1 partials=1 pending=0 last_signal=2026-06-10 14:35:00 last_action=progress_50_close_30:partial_close
2026-06-10 06:39:50,347 | INFO | Job 'sync_trades' completado.
2026-06-10 06:40:14,319 | INFO | Riesgo monitor_runtime [aggressive_hybrid_v1_3_tp5_sl3]: open=1 break_even=1 partials=1 pending=0 last_signal=2026-06-10 14:35:00 last_action=progress_50_close_30:partial_close
2026-06-10 06:40:45,021 | INFO | Ejecutando job 'sync_trades' [aggressive_hybrid_v1_3_tp5_sl3]: C:\Users\USER\Documentos\Maestria\Mark-III\.venv\Scripts\python.exe main_pipeline.py --mode sync_trades --config C:\Users\USER\Documentos\Maestria\Mark-III\config\config_optimizado_20260513_152459.yaml
2026-06-10 06:40:50,351 | INFO | Riesgo sync_trades [aggressive_hybrid_v1_3_tp5_sl3]: open=1 break_even=1 partials=1 pending=0 last_signal=2026-06-10 14:35:00 last_action=progress_50_close_30:partial_close
2026-06-10 06:40:50,351 | INFO | Job 'sync_trades' completado.
2026-06-10 06:41:15,067 | INFO | Ejecutando job 'production' [aggressive_hybrid_v1_3_tp5_sl3]: C:\Users\USER\Documentos\Maestria\Mark-III\.venv\Scripts\python.exe main_pipeline.py --mode production --config C:\Users\USER\Documentos\Maestria\Mark-III\config\config_optimizado_20260513_152459.yaml
2026-06-10 06:41:26,510 | INFO | Señal production [aggressive_hybrid_v1_3_tp5_sl3]: ts=2026-06-10 14:40:00 signal=SELL primary=SELL(0.961) filter=HOLD support=-0.1890419824141046 pips=-7.172920681423672 reason=confirmation_disabled entry=1.1536 sl=1.15425 tp=1.15288
2026-06-10 06:41:26,510 | INFO | Job 'production' completado.
2026-06-10 06:41:40,052 | INFO | Ejecutando job 'production' [aggressive_hybrid_v1_4_mid_r3_4p6b_hybrid_champion_fast]: C:\Users\USER\Documentos\Maestria\Mark-III\.venv\Scripts\python.exe main_pipeline.py --mode production --config C:\Users\USER\Documentos\Maestria\Mark-III\config\config_optimizado_20260603_075730.yaml
2026-06-10 06:41:45,020 | INFO | Ejecutando job 'sync_trades' [aggressive_hybrid_v1_3_tp5_sl3]: C:\Users\USER\Documentos\Maestria\Mark-III\.venv\Scripts\python.exe main_pipeline.py --mode sync_trades --config C:\Users\USER\Documentos\Maestria\Mark-III\config\config_optimizado_20260513_152459.yaml
2026-06-10 06:41:51,378 | INFO | Señal production [aggressive_hybrid_v1_4_mid_r3_4p6b_hybrid_champion_fast]: ts=2026-06-10 14:40:00 signal=SELL primary=SELL(0.896) filter=BUY support=-0.872202549858079 pips=-3.548212539984028 reason=confirmation_disabled entry=1.1536 sl=1.15418 tp=1.15268
2026-06-10 06:41:51,379 | INFO | Job 'production' completado.
2026-06-10 06:41:52,050 | INFO | Riesgo sync_trades [aggressive_hybrid_v1_3_tp5_sl3]: open=2 break_even=1 partials=1 pending=0 last_signal=2026-06-10 14:40:00 last_action=-
2026-06-10 06:41:52,050 | INFO | Job 'sync_trades' completado.
2026-06-10 06:42:14,232 | INFO | Riesgo monitor_runtime [aggressive_hybrid_v1_3_tp5_sl3]: open=2 break_even=1 partials=1 pending=0 last_signal=2026-06-10 14:40:00 last_action=-
2026-06-10 06:42:45,021 | INFO | Ejecutando job 'sync_trades' [aggressive_hybrid_v1_3_tp5_sl3]: C:\Users\USER\Documentos\Maestria\Mark-III\.venv\Scripts\python.exe main_pipeline.py --mode sync_trades --config C:\Users\USER\Documentos\Maestria\Mark-III\config\config_optimizado_20260513_152459.yaml
2026-06-10 06:42:50,647 | INFO | Riesgo sync_trades [aggressive_hybrid_v1_3_tp5_sl3]: open=2 break_even=1 partials=1 pending=0 last_signal=2026-06-10 14:40:00 last_action=-
2026-06-10 06:42:50,647 | INFO | Job 'sync_trades' completado.
2026-06-10 06:43:45,026 | INFO | Ejecutando job 'sync_trades' [aggressive_hybrid_v1_3_tp5_sl3]: C:\Users\USER\Documentos\Maestria\Mark-III\.venv\Scripts\python.exe main_pipeline.py --mode sync_trades --config C:\Users\USER\Documentos\Maestria\Mark-III\config\config_optimizado_20260513_152459.yaml
2026-06-10 06:43:50,320 | INFO | Riesgo sync_trades [aggressive_hybrid_v1_3_tp5_sl3]: open=2 break_even=1 partials=1 pending=0 last_signal=2026-06-10 14:40:00 last_action=-
2026-06-10 06:43:50,320 | INFO | Job 'sync_trades' completado.
2026-06-10 06:44:14,298 | INFO | Riesgo monitor_runtime [aggressive_hybrid_v1_3_tp5_sl3]: open=2 break_even=1 partials=1 pending=0 last_signal=2026-06-10 14:40:00 last_action=-
2026-06-10 06:44:45,028 | INFO | Ejecutando job 'sync_trades' [aggressive_hybrid_v1_3_tp5_sl3]: C:\Users\USER\Documentos\Maestria\Mark-III\.venv\Scripts\python.exe main_pipeline.py --mode sync_trades --config C:\Users\USER\Documentos\Maestria\Mark-III\config\config_optimizado_20260513_152459.yaml
2026-06-10 06:44:50,609 | INFO | Riesgo sync_trades [aggressive_hybrid_v1_3_tp5_sl3]: open=2 break_even=1 partials=1 pending=0 last_signal=2026-06-10 14:40:00 last_action=-
2026-06-10 06:44:50,610 | INFO | Job 'sync_trades' completado.
2026-06-10 06:45:45,025 | INFO | Ejecutando job 'sync_trades' [aggressive_hybrid_v1_3_tp5_sl3]: C:\Users\USER\Documentos\Maestria\Mark-III\.venv\Scripts\python.exe main_pipeline.py --mode sync_trades --config C:\Users\USER\Documentos\Maestria\Mark-III\config\config_optimizado_20260513_152459.yaml
2026-06-10 06:45:50,395 | INFO | Riesgo sync_trades [aggressive_hybrid_v1_3_tp5_sl3]: open=2 break_even=1 partials=1 pending=0 last_signal=2026-06-10 14:40:00 last_action=-
2026-06-10 06:45:50,395 | INFO | Job 'sync_trades' completado.
2026-06-10 06:46:14,314 | INFO | Riesgo monitor_runtime [aggressive_hybrid_v1_3_tp5_sl3]: open=2 break_even=1 partials=1 pending=0 last_signal=2026-06-10 14:40:00 last_action=-
2026-06-10 06:46:15,060 | INFO | Ejecutando job 'production' [aggressive_hybrid_v1_3_tp5_sl3]: C:\Users\USER\Documentos\Maestria\Mark-III\.venv\Scripts\python.exe main_pipeline.py --mode production --config C:\Users\USER\Documentos\Maestria\Mark-III\config\config_optimizado_20260513_152459.yaml
2026-06-10 06:46:25,332 | INFO | Señal production [aggressive_hybrid_v1_3_tp5_sl3]: ts=2026-06-10 14:45:00 signal=HOLD primary=SELL(0.748) filter=HOLD support=-0.20930628782018018 pips=-3.4322326263707366 reason=filter_hold_wait_candle_retrace entry=1.15363 sl=1.15403 tp=1.15318
2026-06-10 06:46:25,332 | INFO | Job 'production' completado.
2026-06-10 06:46:40,056 | INFO | Ejecutando job 'production' [aggressive_hybrid_v1_4_mid_r3_4p6b_hybrid_champion_fast]: C:\Users\USER\Documentos\Maestria\Mark-III\.venv\Scripts\python.exe main_pipeline.py --mode production --config C:\Users\USER\Documentos\Maestria\Mark-III\config\config_optimizado_20260603_075730.yaml
2026-06-10 06:46:45,026 | INFO | Ejecutando job 'sync_trades' [aggressive_hybrid_v1_3_tp5_sl3]: C:\Users\USER\Documentos\Maestria\Mark-III\.venv\Scripts\python.exe main_pipeline.py --mode sync_trades --config C:\Users\USER\Documentos\Maestria\Mark-III\config\config_optimizado_20260513_152459.yaml
2026-06-10 06:46:52,174 | INFO | Riesgo sync_trades [aggressive_hybrid_v1_3_tp5_sl3]: open=2 break_even=1 partials=1 pending=0 last_signal=2026-06-10 14:40:00 last_action=-
2026-06-10 06:46:52,175 | INFO | Job 'sync_trades' completado.
2026-06-10 06:46:52,213 | INFO | Señal production [aggressive_hybrid_v1_4_mid_r3_4p6b_hybrid_champion_fast]: ts=2026-06-10 14:45:00 signal=HOLD primary=HOLD(0.413) filter=BUY support=0.0 pips=0.034756026958654575 reason=signal_hold entry= sl= tp=
2026-06-10 06:46:52,215 | INFO | Job 'production' completado.
2026-06-10 06:47:45,027 | INFO | Ejecutando job 'sync_trades' [aggressive_hybrid_v1_3_tp5_sl3]: C:\Users\USER\Documentos\Maestria\Mark-III\.venv\Scripts\python.exe main_pipeline.py --mode sync_trades --config C:\Users\USER\Documentos\Maestria\Mark-III\config\config_optimizado_20260513_152459.yaml
2026-06-10 06:47:50,330 | INFO | Riesgo sync_trades [aggressive_hybrid_v1_3_tp5_sl3]: open=2 break_even=1 partials=1 pending=0 last_signal=2026-06-10 14:40:00 last_action=-
2026-06-10 06:47:50,330 | INFO | Job 'sync_trades' completado.
2026-06-10 06:48:14,028 | INFO | Riesgo monitor_runtime [aggressive_hybrid_v1_3_tp5_sl3]: open=2 break_even=1 partials=1 pending=0 last_signal=2026-06-10 14:40:00 last_action=-
2026-06-10 06:48:45,020 | INFO | Ejecutando job 'sync_trades' [aggressive_hybrid_v1_3_tp5_sl3]: C:\Users\USER\Documentos\Maestria\Mark-III\.venv\Scripts\python.exe main_pipeline.py --mode sync_trades --config C:\Users\USER\Documentos\Maestria\Mark-III\config\config_optimizado_20260513_152459.yaml
2026-06-10 06:48:50,319 | INFO | Riesgo sync_trades [aggressive_hybrid_v1_3_tp5_sl3]: open=2 break_even=1 partials=1 pending=0 last_signal=2026-06-10 14:40:00 last_action=-
2026-06-10 06:48:50,320 | INFO | Job 'sync_trades' completado.
2026-06-10 06:49:45,014 | INFO | Ejecutando job 'sync_trades' [aggressive_hybrid_v1_3_tp5_sl3]: C:\Users\USER\Documentos\Maestria\Mark-III\.venv\Scripts\python.exe main_pipeline.py --mode sync_trades --config C:\Users\USER\Documentos\Maestria\Mark-III\config\config_optimizado_20260513_152459.yaml
2026-06-10 06:49:50,340 | INFO | Riesgo sync_trades [aggressive_hybrid_v1_3_tp5_sl3]: open=2 break_even=1 partials=1 pending=0 last_signal=2026-06-10 14:40:00 last_action=-
2026-06-10 06:49:50,340 | INFO | Job 'sync_trades' completado.
2026-06-10 06:50:14,231 | INFO | Riesgo monitor_runtime [aggressive_hybrid_v1_3_tp5_sl3]: open=2 break_even=1 partials=1 pending=0 last_signal=2026-06-10 14:40:00 last_action=-
2026-06-10 06:50:45,016 | INFO | Ejecutando job 'sync_trades' [aggressive_hybrid_v1_3_tp5_sl3]: C:\Users\USER\Documentos\Maestria\Mark-III\.venv\Scripts\python.exe main_pipeline.py --mode sync_trades --config C:\Users\USER\Documentos\Maestria\Mark-III\config\config_optimizado_20260513_152459.yaml
2026-06-10 06:50:50,369 | INFO | Riesgo sync_trades [aggressive_hybrid_v1_3_tp5_sl3]: open=2 break_even=1 partials=1 pending=0 last_signal=2026-06-10 14:40:00 last_action=-
2026-06-10 06:50:50,369 | INFO | Job 'sync_trades' completado.
2026-06-10 06:51:15,061 | INFO | Ejecutando job 'production' [aggressive_hybrid_v1_3_tp5_sl3]: C:\Users\USER\Documentos\Maestria\Mark-III\.venv\Scripts\python.exe main_pipeline.py --mode production --config C:\Users\USER\Documentos\Maestria\Mark-III\config\config_optimizado_20260513_152459.yaml
2026-06-10 06:51:26,079 | INFO | Señal production [aggressive_hybrid_v1_3_tp5_sl3]: ts=2026-06-10 14:50:00 signal=HOLD primary=HOLD(0.482) filter=HOLD support=0.0 pips=-0.7249013723556484 reason=signal_hold entry= sl= tp=
2026-06-10 06:51:26,079 | INFO | Job 'production' completado.
2026-06-10 06:51:40,059 | INFO | Ejecutando job 'production' [aggressive_hybrid_v1_4_mid_r3_4p6b_hybrid_champion_fast]: C:\Users\USER\Documentos\Maestria\Mark-III\.venv\Scripts\python.exe main_pipeline.py --mode production --config C:\Users\USER\Documentos\Maestria\Mark-III\config\config_optimizado_20260603_075730.yaml
2026-06-10 06:51:45,020 | INFO | Ejecutando job 'sync_trades' [aggressive_hybrid_v1_3_tp5_sl3]: C:\Users\USER\Documentos\Maestria\Mark-III\.venv\Scripts\python.exe main_pipeline.py --mode sync_trades --config C:\Users\USER\Documentos\Maestria\Mark-III\config\config_optimizado_20260513_152459.yaml
2026-06-10 06:51:51,544 | INFO | Señal production [aggressive_hybrid_v1_4_mid_r3_4p6b_hybrid_champion_fast]: ts=2026-06-10 14:50:00 signal=HOLD primary=HOLD(0.664) filter=BUY support=0.0 pips=1.8610208539126505 reason=signal_hold entry= sl= tp=
2026-06-10 06:51:51,544 | INFO | Job 'production' completado.
2026-06-10 06:51:52,076 | INFO | Riesgo sync_trades [aggressive_hybrid_v1_3_tp5_sl3]: open=1 break_even=0 partials=0 pending=0 last_signal=2026-06-10 14:40:00 last_action=-
2026-06-10 06:51:52,076 | INFO | Job 'sync_trades' completado.
2026-06-10 06:52:14,313 | INFO | Riesgo monitor_runtime [aggressive_hybrid_v1_3_tp5_sl3]: open=1 break_even=0 partials=0 pending=0 last_signal=2026-06-10 14:40:00 last_action=-
2026-06-10 06:52:45,016 | INFO | Ejecutando job 'sync_trades' [aggressive_hybrid_v1_3_tp5_sl3]: C:\Users\USER\Documentos\Maestria\Mark-III\.venv\Scripts\python.exe main_pipeline.py --mode sync_trades --config C:\Users\USER\Documentos\Maestria\Mark-III\config\config_optimizado_20260513_152459.yaml
2026-06-10 06:52:50,715 | INFO | Riesgo sync_trades [aggressive_hybrid_v1_3_tp5_sl3]: open=1 break_even=0 partials=0 pending=0 last_signal=2026-06-10 14:40:00 last_action=-
2026-06-10 06:52:50,715 | INFO | Job 'sync_trades' completado.
2026-06-10 06:53:45,021 | INFO | Ejecutando job 'sync_trades' [aggressive_hybrid_v1_3_tp5_sl3]: C:\Users\USER\Documentos\Maestria\Mark-III\.venv\Scripts\python.exe main_pipeline.py --mode sync_trades --config C:\Users\USER\Documentos\Maestria\Mark-III\config\config_optimizado_20260513_152459.yaml
2026-06-10 06:53:50,363 | INFO | Riesgo sync_trades [aggressive_hybrid_v1_3_tp5_sl3]: open=1 break_even=0 partials=0 pending=0 last_signal=2026-06-10 14:40:00 last_action=-
2026-06-10 06:53:50,364 | INFO | Job 'sync_trades' completado.
2026-06-10 06:54:13,985 | INFO | Riesgo monitor_runtime [aggressive_hybrid_v1_3_tp5_sl3]: open=1 break_even=0 partials=0 pending=0 last_signal=2026-06-10 14:40:00 last_action=-
2026-06-10 06:54:45,020 | INFO | Ejecutando job 'sync_trades' [aggressive_hybrid_v1_3_tp5_sl3]: C:\Users\USER\Documentos\Maestria\Mark-III\.venv\Scripts\python.exe main_pipeline.py --mode sync_trades --config C:\Users\USER\Documentos\Maestria\Mark-III\config\config_optimizado_20260513_152459.yaml
2026-06-10 06:54:50,395 | INFO | Riesgo sync_trades [aggressive_hybrid_v1_3_tp5_sl3]: open=1 break_even=0 partials=0 pending=0 last_signal=2026-06-10 14:40:00 last_action=-
2026-06-10 06:54:50,395 | INFO | Job 'sync_trades' completado.
2026-06-10 06:55:45,024 | INFO | Ejecutando job 'sync_trades' [aggressive_hybrid_v1_3_tp5_sl3]: C:\Users\USER\Documentos\Maestria\Mark-III\.venv\Scripts\python.exe main_pipeline.py --mode sync_trades --config C:\Users\USER\Documentos\Maestria\Mark-III\config\config_optimizado_20260513_152459.yaml
2026-06-10 06:55:50,788 | INFO | Riesgo sync_trades [aggressive_hybrid_v1_3_tp5_sl3]: open=1 break_even=0 partials=0 pending=0 last_signal=2026-06-10 14:40:00 last_action=-
2026-06-10 06:55:50,789 | INFO | Job 'sync_trades' completado.
2026-06-10 06:56:14,186 | INFO | Riesgo monitor_runtime [aggressive_hybrid_v1_3_tp5_sl3]: open=1 break_even=0 partials=0 pending=0 last_signal=2026-06-10 14:40:00 last_action=-
2026-06-10 06:56:15,051 | INFO | Ejecutando job 'production' [aggressive_hybrid_v1_3_tp5_sl3]: C:\Users\USER\Documentos\Maestria\Mark-III\.venv\Scripts\python.exe main_pipeline.py --mode production --config C:\Users\USER\Documentos\Maestria\Mark-III\config\config_optimizado_20260513_152459.yaml
2026-06-10 06:56:26,608 | INFO | Señal production [aggressive_hybrid_v1_3_tp5_sl3]: ts=2026-06-10 14:55:00 signal=HOLD primary=HOLD(0.642) filter=HOLD support=0.0 pips=2.3530636631350004 reason=signal_hold entry= sl= tp=
2026-06-10 06:56:26,608 | INFO | Job 'production' completado.
2026-06-10 06:56:40,052 | INFO | Ejecutando job 'production' [aggressive_hybrid_v1_4_mid_r3_4p6b_hybrid_champion_fast]: C:\Users\USER\Documentos\Maestria\Mark-III\.venv\Scripts\python.exe main_pipeline.py --mode production --config C:\Users\USER\Documentos\Maestria\Mark-III\config\config_optimizado_20260603_075730.yaml
2026-06-10 06:56:45,021 | INFO | Ejecutando job 'sync_trades' [aggressive_hybrid_v1_3_tp5_sl3]: C:\Users\USER\Documentos\Maestria\Mark-III\.venv\Scripts\python.exe main_pipeline.py --mode sync_trades --config C:\Users\USER\Documentos\Maestria\Mark-III\config\config_optimizado_20260513_152459.yaml
2026-06-10 06:56:53,159 | INFO | Riesgo sync_trades [aggressive_hybrid_v1_3_tp5_sl3]: open=1 break_even=0 partials=0 pending=0 last_signal=2026-06-10 14:40:00 last_action=-
2026-06-10 06:56:53,159 | INFO | Job 'sync_trades' completado.
2026-06-10 06:56:55,275 | INFO | Señal production [aggressive_hybrid_v1_4_mid_r3_4p6b_hybrid_champion_fast]: ts=2026-06-10 14:55:00 signal=HOLD primary=HOLD(0.439) filter=BUY support=0.0 pips=-0.22445142432202972 reason=signal_hold entry= sl= tp=
2026-06-10 06:56:55,275 | INFO | Job 'production' completado.
2026-06-10 06:57:45,019 | INFO | Ejecutando job 'sync_trades' [aggressive_hybrid_v1_3_tp5_sl3]: C:\Users\USER\Documentos\Maestria\Mark-III\.venv\Scripts\python.exe main_pipeline.py --mode sync_trades --config C:\Users\USER\Documentos\Maestria\Mark-III\config\config_optimizado_20260513_152459.yaml
2026-06-10 06:57:50,418 | INFO | Riesgo sync_trades [aggressive_hybrid_v1_3_tp5_sl3]: open=1 break_even=0 partials=0 pending=0 last_signal=2026-06-10 14:40:00 last_action=-
2026-06-10 06:57:50,418 | INFO | Job 'sync_trades' completado.
2026-06-10 06:58:15,631 | INFO | Riesgo monitor_runtime [aggressive_hybrid_v1_3_tp5_sl3]: open=1 break_even=0 partials=0 pending=0 last_signal=2026-06-10 14:40:00 last_action=-
2026-06-10 06:58:45,031 | INFO | Ejecutando job 'sync_trades' [aggressive_hybrid_v1_3_tp5_sl3]: C:\Users\USER\Documentos\Maestria\Mark-III\.venv\Scripts\python.exe main_pipeline.py --mode sync_trades --config C:\Users\USER\Documentos\Maestria\Mark-III\config\config_optimizado_20260513_152459.yaml
2026-06-10 06:59:05,157 | INFO | Riesgo sync_trades [aggressive_hybrid_v1_3_tp5_sl3]: open=1 break_even=0 partials=0 pending=0 last_signal=2026-06-10 14:40:00 last_action=-
2026-06-10 06:59:05,157 | INFO | Job 'sync_trades' completado.
2026-06-10 06:59:45,017 | INFO | Ejecutando job 'sync_trades' [aggressive_hybrid_v1_3_tp5_sl3]: C:\Users\USER\Documentos\Maestria\Mark-III\.venv\Scripts\python.exe main_pipeline.py --mode sync_trades --config C:\Users\USER\Documentos\Maestria\Mark-III\config\config_optimizado_20260513_152459.yaml
2026-06-10 06:59:50,546 | INFO | Riesgo sync_trades [aggressive_hybrid_v1_3_tp5_sl3]: open=1 break_even=0 partials=0 pending=0 last_signal=2026-06-10 14:40:00 last_action=-
2026-06-10 06:59:50,546 | INFO | Job 'sync_trades' completado.
2026-06-10 07:00:14,512 | INFO | Riesgo monitor_runtime [aggressive_hybrid_v1_3_tp5_sl3]: open=1 break_even=0 partials=0 pending=0 last_signal=2026-06-10 14:40:00 last_action=-
2026-06-10 07:00:45,030 | INFO | Ejecutando job 'sync_trades' [aggressive_hybrid_v1_3_tp5_sl3]: C:\Users\USER\Documentos\Maestria\Mark-III\.venv\Scripts\python.exe main_pipeline.py --mode sync_trades --config C:\Users\USER\Documentos\Maestria\Mark-III\config\config_optimizado_20260513_152459.yaml
2026-06-10 07:00:50,519 | INFO | Riesgo sync_trades [aggressive_hybrid_v1_3_tp5_sl3]: open=1 break_even=0 partials=0 pending=0 last_signal=2026-06-10 14:40:00 last_action=-
2026-06-10 07:00:50,519 | INFO | Job 'sync_trades' completado.
2026-06-10 07:01:15,052 | INFO | Ejecutando job 'production' [aggressive_hybrid_v1_3_tp5_sl3]: C:\Users\USER\Documentos\Maestria\Mark-III\.venv\Scripts\python.exe main_pipeline.py --mode production --config C:\Users\USER\Documentos\Maestria\Mark-III\config\config_optimizado_20260513_152459.yaml
2026-06-10 07:01:29,424 | INFO | Señal production [aggressive_hybrid_v1_3_tp5_sl3]: ts=2026-06-10 15:00:00 signal=HOLD primary=HOLD(0.413) filter=HOLD support=0.0 pips=0.023573838254557267 reason=signal_hold entry= sl= tp=
2026-06-10 07:01:29,424 | INFO | Job 'production' completado.
2026-06-10 07:01:40,053 | INFO | Ejecutando job 'production' [aggressive_hybrid_v1_4_mid_r3_4p6b_hybrid_champion_fast]: C:\Users\USER\Documentos\Maestria\Mark-III\.venv\Scripts\python.exe main_pipeline.py --mode production --config C:\Users\USER\Documentos\Maestria\Mark-III\config\config_optimizado_20260603_075730.yaml
2026-06-10 07:01:45,024 | INFO | Ejecutando job 'sync_trades' [aggressive_hybrid_v1_3_tp5_sl3]: C:\Users\USER\Documentos\Maestria\Mark-III\.venv\Scripts\python.exe main_pipeline.py --mode sync_trades --config C:\Users\USER\Documentos\Maestria\Mark-III\config\config_optimizado_20260513_152459.yaml
2026-06-10 07:01:52,862 | INFO | Riesgo sync_trades [aggressive_hybrid_v1_3_tp5_sl3]: open=1 break_even=0 partials=0 pending=0 last_signal=2026-06-10 14:40:00 last_action=-
2026-06-10 07:01:52,863 | INFO | Job 'sync_trades' completado.
2026-06-10 07:01:55,296 | INFO | Señal production [aggressive_hybrid_v1_4_mid_r3_4p6b_hybrid_champion_fast]: ts=2026-06-10 15:00:00 signal=SELL primary=SELL(0.747) filter=BUY support=-0.7308174057946137 pips=-2.4620444397203354 reason=confirmation_disabled entry=1.15362 sl=1.15423 tp=1.15264
2026-06-10 07:01:55,297 | INFO | Job 'production' completado.
2026-06-10 07:02:14,131 | INFO | Riesgo monitor_runtime [aggressive_hybrid_v1_3_tp5_sl3]: open=1 break_even=0 partials=0 pending=0 last_signal=2026-06-10 14:40:00 last_action=-
2026-06-10 07:02:45,027 | INFO | Ejecutando job 'sync_trades' [aggressive_hybrid_v1_3_tp5_sl3]: C:\Users\USER\Documentos\Maestria\Mark-III\.venv\Scripts\python.exe main_pipeline.py --mode sync_trades --config C:\Users\USER\Documentos\Maestria\Mark-III\config\config_optimizado_20260513_152459.yaml
2026-06-10 07:02:50,455 | INFO | Riesgo sync_trades [aggressive_hybrid_v1_3_tp5_sl3]: open=1 break_even=0 partials=0 pending=0 last_signal=2026-06-10 14:40:00 last_action=-
2026-06-10 07:02:50,455 | INFO | Job 'sync_trades' completado.
2026-06-10 07:03:45,023 | INFO | Ejecutando job 'sync_trades' [aggressive_hybrid_v1_3_tp5_sl3]: C:\Users\USER\Documentos\Maestria\Mark-III\.venv\Scripts\python.exe main_pipeline.py --mode sync_trades --config C:\Users\USER\Documentos\Maestria\Mark-III\config\config_optimizado_20260513_152459.yaml
2026-06-10 07:03:50,343 | INFO | Riesgo sync_trades [aggressive_hybrid_v1_3_tp5_sl3]: open=1 break_even=0 partials=0 pending=0 last_signal=2026-06-10 14:40:00 last_action=-
2026-06-10 07:03:50,343 | INFO | Job 'sync_trades' completado.
2026-06-10 07:04:14,053 | INFO | Riesgo monitor_runtime [aggressive_hybrid_v1_3_tp5_sl3]: open=1 break_even=0 partials=0 pending=0 last_signal=2026-06-10 14:40:00 last_action=-
2026-06-10 07:04:45,020 | INFO | Ejecutando job 'sync_trades' [aggressive_hybrid_v1_3_tp5_sl3]: C:\Users\USER\Documentos\Maestria\Mark-III\.venv\Scripts\python.exe main_pipeline.py --mode sync_trades --config C:\Users\USER\Documentos\Maestria\Mark-III\config\config_optimizado_20260513_152459.yaml
2026-06-10 07:04:50,675 | INFO | Riesgo sync_trades [aggressive_hybrid_v1_3_tp5_sl3]: open=1 break_even=0 partials=0 pending=0 last_signal=2026-06-10 14:40:00 last_action=-
2026-06-10 07:04:50,675 | INFO | Job 'sync_trades' completado.
2026-06-10 07:05:45,021 | INFO | Ejecutando job 'sync_trades' [aggressive_hybrid_v1_3_tp5_sl3]: C:\Users\USER\Documentos\Maestria\Mark-III\.venv\Scripts\python.exe main_pipeline.py --mode sync_trades --config C:\Users\USER\Documentos\Maestria\Mark-III\config\config_optimizado_20260513_152459.yaml
2026-06-10 07:05:50,889 | INFO | Riesgo sync_trades [aggressive_hybrid_v1_3_tp5_sl3]: open=1 break_even=0 partials=0 pending=0 last_signal=2026-06-10 14:40:00 last_action=-
2026-06-10 07:05:50,889 | INFO | Job 'sync_trades' completado.
2026-06-10 07:06:14,354 | INFO | Riesgo monitor_runtime [aggressive_hybrid_v1_3_tp5_sl3]: open=1 break_even=0 partials=0 pending=0 last_signal=2026-06-10 14:40:00 last_action=-
2026-06-10 07:06:15,067 | INFO | Ejecutando job 'production' [aggressive_hybrid_v1_3_tp5_sl3]: C:\Users\USER\Documentos\Maestria\Mark-III\.venv\Scripts\python.exe main_pipeline.py --mode production --config C:\Users\USER\Documentos\Maestria\Mark-III\config\config_optimizado_20260513_152459.yaml
2026-06-10 07:06:27,186 | INFO | Señal production [aggressive_hybrid_v1_3_tp5_sl3]: ts=2026-06-10 15:05:00 signal=HOLD primary=HOLD(0.585) filter=HOLD support=0.0 pips=1.771778186446811 reason=signal_hold entry= sl= tp=
2026-06-10 07:06:27,186 | INFO | Job 'production' completado.
2026-06-10 07:06:40,054 | INFO | Ejecutando job 'production' [aggressive_hybrid_v1_4_mid_r3_4p6b_hybrid_champion_fast]: C:\Users\USER\Documentos\Maestria\Mark-III\.venv\Scripts\python.exe main_pipeline.py --mode production --config C:\Users\USER\Documentos\Maestria\Mark-III\config\config_optimizado_20260603_075730.yaml
2026-06-10 07:06:45,019 | INFO | Ejecutando job 'sync_trades' [aggressive_hybrid_v1_3_tp5_sl3]: C:\Users\USER\Documentos\Maestria\Mark-III\.venv\Scripts\python.exe main_pipeline.py --mode sync_trades --config C:\Users\USER\Documentos\Maestria\Mark-III\config\config_optimizado_20260513_152459.yaml
2026-06-10 07:06:52,057 | INFO | Riesgo sync_trades [aggressive_hybrid_v1_3_tp5_sl3]: open=1 break_even=0 partials=0 pending=0 last_signal=2026-06-10 14:40:00 last_action=-
2026-06-10 07:06:52,058 | INFO | Job 'sync_trades' completado.
2026-06-10 07:06:52,354 | INFO | Señal production [aggressive_hybrid_v1_4_mid_r3_4p6b_hybrid_champion_fast]: ts=2026-06-10 15:05:00 signal=HOLD primary=HOLD(0.575) filter=BUY support=0.0 pips=1.2128633793740877 reason=signal_hold entry= sl= tp=
2026-06-10 07:06:52,355 | INFO | Job 'production' completado.
2026-06-10 07:07:45,019 | INFO | Ejecutando job 'sync_trades' [aggressive_hybrid_v1_3_tp5_sl3]: C:\Users\USER\Documentos\Maestria\Mark-III\.venv\Scripts\python.exe main_pipeline.py --mode sync_trades --config C:\Users\USER\Documentos\Maestria\Mark-III\config\config_optimizado_20260513_152459.yaml
2026-06-10 07:07:50,460 | INFO | Riesgo sync_trades [aggressive_hybrid_v1_3_tp5_sl3]: open=1 break_even=0 partials=0 pending=0 last_signal=2026-06-10 14:40:00 last_action=-
2026-06-10 07:07:50,461 | INFO | Job 'sync_trades' completado.
2026-06-10 07:08:13,992 | INFO | Riesgo monitor_runtime [aggressive_hybrid_v1_3_tp5_sl3]: open=1 break_even=0 partials=0 pending=0 last_signal=2026-06-10 14:40:00 last_action=-
2026-06-10 07:08:45,027 | INFO | Ejecutando job 'sync_trades' [aggressive_hybrid_v1_3_tp5_sl3]: C:\Users\USER\Documentos\Maestria\Mark-III\.venv\Scripts\python.exe main_pipeline.py --mode sync_trades --config C:\Users\USER\Documentos\Maestria\Mark-III\config\config_optimizado_20260513_152459.yaml
2026-06-10 07:08:50,745 | INFO | Riesgo sync_trades [aggressive_hybrid_v1_3_tp5_sl3]: open=1 break_even=0 partials=0 pending=0 last_signal=2026-06-10 14:40:00 last_action=-
2026-06-10 07:08:50,745 | INFO | Job 'sync_trades' completado.
2026-06-10 07:09:45,016 | INFO | Ejecutando job 'sync_trades' [aggressive_hybrid_v1_3_tp5_sl3]: C:\Users\USER\Documentos\Maestria\Mark-III\.venv\Scripts\python.exe main_pipeline.py --mode sync_trades --config C:\Users\USER\Documentos\Maestria\Mark-III\config\config_optimizado_20260513_152459.yaml
2026-06-10 07:10:04,269 | INFO | Riesgo sync_trades [aggressive_hybrid_v1_3_tp5_sl3]: open=1 break_even=0 partials=0 pending=0 last_signal=2026-06-10 14:40:00 last_action=-
2026-06-10 07:10:04,270 | INFO | Job 'sync_trades' completado.
2026-06-10 07:10:35,363 | INFO | Riesgo monitor_runtime [aggressive_hybrid_v1_3_tp5_sl3]: open=1 break_even=0 partials=0 pending=0 last_signal=2026-06-10 14:40:00 last_action=-
2026-06-10 07:18:14,300 | INFO | Ejecutando job 'sync_trades' [aggressive_hybrid_v1_3_tp5_sl3]: C:\Users\USER\Documentos\Maestria\Mark-III\.venv\Scripts\python.exe main_pipeline.py --mode sync_trades --config C:\Users\USER\Documentos\Maestria\Mark-III\config\config_optimizado_20260513_152459.yaml
2026-06-10 08:04:44,651 | INFO | Riesgo sync_trades [aggressive_hybrid_v1_3_tp5_sl3]: open=0 break_even=0 partials=0 pending=0 last_signal=- last_action=-
2026-06-10 08:04:44,658 | INFO | Job 'sync_trades' completado.
2026-06-10 08:04:45,020 | WARNING | Interrupcion de consola ignorada (signal=2). El scheduler sigue activo.
2026-06-10 08:04:45,047 | INFO | Ejecutando job 'sync_trades' [aggressive_hybrid_v1_3_tp5_sl3]: C:\Users\USER\Documentos\Maestria\Mark-III\.venv\Scripts\python.exe main_pipeline.py --mode sync_trades --config C:\Users\USER\Documentos\Maestria\Mark-III\config\config_optimizado_20260513_152459.yaml
2026-06-10 08:05:22,480 | INFO | Riesgo sync_trades [aggressive_hybrid_v1_3_tp5_sl3]: open=0 break_even=0 partials=0 pending=0 last_signal=- last_action=-
2026-06-10 08:05:22,493 | INFO | Job 'sync_trades' completado.
2026-06-10 08:05:45,024 | INFO | Ejecutando job 'sync_trades' [aggressive_hybrid_v1_3_tp5_sl3]: C:\Users\USER\Documentos\Maestria\Mark-III\.venv\Scripts\python.exe main_pipeline.py --mode sync_trades --config C:\Users\USER\Documentos\Maestria\Mark-III\config\config_optimizado_20260513_152459.yaml
2026-06-10 08:06:06,013 | INFO | Riesgo sync_trades [aggressive_hybrid_v1_3_tp5_sl3]: open=0 break_even=0 partials=0 pending=0 last_signal=- last_action=-
2026-06-10 08:06:06,014 | INFO | Job 'sync_trades' completado.
2026-06-10 08:06:15,298 | INFO | Ejecutando job 'production' [aggressive_hybrid_v1_3_tp5_sl3]: C:\Users\USER\Documentos\Maestria\Mark-III\.venv\Scripts\python.exe main_pipeline.py --mode production --config C:\Users\USER\Documentos\Maestria\Mark-III\config\config_optimizado_20260513_152459.yaml
2026-06-10 08:06:19,519 | INFO | Riesgo monitor_runtime [aggressive_hybrid_v1_3_tp5_sl3]: open=0 break_even=0 partials=0 pending=0 last_signal=- last_action=-
2026-06-10 08:06:36,533 | INFO | Señal production [aggressive_hybrid_v1_3_tp5_sl3]: ts=2026-06-10 16:05:00 signal=SELL primary=SELL(0.961) filter=HOLD support=0.14486430433652336 pips=-9.597848595611778 reason=confirmation_disabled entry=1.15483 sl=1.15558 tp=1.15387
2026-06-10 08:06:36,549 | INFO | Job 'production' completado.
2026-06-10 08:06:40,085 | INFO | Ejecutando job 'production' [aggressive_hybrid_v1_4_mid_r3_4p6b_hybrid_champion_fast]: C:\Users\USER\Documentos\Maestria\Mark-III\.venv\Scripts\python.exe main_pipeline.py --mode production --config C:\Users\USER\Documentos\Maestria\Mark-III\config\config_optimizado_20260603_075730.yaml
2026-06-10 08:06:45,028 | INFO | Ejecutando job 'sync_trades' [aggressive_hybrid_v1_3_tp5_sl3]: C:\Users\USER\Documentos\Maestria\Mark-III\.venv\Scripts\python.exe main_pipeline.py --mode sync_trades --config C:\Users\USER\Documentos\Maestria\Mark-III\config\config_optimizado_20260513_152459.yaml
2026-06-10 08:07:01,542 | INFO | Riesgo sync_trades [aggressive_hybrid_v1_3_tp5_sl3]: open=0 break_even=0 partials=0 pending=0 last_signal=- last_action=-
2026-06-10 08:07:01,545 | INFO | Job 'sync_trades' completado.
2026-06-10 08:07:08,463 | INFO | Señal production [aggressive_hybrid_v1_4_mid_r3_4p6b_hybrid_champion_fast]: ts=2026-06-10 16:05:00 signal=HOLD primary=HOLD(0.503) filter=BUY support=0.0 pips=0.6873604448382145 reason=signal_hold entry= sl= tp=
2026-06-10 08:07:08,464 | INFO | Job 'production' completado.
2026-06-10 08:07:45,015 | INFO | Ejecutando job 'sync_trades' [aggressive_hybrid_v1_3_tp5_sl3]: C:\Users\USER\Documentos\Maestria\Mark-III\.venv\Scripts\python.exe main_pipeline.py --mode sync_trades --config C:\Users\USER\Documentos\Maestria\Mark-III\config\config_optimizado_20260513_152459.yaml
2026-06-10 08:08:06,660 | INFO | Riesgo sync_trades [aggressive_hybrid_v1_3_tp5_sl3]: open=0 break_even=0 partials=0 pending=0 last_signal=- last_action=-
2026-06-10 08:08:06,660 | INFO | Job 'sync_trades' completado.
2026-06-10 08:08:16,164 | INFO | Riesgo monitor_runtime [aggressive_hybrid_v1_3_tp5_sl3]: open=0 break_even=0 partials=0 pending=0 last_signal=- last_action=-
2026-06-10 08:08:45,016 | INFO | Ejecutando job 'sync_trades' [aggressive_hybrid_v1_3_tp5_sl3]: C:\Users\USER\Documentos\Maestria\Mark-III\.venv\Scripts\python.exe main_pipeline.py --mode sync_trades --config C:\Users\USER\Documentos\Maestria\Mark-III\config\config_optimizado_20260513_152459.yaml
2026-06-10 08:08:50,760 | INFO | Riesgo sync_trades [aggressive_hybrid_v1_3_tp5_sl3]: open=0 break_even=0 partials=0 pending=0 last_signal=- last_action=-
2026-06-10 08:08:50,762 | INFO | Job 'sync_trades' completado.
2026-06-10 08:09:45,028 | INFO | Ejecutando job 'sync_trades' [aggressive_hybrid_v1_3_tp5_sl3]: C:\Users\USER\Documentos\Maestria\Mark-III\.venv\Scripts\python.exe main_pipeline.py --mode sync_trades --config C:\Users\USER\Documentos\Maestria\Mark-III\config\config_optimizado_20260513_152459.yaml
2026-06-10 08:09:50,556 | INFO | Riesgo sync_trades [aggressive_hybrid_v1_3_tp5_sl3]: open=0 break_even=0 partials=0 pending=0 last_signal=- last_action=-
2026-06-10 08:09:50,556 | INFO | Job 'sync_trades' completado.
2026-06-10 08:10:14,062 | INFO | Riesgo monitor_runtime [aggressive_hybrid_v1_3_tp5_sl3]: open=0 break_even=0 partials=0 pending=0 last_signal=- last_action=-
2026-06-10 08:10:45,026 | INFO | Ejecutando job 'sync_trades' [aggressive_hybrid_v1_3_tp5_sl3]: C:\Users\USER\Documentos\Maestria\Mark-III\.venv\Scripts\python.exe main_pipeline.py --mode sync_trades --config C:\Users\USER\Documentos\Maestria\Mark-III\config\config_optimizado_20260513_152459.yaml
2026-06-10 08:10:57,337 | INFO | Riesgo sync_trades [aggressive_hybrid_v1_3_tp5_sl3]: open=0 break_even=0 partials=0 pending=0 last_signal=- last_action=-
2026-06-10 08:10:57,337 | INFO | Job 'sync_trades' completado.
2026-06-10 08:11:15,059 | INFO | Ejecutando job 'production' [aggressive_hybrid_v1_3_tp5_sl3]: C:\Users\USER\Documentos\Maestria\Mark-III\.venv\Scripts\python.exe main_pipeline.py --mode production --config C:\Users\USER\Documentos\Maestria\Mark-III\config\config_optimizado_20260513_152459.yaml
2026-06-10 08:11:31,927 | INFO | Señal production [aggressive_hybrid_v1_3_tp5_sl3]: ts=2026-06-10 16:10:00 signal=HOLD primary=HOLD(0.596) filter=SELL support=0.0 pips=-1.8811025698720019 reason=signal_hold entry= sl= tp=
2026-06-10 08:11:31,942 | INFO | Job 'production' completado.
2026-06-10 08:11:40,060 | INFO | Ejecutando job 'production' [aggressive_hybrid_v1_4_mid_r3_4p6b_hybrid_champion_fast]: C:\Users\USER\Documentos\Maestria\Mark-III\.venv\Scripts\python.exe main_pipeline.py --mode production --config C:\Users\USER\Documentos\Maestria\Mark-III\config\config_optimizado_20260603_075730.yaml
2026-06-10 08:11:45,026 | INFO | Ejecutando job 'sync_trades' [aggressive_hybrid_v1_3_tp5_sl3]: C:\Users\USER\Documentos\Maestria\Mark-III\.venv\Scripts\python.exe main_pipeline.py --mode sync_trades --config C:\Users\USER\Documentos\Maestria\Mark-III\config\config_optimizado_20260513_152459.yaml
2026-06-10 08:11:59,183 | INFO | Riesgo sync_trades [aggressive_hybrid_v1_3_tp5_sl3]: open=0 break_even=0 partials=0 pending=0 last_signal=- last_action=-
2026-06-10 08:11:59,205 | INFO | Job 'sync_trades' completado.
2026-06-10 08:12:03,891 | INFO | Señal production [aggressive_hybrid_v1_4_mid_r3_4p6b_hybrid_champion_fast]: ts=2026-06-10 16:10:00 signal=HOLD primary=BUY(0.854) filter=BUY support=0.8387273383606291 pips=3.2411295814338157 reason=direct_confirmed_wait_candle_retrace entry=1.15524 sl=1.15457 tp=1.15631
2026-06-10 08:12:03,891 | INFO | Job 'production' completado.
2026-06-10 08:12:15,451 | INFO | Riesgo monitor_runtime [aggressive_hybrid_v1_3_tp5_sl3]: open=0 break_even=0 partials=0 pending=0 last_signal=- last_action=-
2026-06-10 08:12:45,037 | INFO | Ejecutando job 'sync_trades' [aggressive_hybrid_v1_3_tp5_sl3]: C:\Users\USER\Documentos\Maestria\Mark-III\.venv\Scripts\python.exe main_pipeline.py --mode sync_trades --config C:\Users\USER\Documentos\Maestria\Mark-III\config\config_optimizado_20260513_152459.yaml
2026-06-10 08:13:00,440 | INFO | Riesgo sync_trades [aggressive_hybrid_v1_3_tp5_sl3]: open=0 break_even=0 partials=0 pending=0 last_signal=- last_action=-
2026-06-10 08:13:00,470 | INFO | Job 'sync_trades' completado.
2026-06-10 08:13:45,026 | INFO | Ejecutando job 'sync_trades' [aggressive_hybrid_v1_3_tp5_sl3]: C:\Users\USER\Documentos\Maestria\Mark-III\.venv\Scripts\python.exe main_pipeline.py --mode sync_trades --config C:\Users\USER\Documentos\Maestria\Mark-III\config\config_optimizado_20260513_152459.yaml
2026-06-10 08:13:53,624 | INFO | Riesgo sync_trades [aggressive_hybrid_v1_3_tp5_sl3]: open=0 break_even=0 partials=0 pending=0 last_signal=- last_action=-
2026-06-10 08:13:53,625 | INFO | Job 'sync_trades' completado.
2026-06-10 08:14:15,035 | INFO | Riesgo monitor_runtime [aggressive_hybrid_v1_3_tp5_sl3]: open=0 break_even=0 partials=0 pending=0 last_signal=- last_action=-
2026-06-10 08:14:45,020 | INFO | Ejecutando job 'sync_trades' [aggressive_hybrid_v1_3_tp5_sl3]: C:\Users\USER\Documentos\Maestria\Mark-III\.venv\Scripts\python.exe main_pipeline.py --mode sync_trades --config C:\Users\USER\Documentos\Maestria\Mark-III\config\config_optimizado_20260513_152459.yaml
2026-06-10 08:14:51,795 | INFO | Riesgo sync_trades [aggressive_hybrid_v1_3_tp5_sl3]: open=0 break_even=0 partials=0 pending=0 last_signal=- last_action=-
2026-06-10 08:14:51,795 | INFO | Job 'sync_trades' completado.
2026-06-10 08:15:45,023 | INFO | Ejecutando job 'sync_trades' [aggressive_hybrid_v1_3_tp5_sl3]: C:\Users\USER\Documentos\Maestria\Mark-III\.venv\Scripts\python.exe main_pipeline.py --mode sync_trades --config C:\Users\USER\Documentos\Maestria\Mark-III\config\config_optimizado_20260513_152459.yaml
2026-06-10 08:15:56,894 | INFO | Riesgo sync_trades [aggressive_hybrid_v1_3_tp5_sl3]: open=0 break_even=0 partials=0 pending=0 last_signal=- last_action=-
2026-06-10 08:15:56,895 | INFO | Job 'sync_trades' completado.
2026-06-10 08:16:15,081 | INFO | Ejecutando job 'production' [aggressive_hybrid_v1_3_tp5_sl3]: C:\Users\USER\Documentos\Maestria\Mark-III\.venv\Scripts\python.exe main_pipeline.py --mode production --config C:\Users\USER\Documentos\Maestria\Mark-III\config\config_optimizado_20260513_152459.yaml
2026-06-10 08:16:17,439 | INFO | Riesgo monitor_runtime [aggressive_hybrid_v1_3_tp5_sl3]: open=0 break_even=0 partials=0 pending=0 last_signal=- last_action=-
2026-06-10 08:16:33,517 | INFO | Señal production [aggressive_hybrid_v1_3_tp5_sl3]: ts=2026-06-10 16:15:00 signal=HOLD primary=BUY(0.961) filter=HOLD support=-0.3048006120223267 pips=7.176030021169389 reason=filter_hold_wait_candle_retrace entry=1.15549 sl=1.15484 tp=1.15621
2026-06-10 08:16:33,517 | INFO | Job 'production' completado.
2026-06-10 08:16:40,101 | INFO | Ejecutando job 'production' [aggressive_hybrid_v1_4_mid_r3_4p6b_hybrid_champion_fast]: C:\Users\USER\Documentos\Maestria\Mark-III\.venv\Scripts\python.exe main_pipeline.py --mode production --config C:\Users\USER\Documentos\Maestria\Mark-III\config\config_optimizado_20260603_075730.yaml
2026-06-10 08:16:45,019 | INFO | Ejecutando job 'sync_trades' [aggressive_hybrid_v1_3_tp5_sl3]: C:\Users\USER\Documentos\Maestria\Mark-III\.venv\Scripts\python.exe main_pipeline.py --mode sync_trades --config C:\Users\USER\Documentos\Maestria\Mark-III\config\config_optimizado_20260513_152459.yaml
2026-06-10 08:16:53,485 | INFO | Riesgo sync_trades [aggressive_hybrid_v1_3_tp5_sl3]: open=0 break_even=0 partials=0 pending=0 last_signal=- last_action=-
2026-06-10 08:16:53,485 | INFO | Job 'sync_trades' completado.
2026-06-10 08:16:54,539 | INFO | Señal production [aggressive_hybrid_v1_4_mid_r3_4p6b_hybrid_champion_fast]: ts=2026-06-10 16:15:00 signal=HOLD primary=HOLD(0.430) filter=BUY support=0.0 pips=0.1558593480731166 reason=signal_hold entry= sl= tp=
2026-06-10 08:16:54,539 | INFO | Job 'production' completado.
2026-06-10 08:17:45,022 | INFO | Ejecutando job 'sync_trades' [aggressive_hybrid_v1_3_tp5_sl3]: C:\Users\USER\Documentos\Maestria\Mark-III\.venv\Scripts\python.exe main_pipeline.py --mode sync_trades --config C:\Users\USER\Documentos\Maestria\Mark-III\config\config_optimizado_20260513_152459.yaml
2026-06-10 08:17:52,963 | INFO | Riesgo sync_trades [aggressive_hybrid_v1_3_tp5_sl3]: open=0 break_even=0 partials=0 pending=0 last_signal=- last_action=-
2026-06-10 08:17:52,963 | INFO | Job 'sync_trades' completado.
2026-06-10 08:18:15,390 | INFO | Riesgo monitor_runtime [aggressive_hybrid_v1_3_tp5_sl3]: open=0 break_even=0 partials=0 pending=0 last_signal=- last_action=-
2026-06-10 08:18:45,016 | INFO | Ejecutando job 'sync_trades' [aggressive_hybrid_v1_3_tp5_sl3]: C:\Users\USER\Documentos\Maestria\Mark-III\.venv\Scripts\python.exe main_pipeline.py --mode sync_trades --config C:\Users\USER\Documentos\Maestria\Mark-III\config\config_optimizado_20260513_152459.yaml
2026-06-10 08:18:51,413 | INFO | Riesgo sync_trades [aggressive_hybrid_v1_3_tp5_sl3]: open=0 break_even=0 partials=0 pending=0 last_signal=- last_action=-
2026-06-10 08:18:51,414 | INFO | Job 'sync_trades' completado.
2026-06-10 08:19:45,017 | INFO | Ejecutando job 'sync_trades' [aggressive_hybrid_v1_3_tp5_sl3]: C:\Users\USER\Documentos\Maestria\Mark-III\.venv\Scripts\python.exe main_pipeline.py --mode sync_trades --config C:\Users\USER\Documentos\Maestria\Mark-III\config\config_optimizado_20260513_152459.yaml
2026-06-10 08:19:50,417 | INFO | Riesgo sync_trades [aggressive_hybrid_v1_3_tp5_sl3]: open=0 break_even=0 partials=0 pending=0 last_signal=- last_action=-
2026-06-10 08:19:50,417 | INFO | Job 'sync_trades' completado.
2026-06-10 08:20:13,822 | INFO | Riesgo monitor_runtime [aggressive_hybrid_v1_3_tp5_sl3]: open=0 break_even=0 partials=0 pending=0 last_signal=- last_action=-
2026-06-10 08:20:45,023 | INFO | Ejecutando job 'sync_trades' [aggressive_hybrid_v1_3_tp5_sl3]: C:\Users\USER\Documentos\Maestria\Mark-III\.venv\Scripts\python.exe main_pipeline.py --mode sync_trades --config C:\Users\USER\Documentos\Maestria\Mark-III\config\config_optimizado_20260513_152459.yaml
2026-06-10 08:20:50,563 | INFO | Riesgo sync_trades [aggressive_hybrid_v1_3_tp5_sl3]: open=0 break_even=0 partials=0 pending=0 last_signal=- last_action=-
2026-06-10 08:20:50,564 | INFO | Job 'sync_trades' completado.
2026-06-10 08:21:15,047 | INFO | Ejecutando job 'production' [aggressive_hybrid_v1_3_tp5_sl3]: C:\Users\USER\Documentos\Maestria\Mark-III\.venv\Scripts\python.exe main_pipeline.py --mode production --config C:\Users\USER\Documentos\Maestria\Mark-III\config\config_optimizado_20260513_152459.yaml
2026-06-10 08:21:26,093 | INFO | Señal production [aggressive_hybrid_v1_3_tp5_sl3]: ts=2026-06-10 16:20:00 signal=HOLD primary=BUY(0.827) filter=HOLD support=-0.36142918513822164 pips=4.2383727572836305 reason=filter_hold_wait_candle_retrace entry=1.15584 sl=1.15543 tp=1.15629
2026-06-10 08:21:26,093 | INFO | Job 'production' completado.
2026-06-10 08:21:40,046 | INFO | Ejecutando job 'production' [aggressive_hybrid_v1_4_mid_r3_4p6b_hybrid_champion_fast]: C:\Users\USER\Documentos\Maestria\Mark-III\.venv\Scripts\python.exe main_pipeline.py --mode production --config C:\Users\USER\Documentos\Maestria\Mark-III\config\config_optimizado_20260603_075730.yaml
2026-06-10 08:21:45,022 | INFO | Ejecutando job 'sync_trades' [aggressive_hybrid_v1_3_tp5_sl3]: C:\Users\USER\Documentos\Maestria\Mark-III\.venv\Scripts\python.exe main_pipeline.py --mode sync_trades --config C:\Users\USER\Documentos\Maestria\Mark-III\config\config_optimizado_20260513_152459.yaml
2026-06-10 08:21:50,862 | INFO | Señal production [aggressive_hybrid_v1_4_mid_r3_4p6b_hybrid_champion_fast]: ts=2026-06-10 16:20:00 signal=HOLD primary=BUY(0.770) filter=BUY support=0.6458527587249857 pips=2.632000695182382 reason=direct_confirmed_wait_candle_retrace entry=1.15592 sl=1.15523 tp=1.15702
2026-06-10 08:21:50,862 | INFO | Job 'production' completado.
2026-06-10 08:21:51,389 | INFO | Riesgo sync_trades [aggressive_hybrid_v1_3_tp5_sl3]: open=0 break_even=0 partials=0 pending=0 last_signal=- last_action=-
2026-06-10 08:21:51,389 | INFO | Job 'sync_trades' completado.
2026-06-10 08:22:14,135 | INFO | Riesgo monitor_runtime [aggressive_hybrid_v1_3_tp5_sl3]: open=0 break_even=0 partials=0 pending=0 last_signal=- last_action=-
2026-06-10 08:22:45,013 | INFO | Ejecutando job 'sync_trades' [aggressive_hybrid_v1_3_tp5_sl3]: C:\Users\USER\Documentos\Maestria\Mark-III\.venv\Scripts\python.exe main_pipeline.py --mode sync_trades --config C:\Users\USER\Documentos\Maestria\Mark-III\config\config_optimizado_20260513_152459.yaml
2026-06-10 08:22:50,787 | INFO | Riesgo sync_trades [aggressive_hybrid_v1_3_tp5_sl3]: open=0 break_even=0 partials=0 pending=0 last_signal=- last_action=-
2026-06-10 08:22:50,787 | INFO | Job 'sync_trades' completado.
