2026-04-29 07:15:28 | INFO     | ============================================================
2026-04-29 07:15:28 | INFO     | TRADING PIPELINE INICIADO
2026-04-29 07:15:28 | INFO     | ============================================================
2026-04-29 07:15:28 | INFO     | 📁 Directorios de trabajo configurados
2026-04-29 07:15:28 | INFO     | 🚀 Ejecutando modo: SYNC_TRADES
2026-04-29 07:15:28 | INFO     | 
============================================================
2026-04-29 07:15:28 | INFO     | MODO: SYNC TRADES
2026-04-29 07:15:28 | INFO     | ============================================================

2026-04-29 07:15:28 | INFO     | 🔄 Sincronización completada. Trades cerrados registrados: 0
2026-04-29 07:15:28 | INFO     | ✅ MODO SYNC TRADES COMPLETADO

2026-04-29 07:15:59 | INFO     | ============================================================
2026-04-29 07:15:59 | INFO     | TRADING PIPELINE INICIADO
2026-04-29 07:15:59 | INFO     | ============================================================
2026-04-29 07:15:59 | INFO     | 📁 Directorios de trabajo configurados
2026-04-29 07:15:59 | INFO     | 🚀 Ejecutando modo: PRODUCTION
2026-04-29 07:15:59 | INFO     | 
============================================================
2026-04-29 07:15:59 | INFO     | MODO: PRODUCCIÓN
2026-04-29 07:15:59 | INFO     | ============================================================

2026-04-29 07:15:59 | INFO     | 📥 Cargando datos para producción...
2026-04-29 07:15:59 | INFO     | PASO 1: CARGANDO DATOS
2026-04-29 07:15:59 | INFO     | ------------------------------------------------------------
2026-04-29 07:15:59 | INFO     |   -> Símbolo 'EURUSD' cargado desde config/config.yaml
2026-04-29 07:15:59 | INFO     |   -> Timeframe 'M5' cargado desde config/config.yaml
2026-04-29 07:15:59 | INFO     | ✓ Datos cargados: 3000 filas, 6 columnas.
2026-04-29 07:15:59 | INFO     | PASO 2: LIMPIANDO DATOS
2026-04-29 07:15:59 | INFO     | ------------------------------------------------------------
2026-04-29 07:15:59 | INFO     | ✓ Datos limpios: 3000 filas restantes.
2026-04-29 07:15:59 | INFO     | PASO 3: GENERANDO FEATURES
2026-04-29 07:15:59 | INFO     | ------------------------------------------------------------
2026-04-29 07:15:59 | INFO     |   -> Retornos agregados para períodos: [1, 5, 10]
2026-04-29 07:15:59 | INFO     |   -> Indicadores técnicos agregados.
2026-04-29 07:15:59 | INFO     |   -> Lags agregados para la columna: 'Close'
2026-04-29 07:15:59 | INFO     |   -> Lags agregados para la columna: 'Volume'
2026-04-29 07:15:59 | INFO     |   -> Conteos de valores NaN generados por las features:
2026-04-29 07:15:59 | INFO     | ✓ Features generadas. Total columnas: 37.
2026-04-29 07:15:59 | INFO     | 🏆 Modelo campeón global según backtest: PROPHET
2026-04-29 07:15:59 | INFO     | 🎯 Producción configurada para operar únicamente con el modelo campeón.
2026-04-29 07:15:59 | INFO     | 📦 Release activa de producción: 20260429_063853 (activada 2026-04-29T06:41:48)
2026-04-29 07:15:59 | INFO     | 🔎 Generando señales de producción para TODOS los modelos habilitados...

2026-04-29 07:15:59 | INFO     | ➡ Procesando modelo: PROPHET | params={'changepoint_prior_scale': 0.01, 'daily_seasonality': False, 'seasonality_mode': 'additive', 'seasonality_prior_scale': 1.0, 'use_lagged_regressors': True, 'weekly_seasonality': True, 'yearly_seasonality': False}
2026-04-29 07:15:59 | INFO     |   💾 Intentando cargar el modelo desde: C:\Users\USER\Documentos\Maestria\Mark-III\outputs\models\releases\20260429_063853\prophet_best.pkl
2026-04-29 07:15:59 | INFO     | [PROPHET] Cargando artefacto desde: C:\Users\USER\Documentos\Maestria\Mark-III\outputs\models\releases\20260429_063853\prophet_best.pkl
2026-04-29 07:15:59 | INFO     | [PROPHET] Tipo de artefacto: <class 'dict'>
2026-04-29 07:15:59 | INFO     | [PROPHET] Claves del artefacto: ['model_class', 'params', 'model', 'target_name', 'feature_names']
2026-04-29 07:15:59 | INFO     | [PROPHET] Modelo cargado desde: C:\Users\USER\Documentos\Maestria\Mark-III\outputs\models\releases\20260429_063853\prophet_best.pkl
2026-04-29 07:15:59 | INFO     | [PROPHET] Regresores restaurados: ['Open', 'High', 'Low', 'Close', 'TickVolume', 'Volume', 'Return_1', 'LogReturn_1', 'Return_5', 'ReturnFwd_5', 'LogReturn_5', 'Return_10', 'ReturnFwd_10', 'LogReturn_10', 'SMA_20', 'SMA_50', 'EMA_12', 'EMA_26', 'RSI_14', 'MACD', 'MACD_Signal', 'MACD_Hist', 'BB_Upper', 'BB_Lower', 'BB_Width', 'ATR_14', 'Close_lag1', 'Close_lag2', 'Close_lag3', 'Close_lag5', 'Close_lag10', 'Volume_lag1', 'Volume_lag2', 'Volume_lag3', 'Volume_lag5', 'Volume_lag10']
2026-04-29 07:15:59 | INFO     | [PROPHET] Predicción (yhat) para 2026-04-29 15:10:00: 0.000061
2026-04-29 07:15:59 | INFO     |   📈 Modelo PROPHET -> retorno=0.000061, pips=0.72, signal=HOLD, confidence=0.471, entry_plan=nan, SL_plan=nan, TP_plan=nan, entry_live=nan, SL_live=nan, TP_live=nan, lots=0.00, balance=5310.95, risk=0.00
2026-04-29 07:15:59 | INFO     | 
💾 Señales de producción guardadas en: outputs\production\production_signals.csv
2026-04-29 07:15:59 | INFO     | ✅ MODO PRODUCCIÓN COMPLETADO

2026-04-29 07:16:28 | INFO     | ============================================================
2026-04-29 07:16:28 | INFO     | TRADING PIPELINE INICIADO
2026-04-29 07:16:28 | INFO     | ============================================================
2026-04-29 07:16:28 | INFO     | 📁 Directorios de trabajo configurados
2026-04-29 07:16:28 | INFO     | 🚀 Ejecutando modo: SYNC_TRADES
2026-04-29 07:16:28 | INFO     | 
============================================================
2026-04-29 07:16:28 | INFO     | MODO: SYNC TRADES
2026-04-29 07:16:28 | INFO     | ============================================================

2026-04-29 07:16:28 | INFO     | 🔄 Sincronización completada. Trades cerrados registrados: 0
2026-04-29 07:16:28 | INFO     | ✅ MODO SYNC TRADES COMPLETADO

2026-04-29 07:17:28 | INFO     | ============================================================
2026-04-29 07:17:28 | INFO     | TRADING PIPELINE INICIADO
2026-04-29 07:17:28 | INFO     | ============================================================
2026-04-29 07:17:28 | INFO     | 📁 Directorios de trabajo configurados
2026-04-29 07:17:28 | INFO     | 🚀 Ejecutando modo: SYNC_TRADES
2026-04-29 07:17:28 | INFO     | 
============================================================
2026-04-29 07:17:28 | INFO     | MODO: SYNC TRADES
2026-04-29 07:17:28 | INFO     | ============================================================

2026-04-29 07:17:28 | INFO     | 🔄 Sincronización completada. Trades cerrados registrados: 0
2026-04-29 07:17:28 | INFO     | ✅ MODO SYNC TRADES COMPLETADO

2026-04-29 07:18:37 | INFO     | ============================================================
2026-04-29 07:18:37 | INFO     | TRADING PIPELINE INICIADO
2026-04-29 07:18:37 | INFO     | ============================================================
2026-04-29 07:18:37 | INFO     | 📁 Directorios de trabajo configurados
2026-04-29 07:18:37 | INFO     | 🚀 Ejecutando modo: SYNC_TRADES
2026-04-29 07:18:37 | INFO     | 
============================================================
2026-04-29 07:18:37 | INFO     | MODO: SYNC TRADES
2026-04-29 07:18:37 | INFO     | ============================================================

2026-04-29 07:18:37 | INFO     | 🔄 Sincronización completada. Trades cerrados registrados: 0
2026-04-29 07:18:37 | INFO     | ✅ MODO SYNC TRADES COMPLETADO

2026-04-29 07:19:37 | INFO     | ============================================================
2026-04-29 07:19:37 | INFO     | TRADING PIPELINE INICIADO
2026-04-29 07:19:37 | INFO     | ============================================================
2026-04-29 07:19:37 | INFO     | 📁 Directorios de trabajo configurados
2026-04-29 07:19:37 | INFO     | 🚀 Ejecutando modo: SYNC_TRADES
2026-04-29 07:19:37 | INFO     | 
============================================================
2026-04-29 07:19:37 | INFO     | MODO: SYNC TRADES
2026-04-29 07:19:37 | INFO     | ============================================================

2026-04-29 07:19:37 | INFO     | 🔄 Sincronización completada. Trades cerrados registrados: 0
2026-04-29 07:19:37 | INFO     | ✅ MODO SYNC TRADES COMPLETADO

2026-04-29 07:20:37 | INFO     | ============================================================
2026-04-29 07:20:37 | INFO     | TRADING PIPELINE INICIADO
2026-04-29 07:20:37 | INFO     | ============================================================
2026-04-29 07:20:37 | INFO     | 📁 Directorios de trabajo configurados
2026-04-29 07:20:37 | INFO     | 🚀 Ejecutando modo: SYNC_TRADES
2026-04-29 07:20:37 | INFO     | 
============================================================
2026-04-29 07:20:37 | INFO     | MODO: SYNC TRADES
2026-04-29 07:20:37 | INFO     | ============================================================

2026-04-29 07:20:37 | INFO     | 🔄 Sincronización completada. Trades cerrados registrados: 0
2026-04-29 07:20:37 | INFO     | ✅ MODO SYNC TRADES COMPLETADO

2026-04-29 07:21:37 | INFO     | ============================================================
2026-04-29 07:21:37 | INFO     | TRADING PIPELINE INICIADO
2026-04-29 07:21:37 | INFO     | ============================================================
2026-04-29 07:21:37 | INFO     | 📁 Directorios de trabajo configurados
2026-04-29 07:21:37 | INFO     | 🚀 Ejecutando modo: SYNC_TRADES
2026-04-29 07:21:37 | INFO     | 
============================================================
2026-04-29 07:21:37 | INFO     | MODO: SYNC TRADES
2026-04-29 07:21:37 | INFO     | ============================================================

2026-04-29 07:21:37 | INFO     | 🔄 Sincronización completada. Trades cerrados registrados: 0
2026-04-29 07:21:37 | INFO     | ✅ MODO SYNC TRADES COMPLETADO

2026-04-29 07:22:37 | INFO     | ============================================================
2026-04-29 07:22:37 | INFO     | TRADING PIPELINE INICIADO
2026-04-29 07:22:37 | INFO     | ============================================================
2026-04-29 07:22:37 | INFO     | 📁 Directorios de trabajo configurados
2026-04-29 07:22:37 | INFO     | 🚀 Ejecutando modo: SYNC_TRADES
2026-04-29 07:22:37 | INFO     | 
============================================================
2026-04-29 07:22:37 | INFO     | MODO: SYNC TRADES
2026-04-29 07:22:37 | INFO     | ============================================================

2026-04-29 07:22:37 | INFO     | 🔄 Sincronización completada. Trades cerrados registrados: 0
2026-04-29 07:22:37 | INFO     | ✅ MODO SYNC TRADES COMPLETADO

2026-04-29 07:23:07 | INFO     | ============================================================
2026-04-29 07:23:07 | INFO     | TRADING PIPELINE INICIADO
2026-04-29 07:23:07 | INFO     | ============================================================
2026-04-29 07:23:07 | INFO     | 📁 Directorios de trabajo configurados
2026-04-29 07:23:07 | INFO     | 🚀 Ejecutando modo: PRODUCTION
2026-04-29 07:23:07 | INFO     | 
============================================================
2026-04-29 07:23:07 | INFO     | MODO: PRODUCCIÓN
2026-04-29 07:23:07 | INFO     | ============================================================

2026-04-29 07:23:07 | INFO     | 📥 Cargando datos para producción...
2026-04-29 07:23:07 | INFO     | PASO 1: CARGANDO DATOS
2026-04-29 07:23:07 | INFO     | ------------------------------------------------------------
2026-04-29 07:23:07 | INFO     |   -> Símbolo 'EURUSD' cargado desde config/config.yaml
2026-04-29 07:23:07 | INFO     |   -> Timeframe 'M5' cargado desde config/config.yaml
2026-04-29 07:23:07 | INFO     | ✓ Datos cargados: 3000 filas, 6 columnas.
2026-04-29 07:23:07 | INFO     | PASO 2: LIMPIANDO DATOS
2026-04-29 07:23:07 | INFO     | ------------------------------------------------------------
2026-04-29 07:23:07 | INFO     | ✓ Datos limpios: 3000 filas restantes.
2026-04-29 07:23:07 | INFO     | PASO 3: GENERANDO FEATURES
2026-04-29 07:23:07 | INFO     | ------------------------------------------------------------
2026-04-29 07:23:07 | INFO     |   -> Retornos agregados para períodos: [1, 5, 10]
2026-04-29 07:23:07 | INFO     |   -> Indicadores técnicos agregados.
2026-04-29 07:23:07 | INFO     |   -> Lags agregados para la columna: 'Close'
2026-04-29 07:23:07 | INFO     |   -> Lags agregados para la columna: 'Volume'
2026-04-29 07:23:07 | INFO     |   -> Conteos de valores NaN generados por las features:
2026-04-29 07:23:07 | INFO     | ✓ Features generadas. Total columnas: 37.
2026-04-29 07:23:07 | INFO     | 🏆 Modelo campeón global según backtest: PROPHET
2026-04-29 07:23:07 | INFO     | 🎯 Producción configurada para operar únicamente con el modelo campeón.
2026-04-29 07:23:07 | INFO     | 📦 Release activa de producción: 20260429_063853 (activada 2026-04-29T06:41:48)
2026-04-29 07:23:07 | INFO     | 🔎 Generando señales de producción para TODOS los modelos habilitados...

2026-04-29 07:23:07 | INFO     | ➡ Procesando modelo: PROPHET | params={'changepoint_prior_scale': 0.01, 'daily_seasonality': False, 'seasonality_mode': 'additive', 'seasonality_prior_scale': 1.0, 'use_lagged_regressors': True, 'weekly_seasonality': True, 'yearly_seasonality': False}
2026-04-29 07:23:07 | INFO     |   💾 Intentando cargar el modelo desde: C:\Users\USER\Documentos\Maestria\Mark-III\outputs\models\releases\20260429_063853\prophet_best.pkl
2026-04-29 07:23:07 | INFO     | [PROPHET] Cargando artefacto desde: C:\Users\USER\Documentos\Maestria\Mark-III\outputs\models\releases\20260429_063853\prophet_best.pkl
2026-04-29 07:23:07 | INFO     | [PROPHET] Tipo de artefacto: <class 'dict'>
2026-04-29 07:23:07 | INFO     | [PROPHET] Claves del artefacto: ['model_class', 'params', 'model', 'target_name', 'feature_names']
2026-04-29 07:23:07 | INFO     | [PROPHET] Modelo cargado desde: C:\Users\USER\Documentos\Maestria\Mark-III\outputs\models\releases\20260429_063853\prophet_best.pkl
2026-04-29 07:23:07 | INFO     | [PROPHET] Regresores restaurados: ['Open', 'High', 'Low', 'Close', 'TickVolume', 'Volume', 'Return_1', 'LogReturn_1', 'Return_5', 'ReturnFwd_5', 'LogReturn_5', 'Return_10', 'ReturnFwd_10', 'LogReturn_10', 'SMA_20', 'SMA_50', 'EMA_12', 'EMA_26', 'RSI_14', 'MACD', 'MACD_Signal', 'MACD_Hist', 'BB_Upper', 'BB_Lower', 'BB_Width', 'ATR_14', 'Close_lag1', 'Close_lag2', 'Close_lag3', 'Close_lag5', 'Close_lag10', 'Volume_lag1', 'Volume_lag2', 'Volume_lag3', 'Volume_lag5', 'Volume_lag10']
2026-04-29 07:23:07 | INFO     | [PROPHET] Predicción (yhat) para 2026-04-29 15:15:00: 0.000171
2026-04-29 07:23:07 | INFO     |   📈 Modelo PROPHET -> retorno=0.000171, pips=2.00, signal=HOLD, confidence=0.622, entry_plan=nan, SL_plan=nan, TP_plan=nan, entry_live=nan, SL_live=nan, TP_live=nan, lots=0.00, balance=5310.95, risk=0.00
2026-04-29 07:23:07 | INFO     | 
💾 Señales de producción guardadas en: outputs\production\production_signals.csv
2026-04-29 07:23:07 | INFO     | ✅ MODO PRODUCCIÓN COMPLETADO

2026-04-29 07:23:37 | INFO     | ============================================================
2026-04-29 07:23:37 | INFO     | TRADING PIPELINE INICIADO
2026-04-29 07:23:37 | INFO     | ============================================================
2026-04-29 07:23:37 | INFO     | 📁 Directorios de trabajo configurados
2026-04-29 07:23:37 | INFO     | 🚀 Ejecutando modo: SYNC_TRADES
2026-04-29 07:23:37 | INFO     | 
============================================================
2026-04-29 07:23:37 | INFO     | MODO: SYNC TRADES
2026-04-29 07:23:37 | INFO     | ============================================================

2026-04-29 07:23:37 | INFO     | 🔄 Sincronización completada. Trades cerrados registrados: 0
2026-04-29 07:23:37 | INFO     | ✅ MODO SYNC TRADES COMPLETADO

2026-04-29 07:24:37 | INFO     | ============================================================
2026-04-29 07:24:37 | INFO     | TRADING PIPELINE INICIADO
2026-04-29 07:24:37 | INFO     | ============================================================
2026-04-29 07:24:37 | INFO     | 📁 Directorios de trabajo configurados
2026-04-29 07:24:37 | INFO     | 🚀 Ejecutando modo: SYNC_TRADES
2026-04-29 07:24:37 | INFO     | 
============================================================
2026-04-29 07:24:37 | INFO     | MODO: SYNC TRADES
2026-04-29 07:24:37 | INFO     | ============================================================

2026-04-29 07:24:37 | INFO     | 🔄 Sincronización completada. Trades cerrados registrados: 0
2026-04-29 07:24:37 | INFO     | ✅ MODO SYNC TRADES COMPLETADO

2026-04-29 07:25:38 | INFO     | ============================================================
2026-04-29 07:25:38 | INFO     | TRADING PIPELINE INICIADO
2026-04-29 07:25:38 | INFO     | ============================================================
2026-04-29 07:25:38 | INFO     | 📁 Directorios de trabajo configurados
2026-04-29 07:25:38 | INFO     | 🚀 Ejecutando modo: SYNC_TRADES
2026-04-29 07:25:38 | INFO     | 
============================================================
2026-04-29 07:25:38 | INFO     | MODO: SYNC TRADES
2026-04-29 07:25:38 | INFO     | ============================================================

2026-04-29 07:25:38 | INFO     | 🔄 Sincronización completada. Trades cerrados registrados: 0
2026-04-29 07:25:38 | INFO     | ✅ MODO SYNC TRADES COMPLETADO

2026-04-29 07:26:38 | INFO     | ============================================================
2026-04-29 07:26:38 | INFO     | TRADING PIPELINE INICIADO
2026-04-29 07:26:38 | INFO     | ============================================================
2026-04-29 07:26:38 | INFO     | 📁 Directorios de trabajo configurados
2026-04-29 07:26:38 | INFO     | 🚀 Ejecutando modo: SYNC_TRADES
2026-04-29 07:26:38 | INFO     | 
============================================================
2026-04-29 07:26:38 | INFO     | MODO: SYNC TRADES
2026-04-29 07:26:38 | INFO     | ============================================================

2026-04-29 07:26:38 | INFO     | 🔄 Sincronización completada. Trades cerrados registrados: 0
2026-04-29 07:26:38 | INFO     | ✅ MODO SYNC TRADES COMPLETADO

2026-04-29 07:27:37 | INFO     | ============================================================
2026-04-29 07:27:37 | INFO     | TRADING PIPELINE INICIADO
2026-04-29 07:27:37 | INFO     | ============================================================
2026-04-29 07:27:37 | INFO     | 📁 Directorios de trabajo configurados
2026-04-29 07:27:37 | INFO     | 🚀 Ejecutando modo: SYNC_TRADES
2026-04-29 07:27:37 | INFO     | 
============================================================
2026-04-29 07:27:37 | INFO     | MODO: SYNC TRADES
2026-04-29 07:27:37 | INFO     | ============================================================

2026-04-29 07:27:37 | INFO     | 🔄 Sincronización completada. Trades cerrados registrados: 0
2026-04-29 07:27:37 | INFO     | ✅ MODO SYNC TRADES COMPLETADO

2026-04-29 07:28:07 | INFO     | ============================================================
2026-04-29 07:28:07 | INFO     | TRADING PIPELINE INICIADO
2026-04-29 07:28:07 | INFO     | ============================================================
2026-04-29 07:28:07 | INFO     | 📁 Directorios de trabajo configurados
2026-04-29 07:28:07 | INFO     | 🚀 Ejecutando modo: PRODUCTION
2026-04-29 07:28:07 | INFO     | 
============================================================
2026-04-29 07:28:07 | INFO     | MODO: PRODUCCIÓN
2026-04-29 07:28:07 | INFO     | ============================================================

2026-04-29 07:28:07 | INFO     | 📥 Cargando datos para producción...
2026-04-29 07:28:07 | INFO     | PASO 1: CARGANDO DATOS
2026-04-29 07:28:07 | INFO     | ------------------------------------------------------------
2026-04-29 07:28:07 | INFO     |   -> Símbolo 'EURUSD' cargado desde config/config.yaml
2026-04-29 07:28:07 | INFO     |   -> Timeframe 'M5' cargado desde config/config.yaml
2026-04-29 07:28:07 | INFO     | ✓ Datos cargados: 3000 filas, 6 columnas.
2026-04-29 07:28:07 | INFO     | PASO 2: LIMPIANDO DATOS
2026-04-29 07:28:07 | INFO     | ------------------------------------------------------------
2026-04-29 07:28:07 | INFO     | ✓ Datos limpios: 3000 filas restantes.
2026-04-29 07:28:07 | INFO     | PASO 3: GENERANDO FEATURES
2026-04-29 07:28:07 | INFO     | ------------------------------------------------------------
2026-04-29 07:28:07 | INFO     |   -> Retornos agregados para períodos: [1, 5, 10]
2026-04-29 07:28:07 | INFO     |   -> Indicadores técnicos agregados.
2026-04-29 07:28:07 | INFO     |   -> Lags agregados para la columna: 'Close'
2026-04-29 07:28:07 | INFO     |   -> Lags agregados para la columna: 'Volume'
2026-04-29 07:28:07 | INFO     |   -> Conteos de valores NaN generados por las features:
2026-04-29 07:28:07 | INFO     | ✓ Features generadas. Total columnas: 37.
2026-04-29 07:28:07 | INFO     | 🏆 Modelo campeón global según backtest: PROPHET
2026-04-29 07:28:07 | INFO     | 🎯 Producción configurada para operar únicamente con el modelo campeón.
2026-04-29 07:28:07 | INFO     | 📦 Release activa de producción: 20260429_063853 (activada 2026-04-29T06:41:48)
2026-04-29 07:28:07 | INFO     | 🔎 Generando señales de producción para TODOS los modelos habilitados...

2026-04-29 07:28:07 | INFO     | ➡ Procesando modelo: PROPHET | params={'changepoint_prior_scale': 0.01, 'daily_seasonality': False, 'seasonality_mode': 'additive', 'seasonality_prior_scale': 1.0, 'use_lagged_regressors': True, 'weekly_seasonality': True, 'yearly_seasonality': False}
2026-04-29 07:28:07 | INFO     |   💾 Intentando cargar el modelo desde: C:\Users\USER\Documentos\Maestria\Mark-III\outputs\models\releases\20260429_063853\prophet_best.pkl
2026-04-29 07:28:07 | INFO     | [PROPHET] Cargando artefacto desde: C:\Users\USER\Documentos\Maestria\Mark-III\outputs\models\releases\20260429_063853\prophet_best.pkl
2026-04-29 07:28:07 | INFO     | [PROPHET] Tipo de artefacto: <class 'dict'>
2026-04-29 07:28:07 | INFO     | [PROPHET] Claves del artefacto: ['model_class', 'params', 'model', 'target_name', 'feature_names']
2026-04-29 07:28:07 | INFO     | [PROPHET] Modelo cargado desde: C:\Users\USER\Documentos\Maestria\Mark-III\outputs\models\releases\20260429_063853\prophet_best.pkl
2026-04-29 07:28:07 | INFO     | [PROPHET] Regresores restaurados: ['Open', 'High', 'Low', 'Close', 'TickVolume', 'Volume', 'Return_1', 'LogReturn_1', 'Return_5', 'ReturnFwd_5', 'LogReturn_5', 'Return_10', 'ReturnFwd_10', 'LogReturn_10', 'SMA_20', 'SMA_50', 'EMA_12', 'EMA_26', 'RSI_14', 'MACD', 'MACD_Signal', 'MACD_Hist', 'BB_Upper', 'BB_Lower', 'BB_Width', 'ATR_14', 'Close_lag1', 'Close_lag2', 'Close_lag3', 'Close_lag5', 'Close_lag10', 'Volume_lag1', 'Volume_lag2', 'Volume_lag3', 'Volume_lag5', 'Volume_lag10']
2026-04-29 07:28:07 | INFO     | [PROPHET] Predicción (yhat) para 2026-04-29 15:20:00: 0.000273
2026-04-29 07:28:07 | INFO     |   📈 Modelo PROPHET -> retorno=0.000273, pips=3.19, signal=BUY, confidence=0.762, entry_plan=1.16998, SL_plan=1.16898, TP_plan=1.17198, entry_live=1.17063, SL_live=1.16963, TP_live=1.17263, lots=0.53, balance=5310.95, risk=53.11
2026-04-29 07:28:07 | INFO     | 
💾 Señales de producción guardadas en: outputs\production\production_signals.csv
2026-04-29 07:28:07 | INFO     | ✅ MODO PRODUCCIÓN COMPLETADO

2026-04-29 07:28:37 | INFO     | ============================================================
2026-04-29 07:28:37 | INFO     | TRADING PIPELINE INICIADO
2026-04-29 07:28:37 | INFO     | ============================================================
2026-04-29 07:28:37 | INFO     | 📁 Directorios de trabajo configurados
2026-04-29 07:28:37 | INFO     | 🚀 Ejecutando modo: SYNC_TRADES
2026-04-29 07:28:37 | INFO     | 
============================================================
2026-04-29 07:28:37 | INFO     | MODO: SYNC TRADES
2026-04-29 07:28:37 | INFO     | ============================================================

2026-04-29 07:28:38 | INFO     | 🔄 Sincronización completada. Trades cerrados registrados: 0
2026-04-29 07:28:38 | INFO     | ✅ MODO SYNC TRADES COMPLETADO

2026-04-29 07:29:37 | INFO     | ============================================================
2026-04-29 07:29:37 | INFO     | TRADING PIPELINE INICIADO
2026-04-29 07:29:37 | INFO     | ============================================================
2026-04-29 07:29:37 | INFO     | 📁 Directorios de trabajo configurados
2026-04-29 07:29:37 | INFO     | 🚀 Ejecutando modo: SYNC_TRADES
2026-04-29 07:29:37 | INFO     | 
============================================================
2026-04-29 07:29:37 | INFO     | MODO: SYNC TRADES
2026-04-29 07:29:37 | INFO     | ============================================================

2026-04-29 07:29:37 | INFO     | 🔄 Sincronización completada. Trades cerrados registrados: 0
2026-04-29 07:29:37 | INFO     | ✅ MODO SYNC TRADES COMPLETADO

2026-04-29 07:30:37 | INFO     | ============================================================
2026-04-29 07:30:37 | INFO     | TRADING PIPELINE INICIADO
2026-04-29 07:30:37 | INFO     | ============================================================
2026-04-29 07:30:37 | INFO     | 📁 Directorios de trabajo configurados
2026-04-29 07:30:37 | INFO     | 🚀 Ejecutando modo: SYNC_TRADES
2026-04-29 07:30:37 | INFO     | 
============================================================
2026-04-29 07:30:37 | INFO     | MODO: SYNC TRADES
2026-04-29 07:30:37 | INFO     | ============================================================

2026-04-29 07:30:37 | INFO     | 🔄 Sincronización completada. Trades cerrados registrados: 0
2026-04-29 07:30:37 | INFO     | ✅ MODO SYNC TRADES COMPLETADO

2026-04-29 07:31:37 | INFO     | ============================================================
2026-04-29 07:31:37 | INFO     | TRADING PIPELINE INICIADO
2026-04-29 07:31:37 | INFO     | ============================================================
2026-04-29 07:31:37 | INFO     | 📁 Directorios de trabajo configurados
2026-04-29 07:31:37 | INFO     | 🚀 Ejecutando modo: SYNC_TRADES
2026-04-29 07:31:37 | INFO     | 
============================================================
2026-04-29 07:31:37 | INFO     | MODO: SYNC TRADES
2026-04-29 07:31:37 | INFO     | ============================================================

2026-04-29 07:31:37 | INFO     | 🔄 Sincronización completada. Trades cerrados registrados: 0
2026-04-29 07:31:37 | INFO     | ✅ MODO SYNC TRADES COMPLETADO

2026-04-29 07:32:38 | INFO     | ============================================================
2026-04-29 07:32:38 | INFO     | TRADING PIPELINE INICIADO
2026-04-29 07:32:38 | INFO     | ============================================================
2026-04-29 07:32:38 | INFO     | 📁 Directorios de trabajo configurados
2026-04-29 07:32:38 | INFO     | 🚀 Ejecutando modo: SYNC_TRADES
2026-04-29 07:32:38 | INFO     | 
============================================================
2026-04-29 07:32:38 | INFO     | MODO: SYNC TRADES
2026-04-29 07:32:38 | INFO     | ============================================================

2026-04-29 07:32:38 | INFO     | 🔄 Sincronización completada. Trades cerrados registrados: 0
2026-04-29 07:32:38 | INFO     | ✅ MODO SYNC TRADES COMPLETADO

2026-04-29 07:33:08 | INFO     | ============================================================
2026-04-29 07:33:08 | INFO     | TRADING PIPELINE INICIADO
2026-04-29 07:33:08 | INFO     | ============================================================
2026-04-29 07:33:08 | INFO     | 📁 Directorios de trabajo configurados
2026-04-29 07:33:08 | INFO     | 🚀 Ejecutando modo: PRODUCTION
2026-04-29 07:33:08 | INFO     | 
============================================================
2026-04-29 07:33:08 | INFO     | MODO: PRODUCCIÓN
2026-04-29 07:33:08 | INFO     | ============================================================

2026-04-29 07:33:08 | INFO     | 📥 Cargando datos para producción...
2026-04-29 07:33:08 | INFO     | PASO 1: CARGANDO DATOS
2026-04-29 07:33:08 | INFO     | ------------------------------------------------------------
2026-04-29 07:33:08 | INFO     |   -> Símbolo 'EURUSD' cargado desde config/config.yaml
2026-04-29 07:33:08 | INFO     |   -> Timeframe 'M5' cargado desde config/config.yaml
2026-04-29 07:33:08 | INFO     | ✓ Datos cargados: 3000 filas, 6 columnas.
2026-04-29 07:33:08 | INFO     | PASO 2: LIMPIANDO DATOS
2026-04-29 07:33:08 | INFO     | ------------------------------------------------------------
2026-04-29 07:33:08 | INFO     | ✓ Datos limpios: 3000 filas restantes.
2026-04-29 07:33:08 | INFO     | PASO 3: GENERANDO FEATURES
2026-04-29 07:33:08 | INFO     | ------------------------------------------------------------
2026-04-29 07:33:08 | INFO     |   -> Retornos agregados para períodos: [1, 5, 10]
2026-04-29 07:33:08 | INFO     |   -> Indicadores técnicos agregados.
2026-04-29 07:33:08 | INFO     |   -> Lags agregados para la columna: 'Close'
2026-04-29 07:33:08 | INFO     |   -> Lags agregados para la columna: 'Volume'
2026-04-29 07:33:08 | INFO     |   -> Conteos de valores NaN generados por las features:
2026-04-29 07:33:08 | INFO     | ✓ Features generadas. Total columnas: 37.
2026-04-29 07:33:08 | INFO     | 🏆 Modelo campeón global según backtest: PROPHET
2026-04-29 07:33:08 | INFO     | 🎯 Producción configurada para operar únicamente con el modelo campeón.
2026-04-29 07:33:08 | INFO     | 📦 Release activa de producción: 20260429_063853 (activada 2026-04-29T06:41:48)
2026-04-29 07:33:08 | INFO     | 🔎 Generando señales de producción para TODOS los modelos habilitados...

2026-04-29 07:33:08 | INFO     | ➡ Procesando modelo: PROPHET | params={'changepoint_prior_scale': 0.01, 'daily_seasonality': False, 'seasonality_mode': 'additive', 'seasonality_prior_scale': 1.0, 'use_lagged_regressors': True, 'weekly_seasonality': True, 'yearly_seasonality': False}
2026-04-29 07:33:08 | INFO     |   💾 Intentando cargar el modelo desde: C:\Users\USER\Documentos\Maestria\Mark-III\outputs\models\releases\20260429_063853\prophet_best.pkl
2026-04-29 07:33:08 | INFO     | [PROPHET] Cargando artefacto desde: C:\Users\USER\Documentos\Maestria\Mark-III\outputs\models\releases\20260429_063853\prophet_best.pkl
2026-04-29 07:33:08 | INFO     | [PROPHET] Tipo de artefacto: <class 'dict'>
2026-04-29 07:33:08 | INFO     | [PROPHET] Claves del artefacto: ['model_class', 'params', 'model', 'target_name', 'feature_names']
2026-04-29 07:33:08 | INFO     | [PROPHET] Modelo cargado desde: C:\Users\USER\Documentos\Maestria\Mark-III\outputs\models\releases\20260429_063853\prophet_best.pkl
2026-04-29 07:33:08 | INFO     | [PROPHET] Regresores restaurados: ['Open', 'High', 'Low', 'Close', 'TickVolume', 'Volume', 'Return_1', 'LogReturn_1', 'Return_5', 'ReturnFwd_5', 'LogReturn_5', 'Return_10', 'ReturnFwd_10', 'LogReturn_10', 'SMA_20', 'SMA_50', 'EMA_12', 'EMA_26', 'RSI_14', 'MACD', 'MACD_Signal', 'MACD_Hist', 'BB_Upper', 'BB_Lower', 'BB_Width', 'ATR_14', 'Close_lag1', 'Close_lag2', 'Close_lag3', 'Close_lag5', 'Close_lag10', 'Volume_lag1', 'Volume_lag2', 'Volume_lag3', 'Volume_lag5', 'Volume_lag10']
2026-04-29 07:33:08 | INFO     | [PROPHET] Predicción (yhat) para 2026-04-29 15:25:00: -0.000174
2026-04-29 07:33:08 | INFO     |   📈 Modelo PROPHET -> retorno=-0.000174, pips=-2.03, signal=HOLD, confidence=0.625, entry_plan=nan, SL_plan=nan, TP_plan=nan, entry_live=nan, SL_live=nan, TP_live=nan, lots=0.00, balance=5310.95, risk=0.00
2026-04-29 07:33:08 | INFO     | 
💾 Señales de producción guardadas en: outputs\production\production_signals.csv
2026-04-29 07:33:08 | INFO     | ✅ MODO PRODUCCIÓN COMPLETADO

2026-04-29 07:33:37 | INFO     | ============================================================
2026-04-29 07:33:37 | INFO     | TRADING PIPELINE INICIADO
2026-04-29 07:33:37 | INFO     | ============================================================
2026-04-29 07:33:37 | INFO     | 📁 Directorios de trabajo configurados
2026-04-29 07:33:37 | INFO     | 🚀 Ejecutando modo: SYNC_TRADES
2026-04-29 07:33:37 | INFO     | 
============================================================
2026-04-29 07:33:37 | INFO     | MODO: SYNC TRADES
2026-04-29 07:33:37 | INFO     | ============================================================

2026-04-29 07:33:37 | INFO     | 🔄 Sincronización completada. Trades cerrados registrados: 0
2026-04-29 07:33:37 | INFO     | ✅ MODO SYNC TRADES COMPLETADO

2026-04-29 07:34:37 | INFO     | ============================================================
2026-04-29 07:34:37 | INFO     | TRADING PIPELINE INICIADO
2026-04-29 07:34:37 | INFO     | ============================================================
2026-04-29 07:34:37 | INFO     | 📁 Directorios de trabajo configurados
2026-04-29 07:34:37 | INFO     | 🚀 Ejecutando modo: SYNC_TRADES
2026-04-29 07:34:37 | INFO     | 
============================================================
2026-04-29 07:34:37 | INFO     | MODO: SYNC TRADES
2026-04-29 07:34:37 | INFO     | ============================================================

2026-04-29 07:34:37 | INFO     | 🔄 Sincronización completada. Trades cerrados registrados: 0
2026-04-29 07:34:37 | INFO     | ✅ MODO SYNC TRADES COMPLETADO

2026-04-29 07:35:38 | INFO     | ============================================================
2026-04-29 07:35:38 | INFO     | TRADING PIPELINE INICIADO
2026-04-29 07:35:38 | INFO     | ============================================================
2026-04-29 07:35:38 | INFO     | 📁 Directorios de trabajo configurados
2026-04-29 07:35:38 | INFO     | 🚀 Ejecutando modo: SYNC_TRADES
2026-04-29 07:35:38 | INFO     | 
============================================================
2026-04-29 07:35:38 | INFO     | MODO: SYNC TRADES
2026-04-29 07:35:38 | INFO     | ============================================================

2026-04-29 07:35:38 | INFO     | 🔄 Sincronización completada. Trades cerrados registrados: 0
2026-04-29 07:35:38 | INFO     | ✅ MODO SYNC TRADES COMPLETADO

2026-04-29 07:36:37 | INFO     | ============================================================
2026-04-29 07:36:37 | INFO     | TRADING PIPELINE INICIADO
2026-04-29 07:36:37 | INFO     | ============================================================
2026-04-29 07:36:37 | INFO     | 📁 Directorios de trabajo configurados
2026-04-29 07:36:37 | INFO     | 🚀 Ejecutando modo: SYNC_TRADES
2026-04-29 07:36:37 | INFO     | 
============================================================
2026-04-29 07:36:37 | INFO     | MODO: SYNC TRADES
2026-04-29 07:36:37 | INFO     | ============================================================

2026-04-29 07:36:37 | INFO     | 🔄 Sincronización completada. Trades cerrados registrados: 0
2026-04-29 07:36:37 | INFO     | ✅ MODO SYNC TRADES COMPLETADO

2026-04-29 07:37:37 | INFO     | ============================================================
2026-04-29 07:37:37 | INFO     | TRADING PIPELINE INICIADO
2026-04-29 07:37:37 | INFO     | ============================================================
2026-04-29 07:37:37 | INFO     | 📁 Directorios de trabajo configurados
2026-04-29 07:37:37 | INFO     | 🚀 Ejecutando modo: SYNC_TRADES
2026-04-29 07:37:37 | INFO     | 
============================================================
2026-04-29 07:37:37 | INFO     | MODO: SYNC TRADES
2026-04-29 07:37:37 | INFO     | ============================================================

2026-04-29 07:37:37 | INFO     | 🔄 Sincronización completada. Trades cerrados registrados: 0
2026-04-29 07:37:37 | INFO     | ✅ MODO SYNC TRADES COMPLETADO

2026-04-29 07:38:07 | INFO     | ============================================================
2026-04-29 07:38:07 | INFO     | TRADING PIPELINE INICIADO
2026-04-29 07:38:07 | INFO     | ============================================================
2026-04-29 07:38:07 | INFO     | 📁 Directorios de trabajo configurados
2026-04-29 07:38:07 | INFO     | 🚀 Ejecutando modo: PRODUCTION
2026-04-29 07:38:07 | INFO     | 
============================================================
2026-04-29 07:38:07 | INFO     | MODO: PRODUCCIÓN
2026-04-29 07:38:07 | INFO     | ============================================================

2026-04-29 07:38:07 | INFO     | 📥 Cargando datos para producción...
2026-04-29 07:38:07 | INFO     | PASO 1: CARGANDO DATOS
2026-04-29 07:38:07 | INFO     | ------------------------------------------------------------
2026-04-29 07:38:07 | INFO     |   -> Símbolo 'EURUSD' cargado desde config/config.yaml
2026-04-29 07:38:07 | INFO     |   -> Timeframe 'M5' cargado desde config/config.yaml
2026-04-29 07:38:07 | INFO     | ✓ Datos cargados: 3000 filas, 6 columnas.
2026-04-29 07:38:07 | INFO     | PASO 2: LIMPIANDO DATOS
2026-04-29 07:38:07 | INFO     | ------------------------------------------------------------
2026-04-29 07:38:07 | INFO     | ✓ Datos limpios: 3000 filas restantes.
2026-04-29 07:38:07 | INFO     | PASO 3: GENERANDO FEATURES
2026-04-29 07:38:07 | INFO     | ------------------------------------------------------------
2026-04-29 07:38:07 | INFO     |   -> Retornos agregados para períodos: [1, 5, 10]
2026-04-29 07:38:07 | INFO     |   -> Indicadores técnicos agregados.
2026-04-29 07:38:07 | INFO     |   -> Lags agregados para la columna: 'Close'
2026-04-29 07:38:07 | INFO     |   -> Lags agregados para la columna: 'Volume'
2026-04-29 07:38:07 | INFO     |   -> Conteos de valores NaN generados por las features:
2026-04-29 07:38:07 | INFO     | ✓ Features generadas. Total columnas: 37.
2026-04-29 07:38:07 | INFO     | 🏆 Modelo campeón global según backtest: PROPHET
2026-04-29 07:38:07 | INFO     | 🎯 Producción configurada para operar únicamente con el modelo campeón.
2026-04-29 07:38:07 | INFO     | 📦 Release activa de producción: 20260429_063853 (activada 2026-04-29T06:41:48)
2026-04-29 07:38:07 | INFO     | 🔎 Generando señales de producción para TODOS los modelos habilitados...

2026-04-29 07:38:07 | INFO     | ➡ Procesando modelo: PROPHET | params={'changepoint_prior_scale': 0.01, 'daily_seasonality': False, 'seasonality_mode': 'additive', 'seasonality_prior_scale': 1.0, 'use_lagged_regressors': True, 'weekly_seasonality': True, 'yearly_seasonality': False}
2026-04-29 07:38:07 | INFO     |   💾 Intentando cargar el modelo desde: C:\Users\USER\Documentos\Maestria\Mark-III\outputs\models\releases\20260429_063853\prophet_best.pkl
2026-04-29 07:38:08 | INFO     | [PROPHET] Cargando artefacto desde: C:\Users\USER\Documentos\Maestria\Mark-III\outputs\models\releases\20260429_063853\prophet_best.pkl
2026-04-29 07:38:08 | INFO     | [PROPHET] Tipo de artefacto: <class 'dict'>
2026-04-29 07:38:08 | INFO     | [PROPHET] Claves del artefacto: ['model_class', 'params', 'model', 'target_name', 'feature_names']
2026-04-29 07:38:08 | INFO     | [PROPHET] Modelo cargado desde: C:\Users\USER\Documentos\Maestria\Mark-III\outputs\models\releases\20260429_063853\prophet_best.pkl
2026-04-29 07:38:08 | INFO     | [PROPHET] Regresores restaurados: ['Open', 'High', 'Low', 'Close', 'TickVolume', 'Volume', 'Return_1', 'LogReturn_1', 'Return_5', 'ReturnFwd_5', 'LogReturn_5', 'Return_10', 'ReturnFwd_10', 'LogReturn_10', 'SMA_20', 'SMA_50', 'EMA_12', 'EMA_26', 'RSI_14', 'MACD', 'MACD_Signal', 'MACD_Hist', 'BB_Upper', 'BB_Lower', 'BB_Width', 'ATR_14', 'Close_lag1', 'Close_lag2', 'Close_lag3', 'Close_lag5', 'Close_lag10', 'Volume_lag1', 'Volume_lag2', 'Volume_lag3', 'Volume_lag5', 'Volume_lag10']
2026-04-29 07:38:08 | INFO     | [PROPHET] Predicción (yhat) para 2026-04-29 15:30:00: 0.000045
2026-04-29 07:38:08 | INFO     |   📈 Modelo PROPHET -> retorno=0.000045, pips=0.53, signal=HOLD, confidence=0.449, entry_plan=nan, SL_plan=nan, TP_plan=nan, entry_live=nan, SL_live=nan, TP_live=nan, lots=0.00, balance=5310.95, risk=0.00
2026-04-29 07:38:08 | INFO     | 
💾 Señales de producción guardadas en: outputs\production\production_signals.csv
2026-04-29 07:38:08 | INFO     | ✅ MODO PRODUCCIÓN COMPLETADO

2026-04-29 07:38:38 | INFO     | ============================================================
2026-04-29 07:38:38 | INFO     | TRADING PIPELINE INICIADO
2026-04-29 07:38:38 | INFO     | ============================================================
2026-04-29 07:38:38 | INFO     | 📁 Directorios de trabajo configurados
2026-04-29 07:38:38 | INFO     | 🚀 Ejecutando modo: SYNC_TRADES
2026-04-29 07:38:38 | INFO     | 
============================================================
2026-04-29 07:38:38 | INFO     | MODO: SYNC TRADES
2026-04-29 07:38:38 | INFO     | ============================================================

2026-04-29 07:38:38 | INFO     | 🔄 Sincronización completada. Trades cerrados registrados: 0
2026-04-29 07:38:38 | INFO     | ✅ MODO SYNC TRADES COMPLETADO

2026-04-29 07:39:37 | INFO     | ============================================================
2026-04-29 07:39:37 | INFO     | TRADING PIPELINE INICIADO
2026-04-29 07:39:37 | INFO     | ============================================================
2026-04-29 07:39:37 | INFO     | 📁 Directorios de trabajo configurados
2026-04-29 07:39:37 | INFO     | 🚀 Ejecutando modo: SYNC_TRADES
2026-04-29 07:39:37 | INFO     | 
============================================================
2026-04-29 07:39:37 | INFO     | MODO: SYNC TRADES
2026-04-29 07:39:37 | INFO     | ============================================================

2026-04-29 07:39:37 | INFO     | 🔄 Sincronización completada. Trades cerrados registrados: 0
2026-04-29 07:39:37 | INFO     | ✅ MODO SYNC TRADES COMPLETADO

2026-04-29 07:40:38 | INFO     | ============================================================
2026-04-29 07:40:38 | INFO     | TRADING PIPELINE INICIADO
2026-04-29 07:40:38 | INFO     | ============================================================
2026-04-29 07:40:38 | INFO     | 📁 Directorios de trabajo configurados
2026-04-29 07:40:38 | INFO     | 🚀 Ejecutando modo: SYNC_TRADES
2026-04-29 07:40:38 | INFO     | 
============================================================
2026-04-29 07:40:38 | INFO     | MODO: SYNC TRADES
2026-04-29 07:40:38 | INFO     | ============================================================

2026-04-29 07:40:38 | INFO     | 🔄 Sincronización completada. Trades cerrados registrados: 0
2026-04-29 07:40:38 | INFO     | ✅ MODO SYNC TRADES COMPLETADO

2026-04-29 07:41:37 | INFO     | ============================================================
2026-04-29 07:41:37 | INFO     | TRADING PIPELINE INICIADO
2026-04-29 07:41:37 | INFO     | ============================================================
2026-04-29 07:41:37 | INFO     | 📁 Directorios de trabajo configurados
2026-04-29 07:41:37 | INFO     | 🚀 Ejecutando modo: SYNC_TRADES
2026-04-29 07:41:37 | INFO     | 
============================================================
2026-04-29 07:41:37 | INFO     | MODO: SYNC TRADES
2026-04-29 07:41:37 | INFO     | ============================================================

2026-04-29 07:41:37 | INFO     | 🔄 Sincronización completada. Trades cerrados registrados: 0
2026-04-29 07:41:37 | INFO     | ✅ MODO SYNC TRADES COMPLETADO

2026-04-29 07:42:39 | INFO     | ============================================================
2026-04-29 07:42:39 | INFO     | TRADING PIPELINE INICIADO
2026-04-29 07:42:39 | INFO     | ============================================================
2026-04-29 07:42:39 | INFO     | 📁 Directorios de trabajo configurados
2026-04-29 07:42:39 | INFO     | 🚀 Ejecutando modo: SYNC_TRADES
2026-04-29 07:42:39 | INFO     | 
============================================================
2026-04-29 07:42:39 | INFO     | MODO: SYNC TRADES
2026-04-29 07:42:39 | INFO     | ============================================================

2026-04-29 07:42:39 | INFO     | 🔄 Sincronización completada. Trades cerrados registrados: 0
2026-04-29 07:42:39 | INFO     | ✅ MODO SYNC TRADES COMPLETADO

2026-04-29 07:43:08 | INFO     | ============================================================
2026-04-29 07:43:08 | INFO     | TRADING PIPELINE INICIADO
2026-04-29 07:43:08 | INFO     | ============================================================
2026-04-29 07:43:08 | INFO     | 📁 Directorios de trabajo configurados
2026-04-29 07:43:08 | INFO     | 🚀 Ejecutando modo: PRODUCTION
2026-04-29 07:43:08 | INFO     | 
============================================================
2026-04-29 07:43:08 | INFO     | MODO: PRODUCCIÓN
2026-04-29 07:43:08 | INFO     | ============================================================

2026-04-29 07:43:08 | INFO     | 📥 Cargando datos para producción...
2026-04-29 07:43:08 | INFO     | PASO 1: CARGANDO DATOS
2026-04-29 07:43:08 | INFO     | ------------------------------------------------------------
2026-04-29 07:43:08 | INFO     |   -> Símbolo 'EURUSD' cargado desde config/config.yaml
2026-04-29 07:43:08 | INFO     |   -> Timeframe 'M5' cargado desde config/config.yaml
2026-04-29 07:43:08 | INFO     | ✓ Datos cargados: 3000 filas, 6 columnas.
2026-04-29 07:43:08 | INFO     | PASO 2: LIMPIANDO DATOS
2026-04-29 07:43:08 | INFO     | ------------------------------------------------------------
2026-04-29 07:43:08 | INFO     | ✓ Datos limpios: 3000 filas restantes.
2026-04-29 07:43:08 | INFO     | PASO 3: GENERANDO FEATURES
2026-04-29 07:43:08 | INFO     | ------------------------------------------------------------
2026-04-29 07:43:08 | INFO     |   -> Retornos agregados para períodos: [1, 5, 10]
2026-04-29 07:43:08 | INFO     |   -> Indicadores técnicos agregados.
2026-04-29 07:43:08 | INFO     |   -> Lags agregados para la columna: 'Close'
2026-04-29 07:43:08 | INFO     |   -> Lags agregados para la columna: 'Volume'
2026-04-29 07:43:08 | INFO     |   -> Conteos de valores NaN generados por las features:
2026-04-29 07:43:08 | INFO     | ✓ Features generadas. Total columnas: 37.
2026-04-29 07:43:08 | INFO     | 🏆 Modelo campeón global según backtest: PROPHET
2026-04-29 07:43:08 | INFO     | 🎯 Producción configurada para operar únicamente con el modelo campeón.
2026-04-29 07:43:08 | INFO     | 📦 Release activa de producción: 20260429_063853 (activada 2026-04-29T06:41:48)
2026-04-29 07:43:08 | INFO     | 🔎 Generando señales de producción para TODOS los modelos habilitados...

2026-04-29 07:43:08 | INFO     | ➡ Procesando modelo: PROPHET | params={'changepoint_prior_scale': 0.01, 'daily_seasonality': False, 'seasonality_mode': 'additive', 'seasonality_prior_scale': 1.0, 'use_lagged_regressors': True, 'weekly_seasonality': True, 'yearly_seasonality': False}
2026-04-29 07:43:08 | INFO     |   💾 Intentando cargar el modelo desde: C:\Users\USER\Documentos\Maestria\Mark-III\outputs\models\releases\20260429_063853\prophet_best.pkl
2026-04-29 07:43:08 | INFO     | [PROPHET] Cargando artefacto desde: C:\Users\USER\Documentos\Maestria\Mark-III\outputs\models\releases\20260429_063853\prophet_best.pkl
2026-04-29 07:43:08 | INFO     | [PROPHET] Tipo de artefacto: <class 'dict'>
2026-04-29 07:43:08 | INFO     | [PROPHET] Claves del artefacto: ['model_class', 'params', 'model', 'target_name', 'feature_names']
2026-04-29 07:43:08 | INFO     | [PROPHET] Modelo cargado desde: C:\Users\USER\Documentos\Maestria\Mark-III\outputs\models\releases\20260429_063853\prophet_best.pkl
2026-04-29 07:43:08 | INFO     | [PROPHET] Regresores restaurados: ['Open', 'High', 'Low', 'Close', 'TickVolume', 'Volume', 'Return_1', 'LogReturn_1', 'Return_5', 'ReturnFwd_5', 'LogReturn_5', 'Return_10', 'ReturnFwd_10', 'LogReturn_10', 'SMA_20', 'SMA_50', 'EMA_12', 'EMA_26', 'RSI_14', 'MACD', 'MACD_Signal', 'MACD_Hist', 'BB_Upper', 'BB_Lower', 'BB_Width', 'ATR_14', 'Close_lag1', 'Close_lag2', 'Close_lag3', 'Close_lag5', 'Close_lag10', 'Volume_lag1', 'Volume_lag2', 'Volume_lag3', 'Volume_lag5', 'Volume_lag10']
2026-04-29 07:43:08 | INFO     | [PROPHET] Predicción (yhat) para 2026-04-29 15:35:00: 0.000119
2026-04-29 07:43:08 | INFO     |   📈 Modelo PROPHET -> retorno=0.000119, pips=1.40, signal=HOLD, confidence=0.551, entry_plan=nan, SL_plan=nan, TP_plan=nan, entry_live=nan, SL_live=nan, TP_live=nan, lots=0.00, balance=5310.95, risk=0.00
2026-04-29 07:43:08 | INFO     | 
💾 Señales de producción guardadas en: outputs\production\production_signals.csv
2026-04-29 07:43:08 | INFO     | ✅ MODO PRODUCCIÓN COMPLETADO

2026-04-29 07:43:38 | INFO     | ============================================================
2026-04-29 07:43:38 | INFO     | TRADING PIPELINE INICIADO
2026-04-29 07:43:38 | INFO     | ============================================================
2026-04-29 07:43:38 | INFO     | 📁 Directorios de trabajo configurados
2026-04-29 07:43:38 | INFO     | 🚀 Ejecutando modo: SYNC_TRADES
2026-04-29 07:43:38 | INFO     | 
============================================================
2026-04-29 07:43:38 | INFO     | MODO: SYNC TRADES
2026-04-29 07:43:38 | INFO     | ============================================================

2026-04-29 07:43:38 | INFO     | 🔄 Sincronización completada. Trades cerrados registrados: 0
2026-04-29 07:43:38 | INFO     | ✅ MODO SYNC TRADES COMPLETADO

2026-04-29 07:44:38 | INFO     | ============================================================
2026-04-29 07:44:38 | INFO     | TRADING PIPELINE INICIADO
2026-04-29 07:44:38 | INFO     | ============================================================
2026-04-29 07:44:38 | INFO     | 📁 Directorios de trabajo configurados
2026-04-29 07:44:38 | INFO     | 🚀 Ejecutando modo: SYNC_TRADES
2026-04-29 07:44:38 | INFO     | 
============================================================
2026-04-29 07:44:38 | INFO     | MODO: SYNC TRADES
2026-04-29 07:44:38 | INFO     | ============================================================

2026-04-29 07:44:38 | INFO     | 🔄 Sincronización completada. Trades cerrados registrados: 0
2026-04-29 07:44:38 | INFO     | ✅ MODO SYNC TRADES COMPLETADO

2026-04-29 07:45:39 | INFO     | ============================================================
2026-04-29 07:45:39 | INFO     | TRADING PIPELINE INICIADO
2026-04-29 07:45:39 | INFO     | ============================================================
2026-04-29 07:45:39 | INFO     | 📁 Directorios de trabajo configurados
2026-04-29 07:45:39 | INFO     | 🚀 Ejecutando modo: SYNC_TRADES
2026-04-29 07:45:39 | INFO     | 
============================================================
2026-04-29 07:45:39 | INFO     | MODO: SYNC TRADES
2026-04-29 07:45:39 | INFO     | ============================================================

2026-04-29 07:45:39 | INFO     | 🔄 Sincronización completada. Trades cerrados registrados: 0
2026-04-29 07:45:39 | INFO     | ✅ MODO SYNC TRADES COMPLETADO

2026-04-29 07:46:37 | INFO     | ============================================================
2026-04-29 07:46:37 | INFO     | TRADING PIPELINE INICIADO
2026-04-29 07:46:37 | INFO     | ============================================================
2026-04-29 07:46:37 | INFO     | 📁 Directorios de trabajo configurados
2026-04-29 07:46:37 | INFO     | 🚀 Ejecutando modo: SYNC_TRADES
2026-04-29 07:46:37 | INFO     | 
============================================================
2026-04-29 07:46:37 | INFO     | MODO: SYNC TRADES
2026-04-29 07:46:37 | INFO     | ============================================================

2026-04-29 07:46:37 | INFO     | 🔄 Sincronización completada. Trades cerrados registrados: 0
2026-04-29 07:46:37 | INFO     | ✅ MODO SYNC TRADES COMPLETADO

2026-04-29 07:47:38 | INFO     | ============================================================
2026-04-29 07:47:38 | INFO     | TRADING PIPELINE INICIADO
2026-04-29 07:47:38 | INFO     | ============================================================
2026-04-29 07:47:38 | INFO     | 📁 Directorios de trabajo configurados
2026-04-29 07:47:38 | INFO     | 🚀 Ejecutando modo: SYNC_TRADES
2026-04-29 07:47:38 | INFO     | 
============================================================
2026-04-29 07:47:38 | INFO     | MODO: SYNC TRADES
2026-04-29 07:47:38 | INFO     | ============================================================

2026-04-29 07:47:38 | INFO     | 🔄 Sincronización completada. Trades cerrados registrados: 0
2026-04-29 07:47:38 | INFO     | ✅ MODO SYNC TRADES COMPLETADO

2026-04-29 07:48:07 | INFO     | ============================================================
2026-04-29 07:48:07 | INFO     | TRADING PIPELINE INICIADO
2026-04-29 07:48:07 | INFO     | ============================================================
2026-04-29 07:48:07 | INFO     | 📁 Directorios de trabajo configurados
2026-04-29 07:48:07 | INFO     | 🚀 Ejecutando modo: PRODUCTION
2026-04-29 07:48:07 | INFO     | 
============================================================
2026-04-29 07:48:07 | INFO     | MODO: PRODUCCIÓN
2026-04-29 07:48:07 | INFO     | ============================================================

2026-04-29 07:48:07 | INFO     | 📥 Cargando datos para producción...
2026-04-29 07:48:07 | INFO     | PASO 1: CARGANDO DATOS
2026-04-29 07:48:07 | INFO     | ------------------------------------------------------------
2026-04-29 07:48:07 | INFO     |   -> Símbolo 'EURUSD' cargado desde config/config.yaml
2026-04-29 07:48:07 | INFO     |   -> Timeframe 'M5' cargado desde config/config.yaml
2026-04-29 07:48:07 | INFO     | ✓ Datos cargados: 3000 filas, 6 columnas.
2026-04-29 07:48:07 | INFO     | PASO 2: LIMPIANDO DATOS
2026-04-29 07:48:07 | INFO     | ------------------------------------------------------------
2026-04-29 07:48:07 | INFO     | ✓ Datos limpios: 3000 filas restantes.
2026-04-29 07:48:07 | INFO     | PASO 3: GENERANDO FEATURES
2026-04-29 07:48:07 | INFO     | ------------------------------------------------------------
2026-04-29 07:48:07 | INFO     |   -> Retornos agregados para períodos: [1, 5, 10]
2026-04-29 07:48:07 | INFO     |   -> Indicadores técnicos agregados.
2026-04-29 07:48:07 | INFO     |   -> Lags agregados para la columna: 'Close'
2026-04-29 07:48:07 | INFO     |   -> Lags agregados para la columna: 'Volume'
2026-04-29 07:48:07 | INFO     |   -> Conteos de valores NaN generados por las features:
2026-04-29 07:48:07 | INFO     | ✓ Features generadas. Total columnas: 37.
2026-04-29 07:48:07 | INFO     | 🏆 Modelo campeón global según backtest: PROPHET
2026-04-29 07:48:07 | INFO     | 🎯 Producción configurada para operar únicamente con el modelo campeón.
2026-04-29 07:48:07 | INFO     | 📦 Release activa de producción: 20260429_063853 (activada 2026-04-29T06:41:48)
2026-04-29 07:48:07 | INFO     | 🔎 Generando señales de producción para TODOS los modelos habilitados...

2026-04-29 07:48:07 | INFO     | ➡ Procesando modelo: PROPHET | params={'changepoint_prior_scale': 0.01, 'daily_seasonality': False, 'seasonality_mode': 'additive', 'seasonality_prior_scale': 1.0, 'use_lagged_regressors': True, 'weekly_seasonality': True, 'yearly_seasonality': False}
2026-04-29 07:48:07 | INFO     |   💾 Intentando cargar el modelo desde: C:\Users\USER\Documentos\Maestria\Mark-III\outputs\models\releases\20260429_063853\prophet_best.pkl
2026-04-29 07:48:07 | INFO     | [PROPHET] Cargando artefacto desde: C:\Users\USER\Documentos\Maestria\Mark-III\outputs\models\releases\20260429_063853\prophet_best.pkl
2026-04-29 07:48:07 | INFO     | [PROPHET] Tipo de artefacto: <class 'dict'>
2026-04-29 07:48:07 | INFO     | [PROPHET] Claves del artefacto: ['model_class', 'params', 'model', 'target_name', 'feature_names']
2026-04-29 07:48:07 | INFO     | [PROPHET] Modelo cargado desde: C:\Users\USER\Documentos\Maestria\Mark-III\outputs\models\releases\20260429_063853\prophet_best.pkl
2026-04-29 07:48:07 | INFO     | [PROPHET] Regresores restaurados: ['Open', 'High', 'Low', 'Close', 'TickVolume', 'Volume', 'Return_1', 'LogReturn_1', 'Return_5', 'ReturnFwd_5', 'LogReturn_5', 'Return_10', 'ReturnFwd_10', 'LogReturn_10', 'SMA_20', 'SMA_50', 'EMA_12', 'EMA_26', 'RSI_14', 'MACD', 'MACD_Signal', 'MACD_Hist', 'BB_Upper', 'BB_Lower', 'BB_Width', 'ATR_14', 'Close_lag1', 'Close_lag2', 'Close_lag3', 'Close_lag5', 'Close_lag10', 'Volume_lag1', 'Volume_lag2', 'Volume_lag3', 'Volume_lag5', 'Volume_lag10']
2026-04-29 07:48:07 | INFO     | [PROPHET] Predicción (yhat) para 2026-04-29 15:40:00: 0.000075
2026-04-29 07:48:07 | INFO     |   📈 Modelo PROPHET -> retorno=0.000075, pips=0.88, signal=HOLD, confidence=0.490, entry_plan=nan, SL_plan=nan, TP_plan=nan, entry_live=nan, SL_live=nan, TP_live=nan, lots=0.00, balance=5310.95, risk=0.00
2026-04-29 07:48:07 | INFO     | 
💾 Señales de producción guardadas en: outputs\production\production_signals.csv
2026-04-29 07:48:07 | INFO     | ✅ MODO PRODUCCIÓN COMPLETADO

2026-04-29 07:48:37 | INFO     | ============================================================
2026-04-29 07:48:37 | INFO     | TRADING PIPELINE INICIADO
2026-04-29 07:48:37 | INFO     | ============================================================
2026-04-29 07:48:37 | INFO     | 📁 Directorios de trabajo configurados
2026-04-29 07:48:37 | INFO     | 🚀 Ejecutando modo: SYNC_TRADES
2026-04-29 07:48:37 | INFO     | 
============================================================
2026-04-29 07:48:37 | INFO     | MODO: SYNC TRADES
2026-04-29 07:48:37 | INFO     | ============================================================

2026-04-29 07:48:37 | INFO     | 🔄 Sincronización completada. Trades cerrados registrados: 0
2026-04-29 07:48:37 | INFO     | ✅ MODO SYNC TRADES COMPLETADO

2026-04-29 07:49:37 | INFO     | ============================================================
2026-04-29 07:49:37 | INFO     | TRADING PIPELINE INICIADO
2026-04-29 07:49:37 | INFO     | ============================================================
2026-04-29 07:49:37 | INFO     | 📁 Directorios de trabajo configurados
2026-04-29 07:49:37 | INFO     | 🚀 Ejecutando modo: SYNC_TRADES
2026-04-29 07:49:37 | INFO     | 
============================================================
2026-04-29 07:49:37 | INFO     | MODO: SYNC TRADES
2026-04-29 07:49:37 | INFO     | ============================================================

2026-04-29 07:49:37 | INFO     | 🔄 Sincronización completada. Trades cerrados registrados: 0
2026-04-29 07:49:37 | INFO     | ✅ MODO SYNC TRADES COMPLETADO

2026-04-29 07:50:38 | INFO     | ============================================================
2026-04-29 07:50:38 | INFO     | TRADING PIPELINE INICIADO
2026-04-29 07:50:38 | INFO     | ============================================================
2026-04-29 07:50:38 | INFO     | 📁 Directorios de trabajo configurados
2026-04-29 07:50:38 | INFO     | 🚀 Ejecutando modo: SYNC_TRADES
2026-04-29 07:50:38 | INFO     | 
============================================================
2026-04-29 07:50:38 | INFO     | MODO: SYNC TRADES
2026-04-29 07:50:38 | INFO     | ============================================================

2026-04-29 07:50:38 | INFO     | 🔄 Sincronización completada. Trades cerrados registrados: 0
2026-04-29 07:50:38 | INFO     | ✅ MODO SYNC TRADES COMPLETADO

2026-04-29 07:51:37 | INFO     | ============================================================
2026-04-29 07:51:37 | INFO     | TRADING PIPELINE INICIADO
2026-04-29 07:51:37 | INFO     | ============================================================
2026-04-29 07:51:37 | INFO     | 📁 Directorios de trabajo configurados
2026-04-29 07:51:37 | INFO     | 🚀 Ejecutando modo: SYNC_TRADES
2026-04-29 07:51:37 | INFO     | 
============================================================
2026-04-29 07:51:37 | INFO     | MODO: SYNC TRADES
2026-04-29 07:51:37 | INFO     | ============================================================

2026-04-29 07:51:37 | INFO     | 🔄 Sincronización completada. Trades cerrados registrados: 0
2026-04-29 07:51:37 | INFO     | ✅ MODO SYNC TRADES COMPLETADO

2026-04-29 07:52:37 | INFO     | ============================================================
2026-04-29 07:52:37 | INFO     | TRADING PIPELINE INICIADO
2026-04-29 07:52:37 | INFO     | ============================================================
2026-04-29 07:52:37 | INFO     | 📁 Directorios de trabajo configurados
2026-04-29 07:52:37 | INFO     | 🚀 Ejecutando modo: SYNC_TRADES
2026-04-29 07:52:37 | INFO     | 
============================================================
2026-04-29 07:52:37 | INFO     | MODO: SYNC TRADES
2026-04-29 07:52:37 | INFO     | ============================================================

2026-04-29 07:52:37 | INFO     | 🔄 Sincronización completada. Trades cerrados registrados: 0
2026-04-29 07:52:37 | INFO     | ✅ MODO SYNC TRADES COMPLETADO

2026-04-29 07:53:07 | INFO     | ============================================================
2026-04-29 07:53:07 | INFO     | TRADING PIPELINE INICIADO
2026-04-29 07:53:07 | INFO     | ============================================================
2026-04-29 07:53:07 | INFO     | 📁 Directorios de trabajo configurados
2026-04-29 07:53:07 | INFO     | 🚀 Ejecutando modo: PRODUCTION
2026-04-29 07:53:07 | INFO     | 
============================================================
2026-04-29 07:53:07 | INFO     | MODO: PRODUCCIÓN
2026-04-29 07:53:07 | INFO     | ============================================================

2026-04-29 07:53:07 | INFO     | 📥 Cargando datos para producción...
2026-04-29 07:53:07 | INFO     | PASO 1: CARGANDO DATOS
2026-04-29 07:53:07 | INFO     | ------------------------------------------------------------
2026-04-29 07:53:07 | INFO     |   -> Símbolo 'EURUSD' cargado desde config/config.yaml
2026-04-29 07:53:07 | INFO     |   -> Timeframe 'M5' cargado desde config/config.yaml
2026-04-29 07:53:07 | INFO     | ✓ Datos cargados: 3000 filas, 6 columnas.
2026-04-29 07:53:07 | INFO     | PASO 2: LIMPIANDO DATOS
2026-04-29 07:53:07 | INFO     | ------------------------------------------------------------
2026-04-29 07:53:07 | INFO     | ✓ Datos limpios: 3000 filas restantes.
2026-04-29 07:53:07 | INFO     | PASO 3: GENERANDO FEATURES
2026-04-29 07:53:07 | INFO     | ------------------------------------------------------------
2026-04-29 07:53:07 | INFO     |   -> Retornos agregados para períodos: [1, 5, 10]
2026-04-29 07:53:07 | INFO     |   -> Indicadores técnicos agregados.
2026-04-29 07:53:07 | INFO     |   -> Lags agregados para la columna: 'Close'
2026-04-29 07:53:07 | INFO     |   -> Lags agregados para la columna: 'Volume'
2026-04-29 07:53:07 | INFO     |   -> Conteos de valores NaN generados por las features:
2026-04-29 07:53:07 | INFO     | ✓ Features generadas. Total columnas: 37.
2026-04-29 07:53:07 | INFO     | 🏆 Modelo campeón global según backtest: PROPHET
2026-04-29 07:53:07 | INFO     | 🎯 Producción configurada para operar únicamente con el modelo campeón.
2026-04-29 07:53:07 | INFO     | 📦 Release activa de producción: 20260429_063853 (activada 2026-04-29T06:41:48)
2026-04-29 07:53:07 | INFO     | 🔎 Generando señales de producción para TODOS los modelos habilitados...

2026-04-29 07:53:07 | INFO     | ➡ Procesando modelo: PROPHET | params={'changepoint_prior_scale': 0.01, 'daily_seasonality': False, 'seasonality_mode': 'additive', 'seasonality_prior_scale': 1.0, 'use_lagged_regressors': True, 'weekly_seasonality': True, 'yearly_seasonality': False}
2026-04-29 07:53:07 | INFO     |   💾 Intentando cargar el modelo desde: C:\Users\USER\Documentos\Maestria\Mark-III\outputs\models\releases\20260429_063853\prophet_best.pkl
2026-04-29 07:53:07 | INFO     | [PROPHET] Cargando artefacto desde: C:\Users\USER\Documentos\Maestria\Mark-III\outputs\models\releases\20260429_063853\prophet_best.pkl
2026-04-29 07:53:07 | INFO     | [PROPHET] Tipo de artefacto: <class 'dict'>
2026-04-29 07:53:07 | INFO     | [PROPHET] Claves del artefacto: ['model_class', 'params', 'model', 'target_name', 'feature_names']
2026-04-29 07:53:07 | INFO     | [PROPHET] Modelo cargado desde: C:\Users\USER\Documentos\Maestria\Mark-III\outputs\models\releases\20260429_063853\prophet_best.pkl
2026-04-29 07:53:07 | INFO     | [PROPHET] Regresores restaurados: ['Open', 'High', 'Low', 'Close', 'TickVolume', 'Volume', 'Return_1', 'LogReturn_1', 'Return_5', 'ReturnFwd_5', 'LogReturn_5', 'Return_10', 'ReturnFwd_10', 'LogReturn_10', 'SMA_20', 'SMA_50', 'EMA_12', 'EMA_26', 'RSI_14', 'MACD', 'MACD_Signal', 'MACD_Hist', 'BB_Upper', 'BB_Lower', 'BB_Width', 'ATR_14', 'Close_lag1', 'Close_lag2', 'Close_lag3', 'Close_lag5', 'Close_lag10', 'Volume_lag1', 'Volume_lag2', 'Volume_lag3', 'Volume_lag5', 'Volume_lag10']
2026-04-29 07:53:07 | INFO     | [PROPHET] Predicción (yhat) para 2026-04-29 15:45:00: -0.000333
2026-04-29 07:53:07 | INFO     |   📈 Modelo PROPHET -> retorno=-0.000333, pips=-3.90, signal=SELL, confidence=0.844, entry_plan=1.17006, SL_plan=1.17106, TP_plan=1.16806, entry_live=1.16947, SL_live=1.17047, TP_live=1.16747, lots=0.53, balance=5310.95, risk=53.11
2026-04-29 07:53:07 | INFO     | 
💾 Señales de producción guardadas en: outputs\production\production_signals.csv
2026-04-29 07:53:07 | INFO     | ✅ MODO PRODUCCIÓN COMPLETADO

2026-04-29 07:53:37 | INFO     | ============================================================
2026-04-29 07:53:37 | INFO     | TRADING PIPELINE INICIADO
2026-04-29 07:53:37 | INFO     | ============================================================
2026-04-29 07:53:37 | INFO     | 📁 Directorios de trabajo configurados
2026-04-29 07:53:37 | INFO     | 🚀 Ejecutando modo: SYNC_TRADES
2026-04-29 07:53:37 | INFO     | 
============================================================
2026-04-29 07:53:37 | INFO     | MODO: SYNC TRADES
2026-04-29 07:53:37 | INFO     | ============================================================

2026-04-29 07:53:37 | INFO     | 🔄 Sincronización completada. Trades cerrados registrados: 0
2026-04-29 07:53:37 | INFO     | ✅ MODO SYNC TRADES COMPLETADO

2026-04-29 07:54:37 | INFO     | ============================================================
2026-04-29 07:54:37 | INFO     | TRADING PIPELINE INICIADO
2026-04-29 07:54:37 | INFO     | ============================================================
2026-04-29 07:54:37 | INFO     | 📁 Directorios de trabajo configurados
2026-04-29 07:54:37 | INFO     | 🚀 Ejecutando modo: SYNC_TRADES
2026-04-29 07:54:37 | INFO     | 
============================================================
2026-04-29 07:54:37 | INFO     | MODO: SYNC TRADES
2026-04-29 07:54:37 | INFO     | ============================================================

2026-04-29 07:54:37 | INFO     | 🔄 Sincronización completada. Trades cerrados registrados: 0
2026-04-29 07:54:37 | INFO     | ✅ MODO SYNC TRADES COMPLETADO

2026-04-29 07:55:38 | INFO     | ============================================================
2026-04-29 07:55:38 | INFO     | TRADING PIPELINE INICIADO
2026-04-29 07:55:38 | INFO     | ============================================================
2026-04-29 07:55:38 | INFO     | 📁 Directorios de trabajo configurados
2026-04-29 07:55:38 | INFO     | 🚀 Ejecutando modo: SYNC_TRADES
2026-04-29 07:55:38 | INFO     | 
============================================================
2026-04-29 07:55:38 | INFO     | MODO: SYNC TRADES
2026-04-29 07:55:38 | INFO     | ============================================================

2026-04-29 07:55:38 | INFO     | 🔄 Sincronización completada. Trades cerrados registrados: 0
2026-04-29 07:55:38 | INFO     | ✅ MODO SYNC TRADES COMPLETADO

2026-04-29 07:56:37 | INFO     | ============================================================
2026-04-29 07:56:37 | INFO     | TRADING PIPELINE INICIADO
2026-04-29 07:56:37 | INFO     | ============================================================
2026-04-29 07:56:37 | INFO     | 📁 Directorios de trabajo configurados
2026-04-29 07:56:37 | INFO     | 🚀 Ejecutando modo: SYNC_TRADES
2026-04-29 07:56:37 | INFO     | 
============================================================
2026-04-29 07:56:37 | INFO     | MODO: SYNC TRADES
2026-04-29 07:56:37 | INFO     | ============================================================

2026-04-29 07:56:37 | INFO     | 🔄 Sincronización completada. Trades cerrados registrados: 0
2026-04-29 07:56:37 | INFO     | ✅ MODO SYNC TRADES COMPLETADO

2026-04-29 07:57:37 | INFO     | ============================================================
2026-04-29 07:57:37 | INFO     | TRADING PIPELINE INICIADO
2026-04-29 07:57:37 | INFO     | ============================================================
2026-04-29 07:57:37 | INFO     | 📁 Directorios de trabajo configurados
2026-04-29 07:57:37 | INFO     | 🚀 Ejecutando modo: SYNC_TRADES
2026-04-29 07:57:37 | INFO     | 
============================================================
2026-04-29 07:57:37 | INFO     | MODO: SYNC TRADES
2026-04-29 07:57:37 | INFO     | ============================================================

2026-04-29 07:57:37 | INFO     | 🔄 Sincronización completada. Trades cerrados registrados: 0
2026-04-29 07:57:37 | INFO     | ✅ MODO SYNC TRADES COMPLETADO

2026-04-29 07:58:07 | INFO     | ============================================================
2026-04-29 07:58:07 | INFO     | TRADING PIPELINE INICIADO
2026-04-29 07:58:07 | INFO     | ============================================================
2026-04-29 07:58:07 | INFO     | 📁 Directorios de trabajo configurados
2026-04-29 07:58:07 | INFO     | 🚀 Ejecutando modo: PRODUCTION
2026-04-29 07:58:07 | INFO     | 
============================================================
2026-04-29 07:58:07 | INFO     | MODO: PRODUCCIÓN
2026-04-29 07:58:07 | INFO     | ============================================================

2026-04-29 07:58:07 | INFO     | 📥 Cargando datos para producción...
2026-04-29 07:58:07 | INFO     | PASO 1: CARGANDO DATOS
2026-04-29 07:58:07 | INFO     | ------------------------------------------------------------
2026-04-29 07:58:07 | INFO     |   -> Símbolo 'EURUSD' cargado desde config/config.yaml
2026-04-29 07:58:07 | INFO     |   -> Timeframe 'M5' cargado desde config/config.yaml
2026-04-29 07:58:07 | INFO     | ✓ Datos cargados: 3000 filas, 6 columnas.
2026-04-29 07:58:07 | INFO     | PASO 2: LIMPIANDO DATOS
2026-04-29 07:58:07 | INFO     | ------------------------------------------------------------
2026-04-29 07:58:07 | INFO     | ✓ Datos limpios: 3000 filas restantes.
2026-04-29 07:58:07 | INFO     | PASO 3: GENERANDO FEATURES
2026-04-29 07:58:07 | INFO     | ------------------------------------------------------------
2026-04-29 07:58:07 | INFO     |   -> Retornos agregados para períodos: [1, 5, 10]
2026-04-29 07:58:07 | INFO     |   -> Indicadores técnicos agregados.
2026-04-29 07:58:07 | INFO     |   -> Lags agregados para la columna: 'Close'
2026-04-29 07:58:07 | INFO     |   -> Lags agregados para la columna: 'Volume'
2026-04-29 07:58:07 | INFO     |   -> Conteos de valores NaN generados por las features:
2026-04-29 07:58:07 | INFO     | ✓ Features generadas. Total columnas: 37.
2026-04-29 07:58:07 | INFO     | 🏆 Modelo campeón global según backtest: PROPHET
2026-04-29 07:58:07 | INFO     | 🎯 Producción configurada para operar únicamente con el modelo campeón.
2026-04-29 07:58:07 | INFO     | 📦 Release activa de producción: 20260429_063853 (activada 2026-04-29T06:41:48)
2026-04-29 07:58:07 | INFO     | 🔎 Generando señales de producción para TODOS los modelos habilitados...

2026-04-29 07:58:07 | INFO     | ➡ Procesando modelo: PROPHET | params={'changepoint_prior_scale': 0.01, 'daily_seasonality': False, 'seasonality_mode': 'additive', 'seasonality_prior_scale': 1.0, 'use_lagged_regressors': True, 'weekly_seasonality': True, 'yearly_seasonality': False}
2026-04-29 07:58:07 | INFO     |   💾 Intentando cargar el modelo desde: C:\Users\USER\Documentos\Maestria\Mark-III\outputs\models\releases\20260429_063853\prophet_best.pkl
2026-04-29 07:58:07 | INFO     | [PROPHET] Cargando artefacto desde: C:\Users\USER\Documentos\Maestria\Mark-III\outputs\models\releases\20260429_063853\prophet_best.pkl
2026-04-29 07:58:07 | INFO     | [PROPHET] Tipo de artefacto: <class 'dict'>
2026-04-29 07:58:07 | INFO     | [PROPHET] Claves del artefacto: ['model_class', 'params', 'model', 'target_name', 'feature_names']
2026-04-29 07:58:07 | INFO     | [PROPHET] Modelo cargado desde: C:\Users\USER\Documentos\Maestria\Mark-III\outputs\models\releases\20260429_063853\prophet_best.pkl
2026-04-29 07:58:07 | INFO     | [PROPHET] Regresores restaurados: ['Open', 'High', 'Low', 'Close', 'TickVolume', 'Volume', 'Return_1', 'LogReturn_1', 'Return_5', 'ReturnFwd_5', 'LogReturn_5', 'Return_10', 'ReturnFwd_10', 'LogReturn_10', 'SMA_20', 'SMA_50', 'EMA_12', 'EMA_26', 'RSI_14', 'MACD', 'MACD_Signal', 'MACD_Hist', 'BB_Upper', 'BB_Lower', 'BB_Width', 'ATR_14', 'Close_lag1', 'Close_lag2', 'Close_lag3', 'Close_lag5', 'Close_lag10', 'Volume_lag1', 'Volume_lag2', 'Volume_lag3', 'Volume_lag5', 'Volume_lag10']
2026-04-29 07:58:07 | INFO     | [PROPHET] Predicción (yhat) para 2026-04-29 15:50:00: 0.000107
2026-04-29 07:58:07 | INFO     |   📈 Modelo PROPHET -> retorno=0.000107, pips=1.25, signal=HOLD, confidence=0.534, entry_plan=nan, SL_plan=nan, TP_plan=nan, entry_live=nan, SL_live=nan, TP_live=nan, lots=0.00, balance=5310.95, risk=0.00
2026-04-29 07:58:07 | INFO     | 
💾 Señales de producción guardadas en: outputs\production\production_signals.csv
2026-04-29 07:58:07 | INFO     | ✅ MODO PRODUCCIÓN COMPLETADO

2026-04-29 07:58:37 | INFO     | ============================================================
2026-04-29 07:58:37 | INFO     | TRADING PIPELINE INICIADO
2026-04-29 07:58:37 | INFO     | ============================================================
2026-04-29 07:58:37 | INFO     | 📁 Directorios de trabajo configurados
2026-04-29 07:58:37 | INFO     | 🚀 Ejecutando modo: SYNC_TRADES
2026-04-29 07:58:37 | INFO     | 
============================================================
2026-04-29 07:58:37 | INFO     | MODO: SYNC TRADES
2026-04-29 07:58:37 | INFO     | ============================================================

2026-04-29 07:58:38 | INFO     | 🔄 Sincronización completada. Trades cerrados registrados: 0
2026-04-29 07:58:38 | INFO     | ✅ MODO SYNC TRADES COMPLETADO

2026-04-29 07:59:37 | INFO     | ============================================================
2026-04-29 07:59:37 | INFO     | TRADING PIPELINE INICIADO
2026-04-29 07:59:37 | INFO     | ============================================================
2026-04-29 07:59:37 | INFO     | 📁 Directorios de trabajo configurados
2026-04-29 07:59:37 | INFO     | 🚀 Ejecutando modo: SYNC_TRADES
2026-04-29 07:59:37 | INFO     | 
============================================================
2026-04-29 07:59:37 | INFO     | MODO: SYNC TRADES
2026-04-29 07:59:37 | INFO     | ============================================================

2026-04-29 07:59:37 | INFO     | 🔄 Sincronización completada. Trades cerrados registrados: 0
2026-04-29 07:59:37 | INFO     | ✅ MODO SYNC TRADES COMPLETADO

2026-04-29 08:00:38 | INFO     | ============================================================
2026-04-29 08:00:38 | INFO     | TRADING PIPELINE INICIADO
2026-04-29 08:00:38 | INFO     | ============================================================
2026-04-29 08:00:38 | INFO     | 📁 Directorios de trabajo configurados
2026-04-29 08:00:38 | INFO     | 🚀 Ejecutando modo: SYNC_TRADES
2026-04-29 08:00:38 | INFO     | 
============================================================
2026-04-29 08:00:38 | INFO     | MODO: SYNC TRADES
2026-04-29 08:00:38 | INFO     | ============================================================

2026-04-29 08:00:38 | INFO     | 🔄 Sincronización completada. Trades cerrados registrados: 0
2026-04-29 08:00:38 | INFO     | ✅ MODO SYNC TRADES COMPLETADO

2026-04-29 08:01:39 | INFO     | ============================================================
2026-04-29 08:01:39 | INFO     | TRADING PIPELINE INICIADO
2026-04-29 08:01:39 | INFO     | ============================================================
2026-04-29 08:01:39 | INFO     | 📁 Directorios de trabajo configurados
2026-04-29 08:01:39 | INFO     | 🚀 Ejecutando modo: SYNC_TRADES
2026-04-29 08:01:39 | INFO     | 
============================================================
2026-04-29 08:01:39 | INFO     | MODO: SYNC TRADES
2026-04-29 08:01:39 | INFO     | ============================================================

2026-04-29 08:01:39 | INFO     | 🔄 Sincronización completada. Trades cerrados registrados: 0
2026-04-29 08:01:39 | INFO     | ✅ MODO SYNC TRADES COMPLETADO

2026-04-29 08:02:39 | INFO     | ============================================================
2026-04-29 08:02:39 | INFO     | TRADING PIPELINE INICIADO
2026-04-29 08:02:39 | INFO     | ============================================================
2026-04-29 08:02:39 | INFO     | 📁 Directorios de trabajo configurados
2026-04-29 08:02:39 | INFO     | 🚀 Ejecutando modo: SYNC_TRADES
2026-04-29 08:02:39 | INFO     | 
============================================================
2026-04-29 08:02:39 | INFO     | MODO: SYNC TRADES
2026-04-29 08:02:39 | INFO     | ============================================================

2026-04-29 08:02:39 | INFO     | 🔄 Sincronización completada. Trades cerrados registrados: 0
2026-04-29 08:02:39 | INFO     | ✅ MODO SYNC TRADES COMPLETADO

2026-04-29 08:03:09 | INFO     | ============================================================
2026-04-29 08:03:09 | INFO     | TRADING PIPELINE INICIADO
2026-04-29 08:03:09 | INFO     | ============================================================
2026-04-29 08:03:09 | INFO     | 📁 Directorios de trabajo configurados
2026-04-29 08:03:09 | INFO     | 🚀 Ejecutando modo: PRODUCTION
2026-04-29 08:03:09 | INFO     | 
============================================================
2026-04-29 08:03:09 | INFO     | MODO: PRODUCCIÓN
2026-04-29 08:03:09 | INFO     | ============================================================

2026-04-29 08:03:09 | INFO     | 📥 Cargando datos para producción...
2026-04-29 08:03:09 | INFO     | PASO 1: CARGANDO DATOS
2026-04-29 08:03:09 | INFO     | ------------------------------------------------------------
2026-04-29 08:03:09 | INFO     |   -> Símbolo 'EURUSD' cargado desde config/config.yaml
2026-04-29 08:03:09 | INFO     |   -> Timeframe 'M5' cargado desde config/config.yaml
2026-04-29 08:03:09 | INFO     | ✓ Datos cargados: 3000 filas, 6 columnas.
2026-04-29 08:03:09 | INFO     | PASO 2: LIMPIANDO DATOS
2026-04-29 08:03:09 | INFO     | ------------------------------------------------------------
2026-04-29 08:03:09 | INFO     | ✓ Datos limpios: 3000 filas restantes.
2026-04-29 08:03:09 | INFO     | PASO 3: GENERANDO FEATURES
2026-04-29 08:03:09 | INFO     | ------------------------------------------------------------
2026-04-29 08:03:09 | INFO     |   -> Retornos agregados para períodos: [1, 5, 10]
2026-04-29 08:03:09 | INFO     |   -> Indicadores técnicos agregados.
2026-04-29 08:03:09 | INFO     |   -> Lags agregados para la columna: 'Close'
2026-04-29 08:03:09 | INFO     |   -> Lags agregados para la columna: 'Volume'
2026-04-29 08:03:09 | INFO     |   -> Conteos de valores NaN generados por las features:
2026-04-29 08:03:09 | INFO     | ✓ Features generadas. Total columnas: 37.
2026-04-29 08:03:09 | INFO     | 🏆 Modelo campeón global según backtest: PROPHET
2026-04-29 08:03:09 | INFO     | 🎯 Producción configurada para operar únicamente con el modelo campeón.
2026-04-29 08:03:09 | INFO     | 📦 Release activa de producción: 20260429_063853 (activada 2026-04-29T06:41:48)
2026-04-29 08:03:09 | INFO     | 🔎 Generando señales de producción para TODOS los modelos habilitados...

2026-04-29 08:03:09 | INFO     | ➡ Procesando modelo: PROPHET | params={'changepoint_prior_scale': 0.01, 'daily_seasonality': False, 'seasonality_mode': 'additive', 'seasonality_prior_scale': 1.0, 'use_lagged_regressors': True, 'weekly_seasonality': True, 'yearly_seasonality': False}
2026-04-29 08:03:09 | INFO     |   💾 Intentando cargar el modelo desde: C:\Users\USER\Documentos\Maestria\Mark-III\outputs\models\releases\20260429_063853\prophet_best.pkl
2026-04-29 08:03:09 | INFO     | [PROPHET] Cargando artefacto desde: C:\Users\USER\Documentos\Maestria\Mark-III\outputs\models\releases\20260429_063853\prophet_best.pkl
2026-04-29 08:03:09 | INFO     | [PROPHET] Tipo de artefacto: <class 'dict'>
2026-04-29 08:03:09 | INFO     | [PROPHET] Claves del artefacto: ['model_class', 'params', 'model', 'target_name', 'feature_names']
2026-04-29 08:03:09 | INFO     | [PROPHET] Modelo cargado desde: C:\Users\USER\Documentos\Maestria\Mark-III\outputs\models\releases\20260429_063853\prophet_best.pkl
2026-04-29 08:03:09 | INFO     | [PROPHET] Regresores restaurados: ['Open', 'High', 'Low', 'Close', 'TickVolume', 'Volume', 'Return_1', 'LogReturn_1', 'Return_5', 'ReturnFwd_5', 'LogReturn_5', 'Return_10', 'ReturnFwd_10', 'LogReturn_10', 'SMA_20', 'SMA_50', 'EMA_12', 'EMA_26', 'RSI_14', 'MACD', 'MACD_Signal', 'MACD_Hist', 'BB_Upper', 'BB_Lower', 'BB_Width', 'ATR_14', 'Close_lag1', 'Close_lag2', 'Close_lag3', 'Close_lag5', 'Close_lag10', 'Volume_lag1', 'Volume_lag2', 'Volume_lag3', 'Volume_lag5', 'Volume_lag10']
2026-04-29 08:03:09 | INFO     | [PROPHET] Predicción (yhat) para 2026-04-29 15:55:00: 0.000249
2026-04-29 08:03:09 | INFO     |   📈 Modelo PROPHET -> retorno=0.000249, pips=2.91, signal=BUY, confidence=0.729, entry_plan=1.16963, SL_plan=1.16863, TP_plan=1.17163, entry_live=1.17019, SL_live=1.16919, TP_live=1.17219, lots=0.53, balance=5310.95, risk=53.11
2026-04-29 08:03:09 | INFO     | 
💾 Señales de producción guardadas en: outputs\production\production_signals.csv
2026-04-29 08:03:09 | INFO     | ✅ MODO PRODUCCIÓN COMPLETADO

2026-04-29 08:03:39 | INFO     | ============================================================
2026-04-29 08:03:39 | INFO     | TRADING PIPELINE INICIADO
2026-04-29 08:03:39 | INFO     | ============================================================
2026-04-29 08:03:39 | INFO     | 📁 Directorios de trabajo configurados
2026-04-29 08:03:39 | INFO     | 🚀 Ejecutando modo: SYNC_TRADES
2026-04-29 08:03:39 | INFO     | 
============================================================
2026-04-29 08:03:39 | INFO     | MODO: SYNC TRADES
2026-04-29 08:03:39 | INFO     | ============================================================

2026-04-29 08:03:39 | INFO     | 🔄 Sincronización completada. Trades cerrados registrados: 0
2026-04-29 08:03:39 | INFO     | ✅ MODO SYNC TRADES COMPLETADO

2026-04-29 08:04:38 | INFO     | ============================================================
2026-04-29 08:04:38 | INFO     | TRADING PIPELINE INICIADO
2026-04-29 08:04:38 | INFO     | ============================================================
2026-04-29 08:04:38 | INFO     | 📁 Directorios de trabajo configurados
2026-04-29 08:04:38 | INFO     | 🚀 Ejecutando modo: SYNC_TRADES
2026-04-29 08:04:38 | INFO     | 
============================================================
2026-04-29 08:04:38 | INFO     | MODO: SYNC TRADES
2026-04-29 08:04:38 | INFO     | ============================================================

2026-04-29 08:04:38 | INFO     | 🔄 Sincronización completada. Trades cerrados registrados: 0
2026-04-29 08:04:38 | INFO     | ✅ MODO SYNC TRADES COMPLETADO

2026-04-29 08:05:39 | INFO     | ============================================================
2026-04-29 08:05:39 | INFO     | TRADING PIPELINE INICIADO
2026-04-29 08:05:39 | INFO     | ============================================================
2026-04-29 08:05:39 | INFO     | 📁 Directorios de trabajo configurados
2026-04-29 08:05:39 | INFO     | 🚀 Ejecutando modo: SYNC_TRADES
2026-04-29 08:05:39 | INFO     | 
============================================================
2026-04-29 08:05:39 | INFO     | MODO: SYNC TRADES
2026-04-29 08:05:39 | INFO     | ============================================================

2026-04-29 08:05:39 | INFO     | 🔄 Sincronización completada. Trades cerrados registrados: 0
2026-04-29 08:05:39 | INFO     | ✅ MODO SYNC TRADES COMPLETADO

2026-04-29 08:06:37 | INFO     | ============================================================
2026-04-29 08:06:37 | INFO     | TRADING PIPELINE INICIADO
2026-04-29 08:06:37 | INFO     | ============================================================
2026-04-29 08:06:37 | INFO     | 📁 Directorios de trabajo configurados
2026-04-29 08:06:37 | INFO     | 🚀 Ejecutando modo: SYNC_TRADES
2026-04-29 08:06:37 | INFO     | 
============================================================
2026-04-29 08:06:37 | INFO     | MODO: SYNC TRADES
2026-04-29 08:06:37 | INFO     | ============================================================

2026-04-29 08:06:37 | INFO     | 🔄 Sincronización completada. Trades cerrados registrados: 0
2026-04-29 08:06:37 | INFO     | ✅ MODO SYNC TRADES COMPLETADO

2026-04-29 08:07:37 | INFO     | ============================================================
2026-04-29 08:07:37 | INFO     | TRADING PIPELINE INICIADO
2026-04-29 08:07:37 | INFO     | ============================================================
2026-04-29 08:07:37 | INFO     | 📁 Directorios de trabajo configurados
2026-04-29 08:07:37 | INFO     | 🚀 Ejecutando modo: SYNC_TRADES
2026-04-29 08:07:37 | INFO     | 
============================================================
2026-04-29 08:07:37 | INFO     | MODO: SYNC TRADES
2026-04-29 08:07:37 | INFO     | ============================================================

2026-04-29 08:07:37 | INFO     | 🔄 Sincronización completada. Trades cerrados registrados: 0
2026-04-29 08:07:37 | INFO     | ✅ MODO SYNC TRADES COMPLETADO

2026-04-29 08:08:07 | INFO     | ============================================================
2026-04-29 08:08:07 | INFO     | TRADING PIPELINE INICIADO
2026-04-29 08:08:07 | INFO     | ============================================================
2026-04-29 08:08:07 | INFO     | 📁 Directorios de trabajo configurados
2026-04-29 08:08:07 | INFO     | 🚀 Ejecutando modo: PRODUCTION
2026-04-29 08:08:07 | INFO     | 
============================================================
2026-04-29 08:08:07 | INFO     | MODO: PRODUCCIÓN
2026-04-29 08:08:07 | INFO     | ============================================================

2026-04-29 08:08:07 | INFO     | 📥 Cargando datos para producción...
2026-04-29 08:08:07 | INFO     | PASO 1: CARGANDO DATOS
2026-04-29 08:08:07 | INFO     | ------------------------------------------------------------
2026-04-29 08:08:07 | INFO     |   -> Símbolo 'EURUSD' cargado desde config/config.yaml
2026-04-29 08:08:07 | INFO     |   -> Timeframe 'M5' cargado desde config/config.yaml
2026-04-29 08:08:07 | INFO     | ✓ Datos cargados: 3000 filas, 6 columnas.
2026-04-29 08:08:07 | INFO     | PASO 2: LIMPIANDO DATOS
2026-04-29 08:08:07 | INFO     | ------------------------------------------------------------
2026-04-29 08:08:07 | INFO     | ✓ Datos limpios: 3000 filas restantes.
2026-04-29 08:08:07 | INFO     | PASO 3: GENERANDO FEATURES
2026-04-29 08:08:07 | INFO     | ------------------------------------------------------------
2026-04-29 08:08:07 | INFO     |   -> Retornos agregados para períodos: [1, 5, 10]
2026-04-29 08:08:07 | INFO     |   -> Indicadores técnicos agregados.
2026-04-29 08:08:07 | INFO     |   -> Lags agregados para la columna: 'Close'
2026-04-29 08:08:07 | INFO     |   -> Lags agregados para la columna: 'Volume'
2026-04-29 08:08:07 | INFO     |   -> Conteos de valores NaN generados por las features:
2026-04-29 08:08:07 | INFO     | ✓ Features generadas. Total columnas: 37.
2026-04-29 08:08:07 | INFO     | 🏆 Modelo campeón global según backtest: PROPHET
2026-04-29 08:08:07 | INFO     | 🎯 Producción configurada para operar únicamente con el modelo campeón.
2026-04-29 08:08:07 | INFO     | 📦 Release activa de producción: 20260429_063853 (activada 2026-04-29T06:41:48)
2026-04-29 08:08:07 | INFO     | 🔎 Generando señales de producción para TODOS los modelos habilitados...

2026-04-29 08:08:07 | INFO     | ➡ Procesando modelo: PROPHET | params={'changepoint_prior_scale': 0.01, 'daily_seasonality': False, 'seasonality_mode': 'additive', 'seasonality_prior_scale': 1.0, 'use_lagged_regressors': True, 'weekly_seasonality': True, 'yearly_seasonality': False}
2026-04-29 08:08:07 | INFO     |   💾 Intentando cargar el modelo desde: C:\Users\USER\Documentos\Maestria\Mark-III\outputs\models\releases\20260429_063853\prophet_best.pkl
2026-04-29 08:08:07 | INFO     | [PROPHET] Cargando artefacto desde: C:\Users\USER\Documentos\Maestria\Mark-III\outputs\models\releases\20260429_063853\prophet_best.pkl
2026-04-29 08:08:07 | INFO     | [PROPHET] Tipo de artefacto: <class 'dict'>
2026-04-29 08:08:07 | INFO     | [PROPHET] Claves del artefacto: ['model_class', 'params', 'model', 'target_name', 'feature_names']
2026-04-29 08:08:07 | INFO     | [PROPHET] Modelo cargado desde: C:\Users\USER\Documentos\Maestria\Mark-III\outputs\models\releases\20260429_063853\prophet_best.pkl
2026-04-29 08:08:07 | INFO     | [PROPHET] Regresores restaurados: ['Open', 'High', 'Low', 'Close', 'TickVolume', 'Volume', 'Return_1', 'LogReturn_1', 'Return_5', 'ReturnFwd_5', 'LogReturn_5', 'Return_10', 'ReturnFwd_10', 'LogReturn_10', 'SMA_20', 'SMA_50', 'EMA_12', 'EMA_26', 'RSI_14', 'MACD', 'MACD_Signal', 'MACD_Hist', 'BB_Upper', 'BB_Lower', 'BB_Width', 'ATR_14', 'Close_lag1', 'Close_lag2', 'Close_lag3', 'Close_lag5', 'Close_lag10', 'Volume_lag1', 'Volume_lag2', 'Volume_lag3', 'Volume_lag5', 'Volume_lag10']
2026-04-29 08:08:07 | INFO     | [PROPHET] Predicción (yhat) para 2026-04-29 16:00:00: -0.000001
2026-04-29 08:08:07 | INFO     |   📈 Modelo PROPHET -> retorno=-0.000001, pips=-0.02, signal=HOLD, confidence=0.388, entry_plan=nan, SL_plan=nan, TP_plan=nan, entry_live=nan, SL_live=nan, TP_live=nan, lots=0.00, balance=5310.95, risk=0.00
2026-04-29 08:08:07 | INFO     | 
💾 Señales de producción guardadas en: outputs\production\production_signals.csv
2026-04-29 08:08:07 | INFO     | ✅ MODO PRODUCCIÓN COMPLETADO

2026-04-29 08:08:37 | INFO     | ============================================================
2026-04-29 08:08:37 | INFO     | TRADING PIPELINE INICIADO
2026-04-29 08:08:37 | INFO     | ============================================================
2026-04-29 08:08:37 | INFO     | 📁 Directorios de trabajo configurados
2026-04-29 08:08:37 | INFO     | 🚀 Ejecutando modo: SYNC_TRADES
2026-04-29 08:08:37 | INFO     | 
============================================================
2026-04-29 08:08:37 | INFO     | MODO: SYNC TRADES
2026-04-29 08:08:37 | INFO     | ============================================================

2026-04-29 08:08:37 | INFO     | 🔄 Sincronización completada. Trades cerrados registrados: 0
2026-04-29 08:08:37 | INFO     | ✅ MODO SYNC TRADES COMPLETADO

2026-04-29 08:09:37 | INFO     | ============================================================
2026-04-29 08:09:37 | INFO     | TRADING PIPELINE INICIADO
2026-04-29 08:09:37 | INFO     | ============================================================
2026-04-29 08:09:37 | INFO     | 📁 Directorios de trabajo configurados
2026-04-29 08:09:37 | INFO     | 🚀 Ejecutando modo: SYNC_TRADES
2026-04-29 08:09:37 | INFO     | 
============================================================
2026-04-29 08:09:37 | INFO     | MODO: SYNC TRADES
2026-04-29 08:09:37 | INFO     | ============================================================

2026-04-29 08:09:37 | INFO     | 🔄 Sincronización completada. Trades cerrados registrados: 0
2026-04-29 08:09:37 | INFO     | ✅ MODO SYNC TRADES COMPLETADO

2026-04-29 08:10:38 | INFO     | ============================================================
2026-04-29 08:10:38 | INFO     | TRADING PIPELINE INICIADO
2026-04-29 08:10:38 | INFO     | ============================================================
2026-04-29 08:10:38 | INFO     | 📁 Directorios de trabajo configurados
2026-04-29 08:10:38 | INFO     | 🚀 Ejecutando modo: SYNC_TRADES
2026-04-29 08:10:38 | INFO     | 
============================================================
2026-04-29 08:10:38 | INFO     | MODO: SYNC TRADES
2026-04-29 08:10:38 | INFO     | ============================================================

2026-04-29 08:10:38 | INFO     | 🔄 Sincronización completada. Trades cerrados registrados: 0
2026-04-29 08:10:38 | INFO     | ✅ MODO SYNC TRADES COMPLETADO

2026-04-29 08:11:37 | INFO     | ============================================================
2026-04-29 08:11:37 | INFO     | TRADING PIPELINE INICIADO
2026-04-29 08:11:37 | INFO     | ============================================================
2026-04-29 08:11:37 | INFO     | 📁 Directorios de trabajo configurados
2026-04-29 08:11:37 | INFO     | 🚀 Ejecutando modo: SYNC_TRADES
2026-04-29 08:11:37 | INFO     | 
============================================================
2026-04-29 08:11:37 | INFO     | MODO: SYNC TRADES
2026-04-29 08:11:37 | INFO     | ============================================================

2026-04-29 08:11:37 | INFO     | 🔄 Sincronización completada. Trades cerrados registrados: 0
2026-04-29 08:11:37 | INFO     | ✅ MODO SYNC TRADES COMPLETADO

2026-04-29 08:12:37 | INFO     | ============================================================
2026-04-29 08:12:37 | INFO     | TRADING PIPELINE INICIADO
2026-04-29 08:12:37 | INFO     | ============================================================
2026-04-29 08:12:37 | INFO     | 📁 Directorios de trabajo configurados
2026-04-29 08:12:37 | INFO     | 🚀 Ejecutando modo: SYNC_TRADES
2026-04-29 08:12:37 | INFO     | 
============================================================
2026-04-29 08:12:37 | INFO     | MODO: SYNC TRADES
2026-04-29 08:12:37 | INFO     | ============================================================

2026-04-29 08:12:37 | INFO     | 🔄 Sincronización completada. Trades cerrados registrados: 0
2026-04-29 08:12:37 | INFO     | ✅ MODO SYNC TRADES COMPLETADO

2026-04-29 08:13:07 | INFO     | ============================================================
2026-04-29 08:13:07 | INFO     | TRADING PIPELINE INICIADO
2026-04-29 08:13:07 | INFO     | ============================================================
2026-04-29 08:13:07 | INFO     | 📁 Directorios de trabajo configurados
2026-04-29 08:13:07 | INFO     | 🚀 Ejecutando modo: PRODUCTION
2026-04-29 08:13:07 | INFO     | 
============================================================
2026-04-29 08:13:07 | INFO     | MODO: PRODUCCIÓN
2026-04-29 08:13:07 | INFO     | ============================================================

2026-04-29 08:13:07 | INFO     | 📥 Cargando datos para producción...
2026-04-29 08:13:07 | INFO     | PASO 1: CARGANDO DATOS
2026-04-29 08:13:07 | INFO     | ------------------------------------------------------------
2026-04-29 08:13:07 | INFO     |   -> Símbolo 'EURUSD' cargado desde config/config.yaml
2026-04-29 08:13:07 | INFO     |   -> Timeframe 'M5' cargado desde config/config.yaml
2026-04-29 08:13:07 | INFO     | ✓ Datos cargados: 3000 filas, 6 columnas.
2026-04-29 08:13:07 | INFO     | PASO 2: LIMPIANDO DATOS
2026-04-29 08:13:07 | INFO     | ------------------------------------------------------------
2026-04-29 08:13:07 | INFO     | ✓ Datos limpios: 3000 filas restantes.
2026-04-29 08:13:07 | INFO     | PASO 3: GENERANDO FEATURES
2026-04-29 08:13:07 | INFO     | ------------------------------------------------------------
2026-04-29 08:13:07 | INFO     |   -> Retornos agregados para períodos: [1, 5, 10]
2026-04-29 08:13:07 | INFO     |   -> Indicadores técnicos agregados.
2026-04-29 08:13:07 | INFO     |   -> Lags agregados para la columna: 'Close'
2026-04-29 08:13:07 | INFO     |   -> Lags agregados para la columna: 'Volume'
2026-04-29 08:13:07 | INFO     |   -> Conteos de valores NaN generados por las features:
2026-04-29 08:13:07 | INFO     | ✓ Features generadas. Total columnas: 37.
2026-04-29 08:13:07 | INFO     | 🏆 Modelo campeón global según backtest: PROPHET
2026-04-29 08:13:07 | INFO     | 🎯 Producción configurada para operar únicamente con el modelo campeón.
2026-04-29 08:13:07 | INFO     | 📦 Release activa de producción: 20260429_063853 (activada 2026-04-29T06:41:48)
2026-04-29 08:13:07 | INFO     | 🔎 Generando señales de producción para TODOS los modelos habilitados...

2026-04-29 08:13:07 | INFO     | ➡ Procesando modelo: PROPHET | params={'changepoint_prior_scale': 0.01, 'daily_seasonality': False, 'seasonality_mode': 'additive', 'seasonality_prior_scale': 1.0, 'use_lagged_regressors': True, 'weekly_seasonality': True, 'yearly_seasonality': False}
2026-04-29 08:13:07 | INFO     |   💾 Intentando cargar el modelo desde: C:\Users\USER\Documentos\Maestria\Mark-III\outputs\models\releases\20260429_063853\prophet_best.pkl
2026-04-29 08:13:07 | INFO     | [PROPHET] Cargando artefacto desde: C:\Users\USER\Documentos\Maestria\Mark-III\outputs\models\releases\20260429_063853\prophet_best.pkl
2026-04-29 08:13:07 | INFO     | [PROPHET] Tipo de artefacto: <class 'dict'>
2026-04-29 08:13:07 | INFO     | [PROPHET] Claves del artefacto: ['model_class', 'params', 'model', 'target_name', 'feature_names']
2026-04-29 08:13:07 | INFO     | [PROPHET] Modelo cargado desde: C:\Users\USER\Documentos\Maestria\Mark-III\outputs\models\releases\20260429_063853\prophet_best.pkl
2026-04-29 08:13:07 | INFO     | [PROPHET] Regresores restaurados: ['Open', 'High', 'Low', 'Close', 'TickVolume', 'Volume', 'Return_1', 'LogReturn_1', 'Return_5', 'ReturnFwd_5', 'LogReturn_5', 'Return_10', 'ReturnFwd_10', 'LogReturn_10', 'SMA_20', 'SMA_50', 'EMA_12', 'EMA_26', 'RSI_14', 'MACD', 'MACD_Signal', 'MACD_Hist', 'BB_Upper', 'BB_Lower', 'BB_Width', 'ATR_14', 'Close_lag1', 'Close_lag2', 'Close_lag3', 'Close_lag5', 'Close_lag10', 'Volume_lag1', 'Volume_lag2', 'Volume_lag3', 'Volume_lag5', 'Volume_lag10']
2026-04-29 08:13:07 | INFO     | [PROPHET] Predicción (yhat) para 2026-04-29 16:05:00: 0.000013
2026-04-29 08:13:07 | INFO     |   📈 Modelo PROPHET -> retorno=0.000013, pips=0.15, signal=HOLD, confidence=0.404, entry_plan=nan, SL_plan=nan, TP_plan=nan, entry_live=nan, SL_live=nan, TP_live=nan, lots=0.00, balance=5310.95, risk=0.00
2026-04-29 08:13:07 | INFO     | 
💾 Señales de producción guardadas en: outputs\production\production_signals.csv
2026-04-29 08:13:07 | INFO     | ✅ MODO PRODUCCIÓN COMPLETADO

2026-04-29 08:13:37 | INFO     | ============================================================
2026-04-29 08:13:37 | INFO     | TRADING PIPELINE INICIADO
2026-04-29 08:13:37 | INFO     | ============================================================
2026-04-29 08:13:37 | INFO     | 📁 Directorios de trabajo configurados
2026-04-29 08:13:37 | INFO     | 🚀 Ejecutando modo: SYNC_TRADES
2026-04-29 08:13:37 | INFO     | 
============================================================
2026-04-29 08:13:37 | INFO     | MODO: SYNC TRADES
2026-04-29 08:13:37 | INFO     | ============================================================

2026-04-29 08:13:37 | INFO     | 🔄 Sincronización completada. Trades cerrados registrados: 0
2026-04-29 08:13:37 | INFO     | ✅ MODO SYNC TRADES COMPLETADO

2026-04-29 08:14:37 | INFO     | ============================================================
2026-04-29 08:14:37 | INFO     | TRADING PIPELINE INICIADO
2026-04-29 08:14:37 | INFO     | ============================================================
2026-04-29 08:14:37 | INFO     | 📁 Directorios de trabajo configurados
2026-04-29 08:14:37 | INFO     | 🚀 Ejecutando modo: SYNC_TRADES
2026-04-29 08:14:37 | INFO     | 
============================================================
2026-04-29 08:14:37 | INFO     | MODO: SYNC TRADES
2026-04-29 08:14:37 | INFO     | ============================================================

2026-04-29 08:14:37 | INFO     | 🔄 Sincronización completada. Trades cerrados registrados: 0
2026-04-29 08:14:37 | INFO     | ✅ MODO SYNC TRADES COMPLETADO

2026-04-29 08:15:38 | INFO     | ============================================================
2026-04-29 08:15:38 | INFO     | TRADING PIPELINE INICIADO
2026-04-29 08:15:38 | INFO     | ============================================================
2026-04-29 08:15:38 | INFO     | 📁 Directorios de trabajo configurados
2026-04-29 08:15:38 | INFO     | 🚀 Ejecutando modo: SYNC_TRADES
2026-04-29 08:15:38 | INFO     | 
============================================================
2026-04-29 08:15:38 | INFO     | MODO: SYNC TRADES
2026-04-29 08:15:38 | INFO     | ============================================================

2026-04-29 08:15:38 | INFO     | 🔄 Sincronización completada. Trades cerrados registrados: 0
2026-04-29 08:15:38 | INFO     | ✅ MODO SYNC TRADES COMPLETADO

2026-04-29 08:16:37 | INFO     | ============================================================
2026-04-29 08:16:37 | INFO     | TRADING PIPELINE INICIADO
2026-04-29 08:16:37 | INFO     | ============================================================
2026-04-29 08:16:37 | INFO     | 📁 Directorios de trabajo configurados
2026-04-29 08:16:37 | INFO     | 🚀 Ejecutando modo: SYNC_TRADES
2026-04-29 08:16:37 | INFO     | 
============================================================
2026-04-29 08:16:37 | INFO     | MODO: SYNC TRADES
2026-04-29 08:16:37 | INFO     | ============================================================

2026-04-29 08:16:37 | INFO     | 🔄 Sincronización completada. Trades cerrados registrados: 0
2026-04-29 08:16:37 | INFO     | ✅ MODO SYNC TRADES COMPLETADO

2026-04-29 08:17:37 | INFO     | ============================================================
2026-04-29 08:17:37 | INFO     | TRADING PIPELINE INICIADO
2026-04-29 08:17:37 | INFO     | ============================================================
2026-04-29 08:17:37 | INFO     | 📁 Directorios de trabajo configurados
2026-04-29 08:17:37 | INFO     | 🚀 Ejecutando modo: SYNC_TRADES
2026-04-29 08:17:37 | INFO     | 
============================================================
2026-04-29 08:17:37 | INFO     | MODO: SYNC TRADES
2026-04-29 08:17:37 | INFO     | ============================================================

2026-04-29 08:17:37 | INFO     | 🔄 Sincronización completada. Trades cerrados registrados: 0
2026-04-29 08:17:37 | INFO     | ✅ MODO SYNC TRADES COMPLETADO

2026-04-29 08:18:07 | INFO     | ============================================================
2026-04-29 08:18:07 | INFO     | TRADING PIPELINE INICIADO
2026-04-29 08:18:07 | INFO     | ============================================================
2026-04-29 08:18:07 | INFO     | 📁 Directorios de trabajo configurados
2026-04-29 08:18:07 | INFO     | 🚀 Ejecutando modo: PRODUCTION
2026-04-29 08:18:07 | INFO     | 
============================================================
2026-04-29 08:18:07 | INFO     | MODO: PRODUCCIÓN
2026-04-29 08:18:07 | INFO     | ============================================================

2026-04-29 08:18:07 | INFO     | 📥 Cargando datos para producción...
2026-04-29 08:18:07 | INFO     | PASO 1: CARGANDO DATOS
2026-04-29 08:18:07 | INFO     | ------------------------------------------------------------
2026-04-29 08:18:07 | INFO     |   -> Símbolo 'EURUSD' cargado desde config/config.yaml
2026-04-29 08:18:07 | INFO     |   -> Timeframe 'M5' cargado desde config/config.yaml
2026-04-29 08:18:07 | INFO     | ✓ Datos cargados: 3000 filas, 6 columnas.
2026-04-29 08:18:07 | INFO     | PASO 2: LIMPIANDO DATOS
2026-04-29 08:18:07 | INFO     | ------------------------------------------------------------
2026-04-29 08:18:07 | INFO     | ✓ Datos limpios: 3000 filas restantes.
2026-04-29 08:18:07 | INFO     | PASO 3: GENERANDO FEATURES
2026-04-29 08:18:07 | INFO     | ------------------------------------------------------------
2026-04-29 08:18:07 | INFO     |   -> Retornos agregados para períodos: [1, 5, 10]
2026-04-29 08:18:07 | INFO     |   -> Indicadores técnicos agregados.
2026-04-29 08:18:07 | INFO     |   -> Lags agregados para la columna: 'Close'
2026-04-29 08:18:07 | INFO     |   -> Lags agregados para la columna: 'Volume'
2026-04-29 08:18:07 | INFO     |   -> Conteos de valores NaN generados por las features:
2026-04-29 08:18:07 | INFO     | ✓ Features generadas. Total columnas: 37.
2026-04-29 08:18:07 | INFO     | 🏆 Modelo campeón global según backtest: PROPHET
2026-04-29 08:18:07 | INFO     | 🎯 Producción configurada para operar únicamente con el modelo campeón.
2026-04-29 08:18:07 | INFO     | 📦 Release activa de producción: 20260429_063853 (activada 2026-04-29T06:41:48)
2026-04-29 08:18:07 | INFO     | 🔎 Generando señales de producción para TODOS los modelos habilitados...

2026-04-29 08:18:07 | INFO     | ➡ Procesando modelo: PROPHET | params={'changepoint_prior_scale': 0.01, 'daily_seasonality': False, 'seasonality_mode': 'additive', 'seasonality_prior_scale': 1.0, 'use_lagged_regressors': True, 'weekly_seasonality': True, 'yearly_seasonality': False}
2026-04-29 08:18:07 | INFO     |   💾 Intentando cargar el modelo desde: C:\Users\USER\Documentos\Maestria\Mark-III\outputs\models\releases\20260429_063853\prophet_best.pkl
2026-04-29 08:18:07 | INFO     | [PROPHET] Cargando artefacto desde: C:\Users\USER\Documentos\Maestria\Mark-III\outputs\models\releases\20260429_063853\prophet_best.pkl
2026-04-29 08:18:07 | INFO     | [PROPHET] Tipo de artefacto: <class 'dict'>
2026-04-29 08:18:07 | INFO     | [PROPHET] Claves del artefacto: ['model_class', 'params', 'model', 'target_name', 'feature_names']
2026-04-29 08:18:07 | INFO     | [PROPHET] Modelo cargado desde: C:\Users\USER\Documentos\Maestria\Mark-III\outputs\models\releases\20260429_063853\prophet_best.pkl
2026-04-29 08:18:07 | INFO     | [PROPHET] Regresores restaurados: ['Open', 'High', 'Low', 'Close', 'TickVolume', 'Volume', 'Return_1', 'LogReturn_1', 'Return_5', 'ReturnFwd_5', 'LogReturn_5', 'Return_10', 'ReturnFwd_10', 'LogReturn_10', 'SMA_20', 'SMA_50', 'EMA_12', 'EMA_26', 'RSI_14', 'MACD', 'MACD_Signal', 'MACD_Hist', 'BB_Upper', 'BB_Lower', 'BB_Width', 'ATR_14', 'Close_lag1', 'Close_lag2', 'Close_lag3', 'Close_lag5', 'Close_lag10', 'Volume_lag1', 'Volume_lag2', 'Volume_lag3', 'Volume_lag5', 'Volume_lag10']
2026-04-29 08:18:08 | INFO     | [PROPHET] Predicción (yhat) para 2026-04-29 16:10:00: -0.000210
2026-04-29 08:18:08 | INFO     |   📈 Modelo PROPHET -> retorno=-0.000210, pips=-2.46, signal=SELL, confidence=0.675, entry_plan=1.17006, SL_plan=1.17106, TP_plan=1.16806, entry_live=1.16953, SL_live=1.17053, TP_live=1.16753, lots=0.53, balance=5310.95, risk=53.11
2026-04-29 08:18:08 | INFO     | 
💾 Señales de producción guardadas en: outputs\production\production_signals.csv
2026-04-29 08:18:08 | INFO     | ✅ MODO PRODUCCIÓN COMPLETADO

2026-04-29 08:18:38 | INFO     | ============================================================
2026-04-29 08:18:38 | INFO     | TRADING PIPELINE INICIADO
2026-04-29 08:18:38 | INFO     | ============================================================
2026-04-29 08:18:38 | INFO     | 📁 Directorios de trabajo configurados
2026-04-29 08:18:38 | INFO     | 🚀 Ejecutando modo: SYNC_TRADES
2026-04-29 08:18:38 | INFO     | 
============================================================
2026-04-29 08:18:38 | INFO     | MODO: SYNC TRADES
2026-04-29 08:18:38 | INFO     | ============================================================

2026-04-29 08:18:38 | INFO     | 🔄 Sincronización completada. Trades cerrados registrados: 0
2026-04-29 08:18:38 | INFO     | ✅ MODO SYNC TRADES COMPLETADO

2026-04-29 08:19:37 | INFO     | ============================================================
2026-04-29 08:19:37 | INFO     | TRADING PIPELINE INICIADO
2026-04-29 08:19:37 | INFO     | ============================================================
2026-04-29 08:19:37 | INFO     | 📁 Directorios de trabajo configurados
2026-04-29 08:19:37 | INFO     | 🚀 Ejecutando modo: SYNC_TRADES
2026-04-29 08:19:37 | INFO     | 
============================================================
2026-04-29 08:19:37 | INFO     | MODO: SYNC TRADES
2026-04-29 08:19:37 | INFO     | ============================================================

2026-04-29 08:19:37 | INFO     | 🔄 Sincronización completada. Trades cerrados registrados: 0
2026-04-29 08:19:37 | INFO     | ✅ MODO SYNC TRADES COMPLETADO

2026-04-29 08:20:38 | INFO     | ============================================================
2026-04-29 08:20:38 | INFO     | TRADING PIPELINE INICIADO
2026-04-29 08:20:38 | INFO     | ============================================================
2026-04-29 08:20:38 | INFO     | 📁 Directorios de trabajo configurados
2026-04-29 08:20:38 | INFO     | 🚀 Ejecutando modo: SYNC_TRADES
2026-04-29 08:20:38 | INFO     | 
============================================================
2026-04-29 08:20:38 | INFO     | MODO: SYNC TRADES
2026-04-29 08:20:38 | INFO     | ============================================================

2026-04-29 08:20:38 | INFO     | 🔄 Sincronización completada. Trades cerrados registrados: 0
2026-04-29 08:20:38 | INFO     | ✅ MODO SYNC TRADES COMPLETADO

2026-04-29 08:21:38 | INFO     | ============================================================
2026-04-29 08:21:38 | INFO     | TRADING PIPELINE INICIADO
2026-04-29 08:21:38 | INFO     | ============================================================
2026-04-29 08:21:38 | INFO     | 📁 Directorios de trabajo configurados
2026-04-29 08:21:38 | INFO     | 🚀 Ejecutando modo: SYNC_TRADES
2026-04-29 08:21:38 | INFO     | 
============================================================
2026-04-29 08:21:38 | INFO     | MODO: SYNC TRADES
2026-04-29 08:21:38 | INFO     | ============================================================

2026-04-29 08:21:38 | INFO     | 🔄 Sincronización completada. Trades cerrados registrados: 0
2026-04-29 08:21:38 | INFO     | ✅ MODO SYNC TRADES COMPLETADO

2026-04-29 08:22:37 | INFO     | ============================================================
2026-04-29 08:22:37 | INFO     | TRADING PIPELINE INICIADO
2026-04-29 08:22:37 | INFO     | ============================================================
2026-04-29 08:22:37 | INFO     | 📁 Directorios de trabajo configurados
2026-04-29 08:22:37 | INFO     | 🚀 Ejecutando modo: SYNC_TRADES
2026-04-29 08:22:37 | INFO     | 
============================================================
2026-04-29 08:22:37 | INFO     | MODO: SYNC TRADES
2026-04-29 08:22:37 | INFO     | ============================================================

2026-04-29 08:22:37 | INFO     | 🔄 Sincronización completada. Trades cerrados registrados: 0
2026-04-29 08:22:37 | INFO     | ✅ MODO SYNC TRADES COMPLETADO

2026-04-29 08:23:07 | INFO     | ============================================================
2026-04-29 08:23:07 | INFO     | TRADING PIPELINE INICIADO
2026-04-29 08:23:07 | INFO     | ============================================================
2026-04-29 08:23:07 | INFO     | 📁 Directorios de trabajo configurados
2026-04-29 08:23:07 | INFO     | 🚀 Ejecutando modo: PRODUCTION
2026-04-29 08:23:07 | INFO     | 
============================================================
2026-04-29 08:23:07 | INFO     | MODO: PRODUCCIÓN
2026-04-29 08:23:07 | INFO     | ============================================================

2026-04-29 08:23:07 | INFO     | 📥 Cargando datos para producción...
2026-04-29 08:23:07 | INFO     | PASO 1: CARGANDO DATOS
2026-04-29 08:23:07 | INFO     | ------------------------------------------------------------
2026-04-29 08:23:07 | INFO     |   -> Símbolo 'EURUSD' cargado desde config/config.yaml
2026-04-29 08:23:07 | INFO     |   -> Timeframe 'M5' cargado desde config/config.yaml
2026-04-29 08:23:07 | INFO     | ✓ Datos cargados: 3000 filas, 6 columnas.
2026-04-29 08:23:07 | INFO     | PASO 2: LIMPIANDO DATOS
2026-04-29 08:23:07 | INFO     | ------------------------------------------------------------
2026-04-29 08:23:07 | INFO     | ✓ Datos limpios: 3000 filas restantes.
2026-04-29 08:23:07 | INFO     | PASO 3: GENERANDO FEATURES
2026-04-29 08:23:07 | INFO     | ------------------------------------------------------------
2026-04-29 08:23:07 | INFO     |   -> Retornos agregados para períodos: [1, 5, 10]
2026-04-29 08:23:07 | INFO     |   -> Indicadores técnicos agregados.
2026-04-29 08:23:07 | INFO     |   -> Lags agregados para la columna: 'Close'
2026-04-29 08:23:07 | INFO     |   -> Lags agregados para la columna: 'Volume'
2026-04-29 08:23:07 | INFO     |   -> Conteos de valores NaN generados por las features:
2026-04-29 08:23:07 | INFO     | ✓ Features generadas. Total columnas: 37.
2026-04-29 08:23:07 | INFO     | 🏆 Modelo campeón global según backtest: PROPHET
2026-04-29 08:23:07 | INFO     | 🎯 Producción configurada para operar únicamente con el modelo campeón.
2026-04-29 08:23:07 | INFO     | 📦 Release activa de producción: 20260429_063853 (activada 2026-04-29T06:41:48)
2026-04-29 08:23:07 | INFO     | 🔎 Generando señales de producción para TODOS los modelos habilitados...

2026-04-29 08:23:07 | INFO     | ➡ Procesando modelo: PROPHET | params={'changepoint_prior_scale': 0.01, 'daily_seasonality': False, 'seasonality_mode': 'additive', 'seasonality_prior_scale': 1.0, 'use_lagged_regressors': True, 'weekly_seasonality': True, 'yearly_seasonality': False}
2026-04-29 08:23:07 | INFO     |   💾 Intentando cargar el modelo desde: C:\Users\USER\Documentos\Maestria\Mark-III\outputs\models\releases\20260429_063853\prophet_best.pkl
2026-04-29 08:23:07 | INFO     | [PROPHET] Cargando artefacto desde: C:\Users\USER\Documentos\Maestria\Mark-III\outputs\models\releases\20260429_063853\prophet_best.pkl
2026-04-29 08:23:07 | INFO     | [PROPHET] Tipo de artefacto: <class 'dict'>
2026-04-29 08:23:07 | INFO     | [PROPHET] Claves del artefacto: ['model_class', 'params', 'model', 'target_name', 'feature_names']
2026-04-29 08:23:07 | INFO     | [PROPHET] Modelo cargado desde: C:\Users\USER\Documentos\Maestria\Mark-III\outputs\models\releases\20260429_063853\prophet_best.pkl
2026-04-29 08:23:07 | INFO     | [PROPHET] Regresores restaurados: ['Open', 'High', 'Low', 'Close', 'TickVolume', 'Volume', 'Return_1', 'LogReturn_1', 'Return_5', 'ReturnFwd_5', 'LogReturn_5', 'Return_10', 'ReturnFwd_10', 'LogReturn_10', 'SMA_20', 'SMA_50', 'EMA_12', 'EMA_26', 'RSI_14', 'MACD', 'MACD_Signal', 'MACD_Hist', 'BB_Upper', 'BB_Lower', 'BB_Width', 'ATR_14', 'Close_lag1', 'Close_lag2', 'Close_lag3', 'Close_lag5', 'Close_lag10', 'Volume_lag1', 'Volume_lag2', 'Volume_lag3', 'Volume_lag5', 'Volume_lag10']
2026-04-29 08:23:07 | INFO     | [PROPHET] Predicción (yhat) para 2026-04-29 16:15:00: -0.000160
2026-04-29 08:23:07 | INFO     |   📈 Modelo PROPHET -> retorno=-0.000160, pips=-1.87, signal=HOLD, confidence=0.606, entry_plan=nan, SL_plan=nan, TP_plan=nan, entry_live=nan, SL_live=nan, TP_live=nan, lots=0.00, balance=5310.95, risk=0.00
2026-04-29 08:23:07 | INFO     | 
💾 Señales de producción guardadas en: outputs\production\production_signals.csv
2026-04-29 08:23:07 | INFO     | ✅ MODO PRODUCCIÓN COMPLETADO

2026-04-29 08:23:37 | INFO     | ============================================================
2026-04-29 08:23:37 | INFO     | TRADING PIPELINE INICIADO
2026-04-29 08:23:37 | INFO     | ============================================================
2026-04-29 08:23:37 | INFO     | 📁 Directorios de trabajo configurados
2026-04-29 08:23:37 | INFO     | 🚀 Ejecutando modo: SYNC_TRADES
2026-04-29 08:23:37 | INFO     | 
============================================================
2026-04-29 08:23:37 | INFO     | MODO: SYNC TRADES
2026-04-29 08:23:37 | INFO     | ============================================================

2026-04-29 08:23:37 | INFO     | 🔄 Sincronización completada. Trades cerrados registrados: 0
2026-04-29 08:23:37 | INFO     | ✅ MODO SYNC TRADES COMPLETADO

2026-04-29 08:24:37 | INFO     | ============================================================
2026-04-29 08:24:37 | INFO     | TRADING PIPELINE INICIADO
2026-04-29 08:24:37 | INFO     | ============================================================
2026-04-29 08:24:37 | INFO     | 📁 Directorios de trabajo configurados
2026-04-29 08:24:37 | INFO     | 🚀 Ejecutando modo: SYNC_TRADES
2026-04-29 08:24:37 | INFO     | 
============================================================
2026-04-29 08:24:37 | INFO     | MODO: SYNC TRADES
2026-04-29 08:24:37 | INFO     | ============================================================

2026-04-29 08:24:37 | INFO     | 🔄 Sincronización completada. Trades cerrados registrados: 0
2026-04-29 08:24:37 | INFO     | ✅ MODO SYNC TRADES COMPLETADO

2026-04-29 08:25:39 | INFO     | ============================================================
2026-04-29 08:25:39 | INFO     | TRADING PIPELINE INICIADO
2026-04-29 08:25:39 | INFO     | ============================================================
2026-04-29 08:25:39 | INFO     | 📁 Directorios de trabajo configurados
2026-04-29 08:25:39 | INFO     | 🚀 Ejecutando modo: SYNC_TRADES
2026-04-29 08:25:39 | INFO     | 
============================================================
2026-04-29 08:25:39 | INFO     | MODO: SYNC TRADES
2026-04-29 08:25:39 | INFO     | ============================================================

2026-04-29 08:25:39 | INFO     | 🔄 Sincronización completada. Trades cerrados registrados: 0
2026-04-29 08:25:39 | INFO     | ✅ MODO SYNC TRADES COMPLETADO

2026-04-29 08:26:37 | INFO     | ============================================================
2026-04-29 08:26:37 | INFO     | TRADING PIPELINE INICIADO
2026-04-29 08:26:37 | INFO     | ============================================================
2026-04-29 08:26:37 | INFO     | 📁 Directorios de trabajo configurados
2026-04-29 08:26:37 | INFO     | 🚀 Ejecutando modo: SYNC_TRADES
2026-04-29 08:26:37 | INFO     | 
============================================================
2026-04-29 08:26:37 | INFO     | MODO: SYNC TRADES
2026-04-29 08:26:37 | INFO     | ============================================================

2026-04-29 08:26:37 | INFO     | 🔄 Sincronización completada. Trades cerrados registrados: 0
2026-04-29 08:26:37 | INFO     | ✅ MODO SYNC TRADES COMPLETADO

2026-04-29 08:27:37 | INFO     | ============================================================
2026-04-29 08:27:37 | INFO     | TRADING PIPELINE INICIADO
2026-04-29 08:27:37 | INFO     | ============================================================
2026-04-29 08:27:37 | INFO     | 📁 Directorios de trabajo configurados
2026-04-29 08:27:37 | INFO     | 🚀 Ejecutando modo: SYNC_TRADES
2026-04-29 08:27:37 | INFO     | 
============================================================
2026-04-29 08:27:37 | INFO     | MODO: SYNC TRADES
2026-04-29 08:27:37 | INFO     | ============================================================

2026-04-29 08:27:38 | INFO     | 🔄 Sincronización completada. Trades cerrados registrados: 0
2026-04-29 08:27:38 | INFO     | ✅ MODO SYNC TRADES COMPLETADO

2026-04-29 08:28:08 | INFO     | ============================================================
2026-04-29 08:28:08 | INFO     | TRADING PIPELINE INICIADO
2026-04-29 08:28:08 | INFO     | ============================================================
2026-04-29 08:28:08 | INFO     | 📁 Directorios de trabajo configurados
2026-04-29 08:28:08 | INFO     | 🚀 Ejecutando modo: PRODUCTION
2026-04-29 08:28:08 | INFO     | 
============================================================
2026-04-29 08:28:08 | INFO     | MODO: PRODUCCIÓN
2026-04-29 08:28:08 | INFO     | ============================================================

2026-04-29 08:28:08 | INFO     | 📥 Cargando datos para producción...
2026-04-29 08:28:08 | INFO     | PASO 1: CARGANDO DATOS
2026-04-29 08:28:08 | INFO     | ------------------------------------------------------------
2026-04-29 08:28:08 | INFO     |   -> Símbolo 'EURUSD' cargado desde config/config.yaml
2026-04-29 08:28:08 | INFO     |   -> Timeframe 'M5' cargado desde config/config.yaml
2026-04-29 08:28:08 | INFO     | ✓ Datos cargados: 3000 filas, 6 columnas.
2026-04-29 08:28:08 | INFO     | PASO 2: LIMPIANDO DATOS
2026-04-29 08:28:08 | INFO     | ------------------------------------------------------------
2026-04-29 08:28:08 | INFO     | ✓ Datos limpios: 3000 filas restantes.
2026-04-29 08:28:08 | INFO     | PASO 3: GENERANDO FEATURES
2026-04-29 08:28:08 | INFO     | ------------------------------------------------------------
2026-04-29 08:28:08 | INFO     |   -> Retornos agregados para períodos: [1, 5, 10]
2026-04-29 08:28:08 | INFO     |   -> Indicadores técnicos agregados.
2026-04-29 08:28:08 | INFO     |   -> Lags agregados para la columna: 'Close'
2026-04-29 08:28:08 | INFO     |   -> Lags agregados para la columna: 'Volume'
2026-04-29 08:28:08 | INFO     |   -> Conteos de valores NaN generados por las features:
2026-04-29 08:28:08 | INFO     | ✓ Features generadas. Total columnas: 37.
2026-04-29 08:28:08 | INFO     | 🏆 Modelo campeón global según backtest: PROPHET
2026-04-29 08:28:08 | INFO     | 🎯 Producción configurada para operar únicamente con el modelo campeón.
2026-04-29 08:28:08 | INFO     | 📦 Release activa de producción: 20260429_063853 (activada 2026-04-29T06:41:48)
2026-04-29 08:28:08 | INFO     | 🔎 Generando señales de producción para TODOS los modelos habilitados...

2026-04-29 08:28:08 | INFO     | ➡ Procesando modelo: PROPHET | params={'changepoint_prior_scale': 0.01, 'daily_seasonality': False, 'seasonality_mode': 'additive', 'seasonality_prior_scale': 1.0, 'use_lagged_regressors': True, 'weekly_seasonality': True, 'yearly_seasonality': False}
2026-04-29 08:28:08 | INFO     |   💾 Intentando cargar el modelo desde: C:\Users\USER\Documentos\Maestria\Mark-III\outputs\models\releases\20260429_063853\prophet_best.pkl
2026-04-29 08:28:08 | INFO     | [PROPHET] Cargando artefacto desde: C:\Users\USER\Documentos\Maestria\Mark-III\outputs\models\releases\20260429_063853\prophet_best.pkl
2026-04-29 08:28:08 | INFO     | [PROPHET] Tipo de artefacto: <class 'dict'>
2026-04-29 08:28:08 | INFO     | [PROPHET] Claves del artefacto: ['model_class', 'params', 'model', 'target_name', 'feature_names']
2026-04-29 08:28:08 | INFO     | [PROPHET] Modelo cargado desde: C:\Users\USER\Documentos\Maestria\Mark-III\outputs\models\releases\20260429_063853\prophet_best.pkl
2026-04-29 08:28:08 | INFO     | [PROPHET] Regresores restaurados: ['Open', 'High', 'Low', 'Close', 'TickVolume', 'Volume', 'Return_1', 'LogReturn_1', 'Return_5', 'ReturnFwd_5', 'LogReturn_5', 'Return_10', 'ReturnFwd_10', 'LogReturn_10', 'SMA_20', 'SMA_50', 'EMA_12', 'EMA_26', 'RSI_14', 'MACD', 'MACD_Signal', 'MACD_Hist', 'BB_Upper', 'BB_Lower', 'BB_Width', 'ATR_14', 'Close_lag1', 'Close_lag2', 'Close_lag3', 'Close_lag5', 'Close_lag10', 'Volume_lag1', 'Volume_lag2', 'Volume_lag3', 'Volume_lag5', 'Volume_lag10']
2026-04-29 08:28:08 | INFO     | [PROPHET] Predicción (yhat) para 2026-04-29 16:20:00: 0.000034
2026-04-29 08:28:08 | INFO     |   📈 Modelo PROPHET -> retorno=0.000034, pips=0.40, signal=HOLD, confidence=0.434, entry_plan=nan, SL_plan=nan, TP_plan=nan, entry_live=nan, SL_live=nan, TP_live=nan, lots=0.00, balance=5310.95, risk=0.00
2026-04-29 08:28:08 | INFO     | 
💾 Señales de producción guardadas en: outputs\production\production_signals.csv
2026-04-29 08:28:08 | INFO     | ✅ MODO PRODUCCIÓN COMPLETADO

2026-04-29 08:28:37 | INFO     | ============================================================
2026-04-29 08:28:37 | INFO     | TRADING PIPELINE INICIADO
2026-04-29 08:28:37 | INFO     | ============================================================
2026-04-29 08:28:37 | INFO     | 📁 Directorios de trabajo configurados
2026-04-29 08:28:37 | INFO     | 🚀 Ejecutando modo: SYNC_TRADES
2026-04-29 08:28:37 | INFO     | 
============================================================
2026-04-29 08:28:37 | INFO     | MODO: SYNC TRADES
2026-04-29 08:28:37 | INFO     | ============================================================

2026-04-29 08:28:37 | INFO     | 🔄 Sincronización completada. Trades cerrados registrados: 0
2026-04-29 08:28:37 | INFO     | ✅ MODO SYNC TRADES COMPLETADO

2026-04-29 08:29:37 | INFO     | ============================================================
2026-04-29 08:29:37 | INFO     | TRADING PIPELINE INICIADO
2026-04-29 08:29:37 | INFO     | ============================================================
2026-04-29 08:29:37 | INFO     | 📁 Directorios de trabajo configurados
2026-04-29 08:29:37 | INFO     | 🚀 Ejecutando modo: SYNC_TRADES
2026-04-29 08:29:37 | INFO     | 
============================================================
2026-04-29 08:29:37 | INFO     | MODO: SYNC TRADES
2026-04-29 08:29:37 | INFO     | ============================================================

2026-04-29 08:29:37 | INFO     | 🔄 Sincronización completada. Trades cerrados registrados: 0
2026-04-29 08:29:37 | INFO     | ✅ MODO SYNC TRADES COMPLETADO

2026-04-29 08:30:37 | INFO     | ============================================================
2026-04-29 08:30:37 | INFO     | TRADING PIPELINE INICIADO
2026-04-29 08:30:37 | INFO     | ============================================================
2026-04-29 08:30:37 | INFO     | 📁 Directorios de trabajo configurados
2026-04-29 08:30:37 | INFO     | 🚀 Ejecutando modo: SYNC_TRADES
2026-04-29 08:30:37 | INFO     | 
============================================================
2026-04-29 08:30:37 | INFO     | MODO: SYNC TRADES
2026-04-29 08:30:37 | INFO     | ============================================================

2026-04-29 08:30:37 | INFO     | 🔄 Sincronización completada. Trades cerrados registrados: 0
2026-04-29 08:30:37 | INFO     | ✅ MODO SYNC TRADES COMPLETADO

2026-04-29 08:31:37 | INFO     | ============================================================
2026-04-29 08:31:37 | INFO     | TRADING PIPELINE INICIADO
2026-04-29 08:31:37 | INFO     | ============================================================
2026-04-29 08:31:37 | INFO     | 📁 Directorios de trabajo configurados
2026-04-29 08:31:37 | INFO     | 🚀 Ejecutando modo: SYNC_TRADES
2026-04-29 08:31:37 | INFO     | 
============================================================
2026-04-29 08:31:37 | INFO     | MODO: SYNC TRADES
2026-04-29 08:31:37 | INFO     | ============================================================

2026-04-29 08:31:38 | INFO     | 🔄 Sincronización completada. Trades cerrados registrados: 0
2026-04-29 08:31:38 | INFO     | ✅ MODO SYNC TRADES COMPLETADO

2026-04-29 08:32:37 | INFO     | ============================================================
2026-04-29 08:32:37 | INFO     | TRADING PIPELINE INICIADO
2026-04-29 08:32:37 | INFO     | ============================================================
2026-04-29 08:32:37 | INFO     | 📁 Directorios de trabajo configurados
2026-04-29 08:32:37 | INFO     | 🚀 Ejecutando modo: SYNC_TRADES
2026-04-29 08:32:37 | INFO     | 
============================================================
2026-04-29 08:32:37 | INFO     | MODO: SYNC TRADES
2026-04-29 08:32:37 | INFO     | ============================================================

2026-04-29 08:32:37 | INFO     | 🔄 Sincronización completada. Trades cerrados registrados: 0
2026-04-29 08:32:37 | INFO     | ✅ MODO SYNC TRADES COMPLETADO

2026-04-29 08:33:07 | INFO     | ============================================================
2026-04-29 08:33:07 | INFO     | TRADING PIPELINE INICIADO
2026-04-29 08:33:07 | INFO     | ============================================================
2026-04-29 08:33:07 | INFO     | 📁 Directorios de trabajo configurados
2026-04-29 08:33:07 | INFO     | 🚀 Ejecutando modo: PRODUCTION
2026-04-29 08:33:07 | INFO     | 
============================================================
2026-04-29 08:33:07 | INFO     | MODO: PRODUCCIÓN
2026-04-29 08:33:07 | INFO     | ============================================================

2026-04-29 08:33:07 | INFO     | 📥 Cargando datos para producción...
2026-04-29 08:33:07 | INFO     | PASO 1: CARGANDO DATOS
2026-04-29 08:33:07 | INFO     | ------------------------------------------------------------
2026-04-29 08:33:07 | INFO     |   -> Símbolo 'EURUSD' cargado desde config/config.yaml
2026-04-29 08:33:07 | INFO     |   -> Timeframe 'M5' cargado desde config/config.yaml
2026-04-29 08:33:07 | INFO     | ✓ Datos cargados: 3000 filas, 6 columnas.
2026-04-29 08:33:07 | INFO     | PASO 2: LIMPIANDO DATOS
2026-04-29 08:33:07 | INFO     | ------------------------------------------------------------
2026-04-29 08:33:07 | INFO     | ✓ Datos limpios: 3000 filas restantes.
2026-04-29 08:33:07 | INFO     | PASO 3: GENERANDO FEATURES
2026-04-29 08:33:07 | INFO     | ------------------------------------------------------------
2026-04-29 08:33:07 | INFO     |   -> Retornos agregados para períodos: [1, 5, 10]
2026-04-29 08:33:07 | INFO     |   -> Indicadores técnicos agregados.
2026-04-29 08:33:07 | INFO     |   -> Lags agregados para la columna: 'Close'
2026-04-29 08:33:07 | INFO     |   -> Lags agregados para la columna: 'Volume'
2026-04-29 08:33:07 | INFO     |   -> Conteos de valores NaN generados por las features:
2026-04-29 08:33:07 | INFO     | ✓ Features generadas. Total columnas: 37.
2026-04-29 08:33:07 | INFO     | 🏆 Modelo campeón global según backtest: PROPHET
2026-04-29 08:33:07 | INFO     | 🎯 Producción configurada para operar únicamente con el modelo campeón.
2026-04-29 08:33:07 | INFO     | 📦 Release activa de producción: 20260429_063853 (activada 2026-04-29T06:41:48)
2026-04-29 08:33:07 | INFO     | 🔎 Generando señales de producción para TODOS los modelos habilitados...

2026-04-29 08:33:07 | INFO     | ➡ Procesando modelo: PROPHET | params={'changepoint_prior_scale': 0.01, 'daily_seasonality': False, 'seasonality_mode': 'additive', 'seasonality_prior_scale': 1.0, 'use_lagged_regressors': True, 'weekly_seasonality': True, 'yearly_seasonality': False}
2026-04-29 08:33:07 | INFO     |   💾 Intentando cargar el modelo desde: C:\Users\USER\Documentos\Maestria\Mark-III\outputs\models\releases\20260429_063853\prophet_best.pkl
2026-04-29 08:33:07 | INFO     | [PROPHET] Cargando artefacto desde: C:\Users\USER\Documentos\Maestria\Mark-III\outputs\models\releases\20260429_063853\prophet_best.pkl
2026-04-29 08:33:07 | INFO     | [PROPHET] Tipo de artefacto: <class 'dict'>
2026-04-29 08:33:07 | INFO     | [PROPHET] Claves del artefacto: ['model_class', 'params', 'model', 'target_name', 'feature_names']
2026-04-29 08:33:07 | INFO     | [PROPHET] Modelo cargado desde: C:\Users\USER\Documentos\Maestria\Mark-III\outputs\models\releases\20260429_063853\prophet_best.pkl
2026-04-29 08:33:07 | INFO     | [PROPHET] Regresores restaurados: ['Open', 'High', 'Low', 'Close', 'TickVolume', 'Volume', 'Return_1', 'LogReturn_1', 'Return_5', 'ReturnFwd_5', 'LogReturn_5', 'Return_10', 'ReturnFwd_10', 'LogReturn_10', 'SMA_20', 'SMA_50', 'EMA_12', 'EMA_26', 'RSI_14', 'MACD', 'MACD_Signal', 'MACD_Hist', 'BB_Upper', 'BB_Lower', 'BB_Width', 'ATR_14', 'Close_lag1', 'Close_lag2', 'Close_lag3', 'Close_lag5', 'Close_lag10', 'Volume_lag1', 'Volume_lag2', 'Volume_lag3', 'Volume_lag5', 'Volume_lag10']
2026-04-29 08:33:07 | INFO     | [PROPHET] Predicción (yhat) para 2026-04-29 16:25:00: -0.000328
2026-04-29 08:33:07 | INFO     |   📈 Modelo PROPHET -> retorno=-0.000328, pips=-3.84, signal=SELL, confidence=0.838, entry_plan=1.16927, SL_plan=1.17027, TP_plan=1.16727, entry_live=1.16868, SL_live=1.16968, TP_live=1.16668, lots=0.53, balance=5310.95, risk=53.11
2026-04-29 08:33:07 | INFO     | 
💾 Señales de producción guardadas en: outputs\production\production_signals.csv
2026-04-29 08:33:08 | INFO     | ✅ MODO PRODUCCIÓN COMPLETADO

2026-04-29 08:33:38 | INFO     | ============================================================
2026-04-29 08:33:38 | INFO     | TRADING PIPELINE INICIADO
2026-04-29 08:33:38 | INFO     | ============================================================
2026-04-29 08:33:38 | INFO     | 📁 Directorios de trabajo configurados
2026-04-29 08:33:38 | INFO     | 🚀 Ejecutando modo: SYNC_TRADES
2026-04-29 08:33:38 | INFO     | 
============================================================
2026-04-29 08:33:38 | INFO     | MODO: SYNC TRADES
2026-04-29 08:33:38 | INFO     | ============================================================

2026-04-29 08:33:38 | INFO     | 🔄 Sincronización completada. Trades cerrados registrados: 0
2026-04-29 08:33:38 | INFO     | ✅ MODO SYNC TRADES COMPLETADO

2026-04-29 08:34:37 | INFO     | ============================================================
2026-04-29 08:34:37 | INFO     | TRADING PIPELINE INICIADO
2026-04-29 08:34:37 | INFO     | ============================================================
2026-04-29 08:34:37 | INFO     | 📁 Directorios de trabajo configurados
2026-04-29 08:34:37 | INFO     | 🚀 Ejecutando modo: SYNC_TRADES
2026-04-29 08:34:37 | INFO     | 
============================================================
2026-04-29 08:34:37 | INFO     | MODO: SYNC TRADES
2026-04-29 08:34:37 | INFO     | ============================================================

2026-04-29 08:34:37 | INFO     | 🔄 Sincronización completada. Trades cerrados registrados: 0
2026-04-29 08:34:37 | INFO     | ✅ MODO SYNC TRADES COMPLETADO

2026-04-29 08:35:37 | INFO     | ============================================================
2026-04-29 08:35:37 | INFO     | TRADING PIPELINE INICIADO
2026-04-29 08:35:37 | INFO     | ============================================================
2026-04-29 08:35:37 | INFO     | 📁 Directorios de trabajo configurados
2026-04-29 08:35:37 | INFO     | 🚀 Ejecutando modo: SYNC_TRADES
2026-04-29 08:35:37 | INFO     | 
============================================================
2026-04-29 08:35:37 | INFO     | MODO: SYNC TRADES
2026-04-29 08:35:37 | INFO     | ============================================================

2026-04-29 08:35:37 | INFO     | 🔄 Sincronización completada. Trades cerrados registrados: 0
2026-04-29 08:35:37 | INFO     | ✅ MODO SYNC TRADES COMPLETADO

2026-04-29 08:36:37 | INFO     | ============================================================
2026-04-29 08:36:37 | INFO     | TRADING PIPELINE INICIADO
2026-04-29 08:36:37 | INFO     | ============================================================
2026-04-29 08:36:37 | INFO     | 📁 Directorios de trabajo configurados
2026-04-29 08:36:37 | INFO     | 🚀 Ejecutando modo: SYNC_TRADES
2026-04-29 08:36:37 | INFO     | 
============================================================
2026-04-29 08:36:37 | INFO     | MODO: SYNC TRADES
2026-04-29 08:36:37 | INFO     | ============================================================

2026-04-29 08:36:37 | INFO     | 🔄 Sincronización completada. Trades cerrados registrados: 0
2026-04-29 08:36:37 | INFO     | ✅ MODO SYNC TRADES COMPLETADO

2026-04-29 08:37:38 | INFO     | ============================================================
2026-04-29 08:37:38 | INFO     | TRADING PIPELINE INICIADO
2026-04-29 08:37:38 | INFO     | ============================================================
2026-04-29 08:37:38 | INFO     | 📁 Directorios de trabajo configurados
2026-04-29 08:37:38 | INFO     | 🚀 Ejecutando modo: SYNC_TRADES
2026-04-29 08:37:38 | INFO     | 
============================================================
2026-04-29 08:37:38 | INFO     | MODO: SYNC TRADES
2026-04-29 08:37:38 | INFO     | ============================================================

2026-04-29 08:37:38 | INFO     | 🔄 Sincronización completada. Trades cerrados registrados: 0
2026-04-29 08:37:38 | INFO     | ✅ MODO SYNC TRADES COMPLETADO

2026-04-29 08:38:08 | INFO     | ============================================================
2026-04-29 08:38:08 | INFO     | TRADING PIPELINE INICIADO
2026-04-29 08:38:08 | INFO     | ============================================================
2026-04-29 08:38:08 | INFO     | 📁 Directorios de trabajo configurados
2026-04-29 08:38:08 | INFO     | 🚀 Ejecutando modo: PRODUCTION
2026-04-29 08:38:08 | INFO     | 
============================================================
2026-04-29 08:38:08 | INFO     | MODO: PRODUCCIÓN
2026-04-29 08:38:08 | INFO     | ============================================================

2026-04-29 08:38:08 | INFO     | 📥 Cargando datos para producción...
2026-04-29 08:38:08 | INFO     | PASO 1: CARGANDO DATOS
2026-04-29 08:38:08 | INFO     | ------------------------------------------------------------
2026-04-29 08:38:08 | INFO     |   -> Símbolo 'EURUSD' cargado desde config/config.yaml
2026-04-29 08:38:08 | INFO     |   -> Timeframe 'M5' cargado desde config/config.yaml
2026-04-29 08:38:08 | INFO     | ✓ Datos cargados: 3000 filas, 6 columnas.
2026-04-29 08:38:08 | INFO     | PASO 2: LIMPIANDO DATOS
2026-04-29 08:38:08 | INFO     | ------------------------------------------------------------
2026-04-29 08:38:08 | INFO     | ✓ Datos limpios: 3000 filas restantes.
2026-04-29 08:38:08 | INFO     | PASO 3: GENERANDO FEATURES
2026-04-29 08:38:08 | INFO     | ------------------------------------------------------------
2026-04-29 08:38:08 | INFO     |   -> Retornos agregados para períodos: [1, 5, 10]
2026-04-29 08:38:08 | INFO     |   -> Indicadores técnicos agregados.
2026-04-29 08:38:08 | INFO     |   -> Lags agregados para la columna: 'Close'
2026-04-29 08:38:08 | INFO     |   -> Lags agregados para la columna: 'Volume'
2026-04-29 08:38:08 | INFO     |   -> Conteos de valores NaN generados por las features:
2026-04-29 08:38:08 | INFO     | ✓ Features generadas. Total columnas: 37.
2026-04-29 08:38:08 | INFO     | 🏆 Modelo campeón global según backtest: PROPHET
2026-04-29 08:38:08 | INFO     | 🎯 Producción configurada para operar únicamente con el modelo campeón.
2026-04-29 08:38:08 | INFO     | 📦 Release activa de producción: 20260429_063853 (activada 2026-04-29T06:41:48)
2026-04-29 08:38:08 | INFO     | 🔎 Generando señales de producción para TODOS los modelos habilitados...

2026-04-29 08:38:08 | INFO     | ➡ Procesando modelo: PROPHET | params={'changepoint_prior_scale': 0.01, 'daily_seasonality': False, 'seasonality_mode': 'additive', 'seasonality_prior_scale': 1.0, 'use_lagged_regressors': True, 'weekly_seasonality': True, 'yearly_seasonality': False}
2026-04-29 08:38:08 | INFO     |   💾 Intentando cargar el modelo desde: C:\Users\USER\Documentos\Maestria\Mark-III\outputs\models\releases\20260429_063853\prophet_best.pkl
2026-04-29 08:38:08 | INFO     | [PROPHET] Cargando artefacto desde: C:\Users\USER\Documentos\Maestria\Mark-III\outputs\models\releases\20260429_063853\prophet_best.pkl
2026-04-29 08:38:08 | INFO     | [PROPHET] Tipo de artefacto: <class 'dict'>
2026-04-29 08:38:08 | INFO     | [PROPHET] Claves del artefacto: ['model_class', 'params', 'model', 'target_name', 'feature_names']
2026-04-29 08:38:08 | INFO     | [PROPHET] Modelo cargado desde: C:\Users\USER\Documentos\Maestria\Mark-III\outputs\models\releases\20260429_063853\prophet_best.pkl
2026-04-29 08:38:08 | INFO     | [PROPHET] Regresores restaurados: ['Open', 'High', 'Low', 'Close', 'TickVolume', 'Volume', 'Return_1', 'LogReturn_1', 'Return_5', 'ReturnFwd_5', 'LogReturn_5', 'Return_10', 'ReturnFwd_10', 'LogReturn_10', 'SMA_20', 'SMA_50', 'EMA_12', 'EMA_26', 'RSI_14', 'MACD', 'MACD_Signal', 'MACD_Hist', 'BB_Upper', 'BB_Lower', 'BB_Width', 'ATR_14', 'Close_lag1', 'Close_lag2', 'Close_lag3', 'Close_lag5', 'Close_lag10', 'Volume_lag1', 'Volume_lag2', 'Volume_lag3', 'Volume_lag5', 'Volume_lag10']
2026-04-29 08:38:08 | INFO     | [PROPHET] Predicción (yhat) para 2026-04-29 16:30:00: 0.000081
2026-04-29 08:38:08 | INFO     |   📈 Modelo PROPHET -> retorno=0.000081, pips=0.94, signal=HOLD, confidence=0.498, entry_plan=nan, SL_plan=nan, TP_plan=nan, entry_live=nan, SL_live=nan, TP_live=nan, lots=0.00, balance=5310.95, risk=0.00
2026-04-29 08:38:08 | INFO     | 
💾 Señales de producción guardadas en: outputs\production\production_signals.csv
2026-04-29 08:38:08 | INFO     | ✅ MODO PRODUCCIÓN COMPLETADO

2026-04-29 08:38:37 | INFO     | ============================================================
2026-04-29 08:38:37 | INFO     | TRADING PIPELINE INICIADO
2026-04-29 08:38:37 | INFO     | ============================================================
2026-04-29 08:38:37 | INFO     | 📁 Directorios de trabajo configurados
2026-04-29 08:38:37 | INFO     | 🚀 Ejecutando modo: SYNC_TRADES
2026-04-29 08:38:37 | INFO     | 
============================================================
2026-04-29 08:38:37 | INFO     | MODO: SYNC TRADES
2026-04-29 08:38:37 | INFO     | ============================================================

2026-04-29 08:38:38 | INFO     | 🔄 Sincronización completada. Trades cerrados registrados: 0
2026-04-29 08:38:38 | INFO     | ✅ MODO SYNC TRADES COMPLETADO

2026-04-29 08:39:37 | INFO     | ============================================================
2026-04-29 08:39:37 | INFO     | TRADING PIPELINE INICIADO
2026-04-29 08:39:37 | INFO     | ============================================================
2026-04-29 08:39:37 | INFO     | 📁 Directorios de trabajo configurados
2026-04-29 08:39:37 | INFO     | 🚀 Ejecutando modo: SYNC_TRADES
2026-04-29 08:39:37 | INFO     | 
============================================================
2026-04-29 08:39:37 | INFO     | MODO: SYNC TRADES
2026-04-29 08:39:37 | INFO     | ============================================================

2026-04-29 08:39:37 | INFO     | 🔄 Sincronización completada. Trades cerrados registrados: 0
2026-04-29 08:39:37 | INFO     | ✅ MODO SYNC TRADES COMPLETADO

2026-04-29 08:40:38 | INFO     | ============================================================
2026-04-29 08:40:38 | INFO     | TRADING PIPELINE INICIADO
2026-04-29 08:40:38 | INFO     | ============================================================
2026-04-29 08:40:38 | INFO     | 📁 Directorios de trabajo configurados
2026-04-29 08:40:38 | INFO     | 🚀 Ejecutando modo: SYNC_TRADES
2026-04-29 08:40:38 | INFO     | 
============================================================
2026-04-29 08:40:38 | INFO     | MODO: SYNC TRADES
2026-04-29 08:40:38 | INFO     | ============================================================

2026-04-29 08:40:38 | INFO     | 🔄 Sincronización completada. Trades cerrados registrados: 0
2026-04-29 08:40:38 | INFO     | ✅ MODO SYNC TRADES COMPLETADO

2026-04-29 08:41:37 | INFO     | ============================================================
2026-04-29 08:41:37 | INFO     | TRADING PIPELINE INICIADO
2026-04-29 08:41:37 | INFO     | ============================================================
2026-04-29 08:41:37 | INFO     | 📁 Directorios de trabajo configurados
2026-04-29 08:41:37 | INFO     | 🚀 Ejecutando modo: SYNC_TRADES
2026-04-29 08:41:37 | INFO     | 
============================================================
2026-04-29 08:41:37 | INFO     | MODO: SYNC TRADES
2026-04-29 08:41:37 | INFO     | ============================================================

2026-04-29 08:41:37 | INFO     | 🔄 Sincronización completada. Trades cerrados registrados: 0
2026-04-29 08:41:37 | INFO     | ✅ MODO SYNC TRADES COMPLETADO

2026-04-29 08:42:37 | INFO     | ============================================================
2026-04-29 08:42:37 | INFO     | TRADING PIPELINE INICIADO
2026-04-29 08:42:37 | INFO     | ============================================================
2026-04-29 08:42:37 | INFO     | 📁 Directorios de trabajo configurados
2026-04-29 08:42:37 | INFO     | 🚀 Ejecutando modo: SYNC_TRADES
2026-04-29 08:42:37 | INFO     | 
============================================================
2026-04-29 08:42:37 | INFO     | MODO: SYNC TRADES
2026-04-29 08:42:37 | INFO     | ============================================================

2026-04-29 08:42:37 | INFO     | 🔄 Sincronización completada. Trades cerrados registrados: 0
2026-04-29 08:42:37 | INFO     | ✅ MODO SYNC TRADES COMPLETADO

2026-04-29 08:43:07 | INFO     | ============================================================
2026-04-29 08:43:07 | INFO     | TRADING PIPELINE INICIADO
2026-04-29 08:43:07 | INFO     | ============================================================
2026-04-29 08:43:07 | INFO     | 📁 Directorios de trabajo configurados
2026-04-29 08:43:07 | INFO     | 🚀 Ejecutando modo: PRODUCTION
2026-04-29 08:43:07 | INFO     | 
============================================================
2026-04-29 08:43:07 | INFO     | MODO: PRODUCCIÓN
2026-04-29 08:43:07 | INFO     | ============================================================

2026-04-29 08:43:07 | INFO     | 📥 Cargando datos para producción...
2026-04-29 08:43:07 | INFO     | PASO 1: CARGANDO DATOS
2026-04-29 08:43:07 | INFO     | ------------------------------------------------------------
2026-04-29 08:43:07 | INFO     |   -> Símbolo 'EURUSD' cargado desde config/config.yaml
2026-04-29 08:43:07 | INFO     |   -> Timeframe 'M5' cargado desde config/config.yaml
2026-04-29 08:43:07 | INFO     | ✓ Datos cargados: 3000 filas, 6 columnas.
2026-04-29 08:43:07 | INFO     | PASO 2: LIMPIANDO DATOS
2026-04-29 08:43:07 | INFO     | ------------------------------------------------------------
2026-04-29 08:43:07 | INFO     | ✓ Datos limpios: 3000 filas restantes.
2026-04-29 08:43:07 | INFO     | PASO 3: GENERANDO FEATURES
2026-04-29 08:43:07 | INFO     | ------------------------------------------------------------
2026-04-29 08:43:07 | INFO     |   -> Retornos agregados para períodos: [1, 5, 10]
2026-04-29 08:43:07 | INFO     |   -> Indicadores técnicos agregados.
2026-04-29 08:43:07 | INFO     |   -> Lags agregados para la columna: 'Close'
2026-04-29 08:43:07 | INFO     |   -> Lags agregados para la columna: 'Volume'
2026-04-29 08:43:07 | INFO     |   -> Conteos de valores NaN generados por las features:
2026-04-29 08:43:07 | INFO     | ✓ Features generadas. Total columnas: 37.
2026-04-29 08:43:07 | INFO     | 🏆 Modelo campeón global según backtest: PROPHET
2026-04-29 08:43:07 | INFO     | 🎯 Producción configurada para operar únicamente con el modelo campeón.
2026-04-29 08:43:07 | INFO     | 📦 Release activa de producción: 20260429_063853 (activada 2026-04-29T06:41:48)
2026-04-29 08:43:07 | INFO     | 🔎 Generando señales de producción para TODOS los modelos habilitados...

2026-04-29 08:43:07 | INFO     | ➡ Procesando modelo: PROPHET | params={'changepoint_prior_scale': 0.01, 'daily_seasonality': False, 'seasonality_mode': 'additive', 'seasonality_prior_scale': 1.0, 'use_lagged_regressors': True, 'weekly_seasonality': True, 'yearly_seasonality': False}
2026-04-29 08:43:07 | INFO     |   💾 Intentando cargar el modelo desde: C:\Users\USER\Documentos\Maestria\Mark-III\outputs\models\releases\20260429_063853\prophet_best.pkl
2026-04-29 08:43:07 | INFO     | [PROPHET] Cargando artefacto desde: C:\Users\USER\Documentos\Maestria\Mark-III\outputs\models\releases\20260429_063853\prophet_best.pkl
2026-04-29 08:43:07 | INFO     | [PROPHET] Tipo de artefacto: <class 'dict'>
2026-04-29 08:43:07 | INFO     | [PROPHET] Claves del artefacto: ['model_class', 'params', 'model', 'target_name', 'feature_names']
2026-04-29 08:43:07 | INFO     | [PROPHET] Modelo cargado desde: C:\Users\USER\Documentos\Maestria\Mark-III\outputs\models\releases\20260429_063853\prophet_best.pkl
2026-04-29 08:43:07 | INFO     | [PROPHET] Regresores restaurados: ['Open', 'High', 'Low', 'Close', 'TickVolume', 'Volume', 'Return_1', 'LogReturn_1', 'Return_5', 'ReturnFwd_5', 'LogReturn_5', 'Return_10', 'ReturnFwd_10', 'LogReturn_10', 'SMA_20', 'SMA_50', 'EMA_12', 'EMA_26', 'RSI_14', 'MACD', 'MACD_Signal', 'MACD_Hist', 'BB_Upper', 'BB_Lower', 'BB_Width', 'ATR_14', 'Close_lag1', 'Close_lag2', 'Close_lag3', 'Close_lag5', 'Close_lag10', 'Volume_lag1', 'Volume_lag2', 'Volume_lag3', 'Volume_lag5', 'Volume_lag10']
2026-04-29 08:43:07 | INFO     | [PROPHET] Predicción (yhat) para 2026-04-29 16:35:00: 0.000276
2026-04-29 08:43:07 | INFO     |   📈 Modelo PROPHET -> retorno=0.000276, pips=3.22, signal=BUY, confidence=0.766, entry_plan=1.16849, SL_plan=1.16749, TP_plan=1.17049, entry_live=1.16895, SL_live=1.16795, TP_live=1.17095, lots=0.53, balance=5310.95, risk=53.11
2026-04-29 08:43:07 | INFO     | 
💾 Señales de producción guardadas en: outputs\production\production_signals.csv
2026-04-29 08:43:07 | INFO     | ✅ MODO PRODUCCIÓN COMPLETADO

2026-04-29 08:43:38 | INFO     | ============================================================
2026-04-29 08:43:38 | INFO     | TRADING PIPELINE INICIADO
2026-04-29 08:43:38 | INFO     | ============================================================
2026-04-29 08:43:38 | INFO     | 📁 Directorios de trabajo configurados
2026-04-29 08:43:38 | INFO     | 🚀 Ejecutando modo: SYNC_TRADES
2026-04-29 08:43:38 | INFO     | 
============================================================
2026-04-29 08:43:38 | INFO     | MODO: SYNC TRADES
2026-04-29 08:43:38 | INFO     | ============================================================

2026-04-29 08:43:38 | INFO     | 🔄 Sincronización completada. Trades cerrados registrados: 0
2026-04-29 08:43:38 | INFO     | ✅ MODO SYNC TRADES COMPLETADO

2026-04-29 08:44:37 | INFO     | ============================================================
2026-04-29 08:44:37 | INFO     | TRADING PIPELINE INICIADO
2026-04-29 08:44:37 | INFO     | ============================================================
2026-04-29 08:44:37 | INFO     | 📁 Directorios de trabajo configurados
2026-04-29 08:44:37 | INFO     | 🚀 Ejecutando modo: SYNC_TRADES
2026-04-29 08:44:37 | INFO     | 
============================================================
2026-04-29 08:44:37 | INFO     | MODO: SYNC TRADES
2026-04-29 08:44:37 | INFO     | ============================================================

2026-04-29 08:44:37 | INFO     | 🔄 Sincronización completada. Trades cerrados registrados: 0
2026-04-29 08:44:37 | INFO     | ✅ MODO SYNC TRADES COMPLETADO

2026-04-29 08:45:39 | INFO     | ============================================================
2026-04-29 08:45:39 | INFO     | TRADING PIPELINE INICIADO
2026-04-29 08:45:39 | INFO     | ============================================================
2026-04-29 08:45:39 | INFO     | 📁 Directorios de trabajo configurados
2026-04-29 08:45:39 | INFO     | 🚀 Ejecutando modo: SYNC_TRADES
2026-04-29 08:45:39 | INFO     | 
============================================================
2026-04-29 08:45:39 | INFO     | MODO: SYNC TRADES
2026-04-29 08:45:39 | INFO     | ============================================================

2026-04-29 08:45:39 | INFO     | 🔄 Sincronización completada. Trades cerrados registrados: 0
2026-04-29 08:45:39 | INFO     | ✅ MODO SYNC TRADES COMPLETADO

2026-04-29 08:46:37 | INFO     | ============================================================
2026-04-29 08:46:37 | INFO     | TRADING PIPELINE INICIADO
2026-04-29 08:46:37 | INFO     | ============================================================
2026-04-29 08:46:37 | INFO     | 📁 Directorios de trabajo configurados
2026-04-29 08:46:37 | INFO     | 🚀 Ejecutando modo: SYNC_TRADES
2026-04-29 08:46:37 | INFO     | 
============================================================
2026-04-29 08:46:37 | INFO     | MODO: SYNC TRADES
2026-04-29 08:46:37 | INFO     | ============================================================

2026-04-29 08:46:37 | INFO     | 🔄 Sincronización completada. Trades cerrados registrados: 0
2026-04-29 08:46:37 | INFO     | ✅ MODO SYNC TRADES COMPLETADO

2026-04-29 08:47:37 | INFO     | ============================================================
2026-04-29 08:47:37 | INFO     | TRADING PIPELINE INICIADO
2026-04-29 08:47:37 | INFO     | ============================================================
2026-04-29 08:47:37 | INFO     | 📁 Directorios de trabajo configurados
2026-04-29 08:47:37 | INFO     | 🚀 Ejecutando modo: SYNC_TRADES
2026-04-29 08:47:37 | INFO     | 
============================================================
2026-04-29 08:47:37 | INFO     | MODO: SYNC TRADES
2026-04-29 08:47:37 | INFO     | ============================================================

2026-04-29 08:47:37 | INFO     | 🔄 Sincronización completada. Trades cerrados registrados: 0
2026-04-29 08:47:37 | INFO     | ✅ MODO SYNC TRADES COMPLETADO

2026-04-29 08:48:07 | INFO     | ============================================================
2026-04-29 08:48:07 | INFO     | TRADING PIPELINE INICIADO
2026-04-29 08:48:07 | INFO     | ============================================================
2026-04-29 08:48:07 | INFO     | 📁 Directorios de trabajo configurados
2026-04-29 08:48:07 | INFO     | 🚀 Ejecutando modo: PRODUCTION
2026-04-29 08:48:07 | INFO     | 
============================================================
2026-04-29 08:48:07 | INFO     | MODO: PRODUCCIÓN
2026-04-29 08:48:07 | INFO     | ============================================================

2026-04-29 08:48:07 | INFO     | 📥 Cargando datos para producción...
2026-04-29 08:48:07 | INFO     | PASO 1: CARGANDO DATOS
2026-04-29 08:48:07 | INFO     | ------------------------------------------------------------
2026-04-29 08:48:07 | INFO     |   -> Símbolo 'EURUSD' cargado desde config/config.yaml
2026-04-29 08:48:07 | INFO     |   -> Timeframe 'M5' cargado desde config/config.yaml
2026-04-29 08:48:07 | INFO     | ✓ Datos cargados: 3000 filas, 6 columnas.
2026-04-29 08:48:07 | INFO     | PASO 2: LIMPIANDO DATOS
2026-04-29 08:48:07 | INFO     | ------------------------------------------------------------
2026-04-29 08:48:07 | INFO     | ✓ Datos limpios: 3000 filas restantes.
2026-04-29 08:48:07 | INFO     | PASO 3: GENERANDO FEATURES
2026-04-29 08:48:07 | INFO     | ------------------------------------------------------------
2026-04-29 08:48:07 | INFO     |   -> Retornos agregados para períodos: [1, 5, 10]
2026-04-29 08:48:07 | INFO     |   -> Indicadores técnicos agregados.
2026-04-29 08:48:07 | INFO     |   -> Lags agregados para la columna: 'Close'
2026-04-29 08:48:07 | INFO     |   -> Lags agregados para la columna: 'Volume'
2026-04-29 08:48:07 | INFO     |   -> Conteos de valores NaN generados por las features:
2026-04-29 08:48:07 | INFO     | ✓ Features generadas. Total columnas: 37.
2026-04-29 08:48:07 | INFO     | 🏆 Modelo campeón global según backtest: PROPHET
2026-04-29 08:48:07 | INFO     | 🎯 Producción configurada para operar únicamente con el modelo campeón.
2026-04-29 08:48:07 | INFO     | 📦 Release activa de producción: 20260429_063853 (activada 2026-04-29T06:41:48)
2026-04-29 08:48:07 | INFO     | 🔎 Generando señales de producción para TODOS los modelos habilitados...

2026-04-29 08:48:07 | INFO     | ➡ Procesando modelo: PROPHET | params={'changepoint_prior_scale': 0.01, 'daily_seasonality': False, 'seasonality_mode': 'additive', 'seasonality_prior_scale': 1.0, 'use_lagged_regressors': True, 'weekly_seasonality': True, 'yearly_seasonality': False}
2026-04-29 08:48:07 | INFO     |   💾 Intentando cargar el modelo desde: C:\Users\USER\Documentos\Maestria\Mark-III\outputs\models\releases\20260429_063853\prophet_best.pkl
2026-04-29 08:48:07 | INFO     | [PROPHET] Cargando artefacto desde: C:\Users\USER\Documentos\Maestria\Mark-III\outputs\models\releases\20260429_063853\prophet_best.pkl
2026-04-29 08:48:07 | INFO     | [PROPHET] Tipo de artefacto: <class 'dict'>
2026-04-29 08:48:07 | INFO     | [PROPHET] Claves del artefacto: ['model_class', 'params', 'model', 'target_name', 'feature_names']
2026-04-29 08:48:07 | INFO     | [PROPHET] Modelo cargado desde: C:\Users\USER\Documentos\Maestria\Mark-III\outputs\models\releases\20260429_063853\prophet_best.pkl
2026-04-29 08:48:07 | INFO     | [PROPHET] Regresores restaurados: ['Open', 'High', 'Low', 'Close', 'TickVolume', 'Volume', 'Return_1', 'LogReturn_1', 'Return_5', 'ReturnFwd_5', 'LogReturn_5', 'Return_10', 'ReturnFwd_10', 'LogReturn_10', 'SMA_20', 'SMA_50', 'EMA_12', 'EMA_26', 'RSI_14', 'MACD', 'MACD_Signal', 'MACD_Hist', 'BB_Upper', 'BB_Lower', 'BB_Width', 'ATR_14', 'Close_lag1', 'Close_lag2', 'Close_lag3', 'Close_lag5', 'Close_lag10', 'Volume_lag1', 'Volume_lag2', 'Volume_lag3', 'Volume_lag5', 'Volume_lag10']
2026-04-29 08:48:07 | INFO     | [PROPHET] Predicción (yhat) para 2026-04-29 16:40:00: -0.000024
2026-04-29 08:48:07 | INFO     |   📈 Modelo PROPHET -> retorno=-0.000024, pips=-0.28, signal=HOLD, confidence=0.420, entry_plan=nan, SL_plan=nan, TP_plan=nan, entry_live=nan, SL_live=nan, TP_live=nan, lots=0.00, balance=5310.95, risk=0.00
2026-04-29 08:48:07 | INFO     | 
💾 Señales de producción guardadas en: outputs\production\production_signals.csv
2026-04-29 08:48:07 | INFO     | ✅ MODO PRODUCCIÓN COMPLETADO

2026-04-29 08:48:37 | INFO     | ============================================================
2026-04-29 08:48:37 | INFO     | TRADING PIPELINE INICIADO
2026-04-29 08:48:37 | INFO     | ============================================================
2026-04-29 08:48:37 | INFO     | 📁 Directorios de trabajo configurados
2026-04-29 08:48:37 | INFO     | 🚀 Ejecutando modo: SYNC_TRADES
2026-04-29 08:48:37 | INFO     | 
============================================================
2026-04-29 08:48:37 | INFO     | MODO: SYNC TRADES
2026-04-29 08:48:37 | INFO     | ============================================================

2026-04-29 08:48:37 | INFO     | 🔄 Sincronización completada. Trades cerrados registrados: 0
2026-04-29 08:48:37 | INFO     | ✅ MODO SYNC TRADES COMPLETADO

2026-04-29 08:49:37 | INFO     | ============================================================
2026-04-29 08:49:37 | INFO     | TRADING PIPELINE INICIADO
2026-04-29 08:49:37 | INFO     | ============================================================
2026-04-29 08:49:37 | INFO     | 📁 Directorios de trabajo configurados
2026-04-29 08:49:37 | INFO     | 🚀 Ejecutando modo: SYNC_TRADES
2026-04-29 08:49:37 | INFO     | 
============================================================
2026-04-29 08:49:37 | INFO     | MODO: SYNC TRADES
2026-04-29 08:49:37 | INFO     | ============================================================

2026-04-29 08:49:37 | INFO     | 🔄 Sincronización completada. Trades cerrados registrados: 0
2026-04-29 08:49:37 | INFO     | ✅ MODO SYNC TRADES COMPLETADO

2026-04-29 08:50:38 | INFO     | ============================================================
2026-04-29 08:50:38 | INFO     | TRADING PIPELINE INICIADO
2026-04-29 08:50:38 | INFO     | ============================================================
2026-04-29 08:50:38 | INFO     | 📁 Directorios de trabajo configurados
2026-04-29 08:50:38 | INFO     | 🚀 Ejecutando modo: SYNC_TRADES
2026-04-29 08:50:38 | INFO     | 
============================================================
2026-04-29 08:50:38 | INFO     | MODO: SYNC TRADES
2026-04-29 08:50:38 | INFO     | ============================================================

2026-04-29 08:50:38 | INFO     | 🔄 Sincronización completada. Trades cerrados registrados: 0
2026-04-29 08:50:38 | INFO     | ✅ MODO SYNC TRADES COMPLETADO

2026-04-29 08:51:37 | INFO     | ============================================================
2026-04-29 08:51:37 | INFO     | TRADING PIPELINE INICIADO
2026-04-29 08:51:37 | INFO     | ============================================================
2026-04-29 08:51:37 | INFO     | 📁 Directorios de trabajo configurados
2026-04-29 08:51:37 | INFO     | 🚀 Ejecutando modo: SYNC_TRADES
2026-04-29 08:51:37 | INFO     | 
============================================================
2026-04-29 08:51:37 | INFO     | MODO: SYNC TRADES
2026-04-29 08:51:37 | INFO     | ============================================================

2026-04-29 08:51:37 | INFO     | 🔄 Sincronización completada. Trades cerrados registrados: 0
2026-04-29 08:51:37 | INFO     | ✅ MODO SYNC TRADES COMPLETADO

2026-04-29 08:52:37 | INFO     | ============================================================
2026-04-29 08:52:37 | INFO     | TRADING PIPELINE INICIADO
2026-04-29 08:52:37 | INFO     | ============================================================
2026-04-29 08:52:37 | INFO     | 📁 Directorios de trabajo configurados
2026-04-29 08:52:37 | INFO     | 🚀 Ejecutando modo: SYNC_TRADES
2026-04-29 08:52:37 | INFO     | 
============================================================
2026-04-29 08:52:37 | INFO     | MODO: SYNC TRADES
2026-04-29 08:52:37 | INFO     | ============================================================

2026-04-29 08:52:37 | INFO     | 🔄 Sincronización completada. Trades cerrados registrados: 0
2026-04-29 08:52:37 | INFO     | ✅ MODO SYNC TRADES COMPLETADO

2026-04-29 08:53:07 | INFO     | ============================================================
2026-04-29 08:53:07 | INFO     | TRADING PIPELINE INICIADO
2026-04-29 08:53:07 | INFO     | ============================================================
2026-04-29 08:53:07 | INFO     | 📁 Directorios de trabajo configurados
2026-04-29 08:53:07 | INFO     | 🚀 Ejecutando modo: PRODUCTION
2026-04-29 08:53:07 | INFO     | 
============================================================
2026-04-29 08:53:07 | INFO     | MODO: PRODUCCIÓN
2026-04-29 08:53:07 | INFO     | ============================================================

2026-04-29 08:53:07 | INFO     | 📥 Cargando datos para producción...
2026-04-29 08:53:07 | INFO     | PASO 1: CARGANDO DATOS
2026-04-29 08:53:07 | INFO     | ------------------------------------------------------------
2026-04-29 08:53:07 | INFO     |   -> Símbolo 'EURUSD' cargado desde config/config.yaml
2026-04-29 08:53:07 | INFO     |   -> Timeframe 'M5' cargado desde config/config.yaml
2026-04-29 08:53:07 | INFO     | ✓ Datos cargados: 3000 filas, 6 columnas.
2026-04-29 08:53:07 | INFO     | PASO 2: LIMPIANDO DATOS
2026-04-29 08:53:07 | INFO     | ------------------------------------------------------------
2026-04-29 08:53:07 | INFO     | ✓ Datos limpios: 3000 filas restantes.
2026-04-29 08:53:07 | INFO     | PASO 3: GENERANDO FEATURES
2026-04-29 08:53:07 | INFO     | ------------------------------------------------------------
2026-04-29 08:53:07 | INFO     |   -> Retornos agregados para períodos: [1, 5, 10]
2026-04-29 08:53:07 | INFO     |   -> Indicadores técnicos agregados.
2026-04-29 08:53:07 | INFO     |   -> Lags agregados para la columna: 'Close'
2026-04-29 08:53:07 | INFO     |   -> Lags agregados para la columna: 'Volume'
2026-04-29 08:53:07 | INFO     |   -> Conteos de valores NaN generados por las features:
2026-04-29 08:53:07 | INFO     | ✓ Features generadas. Total columnas: 37.
2026-04-29 08:53:07 | INFO     | 🏆 Modelo campeón global según backtest: PROPHET
2026-04-29 08:53:07 | INFO     | 🎯 Producción configurada para operar únicamente con el modelo campeón.
2026-04-29 08:53:07 | INFO     | 📦 Release activa de producción: 20260429_063853 (activada 2026-04-29T06:41:48)
2026-04-29 08:53:07 | INFO     | 🔎 Generando señales de producción para TODOS los modelos habilitados...

2026-04-29 08:53:07 | INFO     | ➡ Procesando modelo: PROPHET | params={'changepoint_prior_scale': 0.01, 'daily_seasonality': False, 'seasonality_mode': 'additive', 'seasonality_prior_scale': 1.0, 'use_lagged_regressors': True, 'weekly_seasonality': True, 'yearly_seasonality': False}
2026-04-29 08:53:07 | INFO     |   💾 Intentando cargar el modelo desde: C:\Users\USER\Documentos\Maestria\Mark-III\outputs\models\releases\20260429_063853\prophet_best.pkl
2026-04-29 08:53:07 | INFO     | [PROPHET] Cargando artefacto desde: C:\Users\USER\Documentos\Maestria\Mark-III\outputs\models\releases\20260429_063853\prophet_best.pkl
2026-04-29 08:53:07 | INFO     | [PROPHET] Tipo de artefacto: <class 'dict'>
2026-04-29 08:53:07 | INFO     | [PROPHET] Claves del artefacto: ['model_class', 'params', 'model', 'target_name', 'feature_names']
2026-04-29 08:53:07 | INFO     | [PROPHET] Modelo cargado desde: C:\Users\USER\Documentos\Maestria\Mark-III\outputs\models\releases\20260429_063853\prophet_best.pkl
2026-04-29 08:53:07 | INFO     | [PROPHET] Regresores restaurados: ['Open', 'High', 'Low', 'Close', 'TickVolume', 'Volume', 'Return_1', 'LogReturn_1', 'Return_5', 'ReturnFwd_5', 'LogReturn_5', 'Return_10', 'ReturnFwd_10', 'LogReturn_10', 'SMA_20', 'SMA_50', 'EMA_12', 'EMA_26', 'RSI_14', 'MACD', 'MACD_Signal', 'MACD_Hist', 'BB_Upper', 'BB_Lower', 'BB_Width', 'ATR_14', 'Close_lag1', 'Close_lag2', 'Close_lag3', 'Close_lag5', 'Close_lag10', 'Volume_lag1', 'Volume_lag2', 'Volume_lag3', 'Volume_lag5', 'Volume_lag10']
2026-04-29 08:53:07 | INFO     | [PROPHET] Predicción (yhat) para 2026-04-29 16:45:00: -0.000168
2026-04-29 08:53:07 | INFO     |   📈 Modelo PROPHET -> retorno=-0.000168, pips=-1.96, signal=HOLD, confidence=0.618, entry_plan=nan, SL_plan=nan, TP_plan=nan, entry_live=nan, SL_live=nan, TP_live=nan, lots=0.00, balance=5310.95, risk=0.00
2026-04-29 08:53:07 | INFO     | 
💾 Señales de producción guardadas en: outputs\production\production_signals.csv
2026-04-29 08:53:07 | INFO     | ✅ MODO PRODUCCIÓN COMPLETADO

2026-04-29 08:53:37 | INFO     | ============================================================
2026-04-29 08:53:37 | INFO     | TRADING PIPELINE INICIADO
2026-04-29 08:53:37 | INFO     | ============================================================
2026-04-29 08:53:37 | INFO     | 📁 Directorios de trabajo configurados
2026-04-29 08:53:37 | INFO     | 🚀 Ejecutando modo: SYNC_TRADES
2026-04-29 08:53:37 | INFO     | 
============================================================
2026-04-29 08:53:37 | INFO     | MODO: SYNC TRADES
2026-04-29 08:53:37 | INFO     | ============================================================

2026-04-29 08:53:37 | INFO     | 🔄 Sincronización completada. Trades cerrados registrados: 0
2026-04-29 08:53:37 | INFO     | ✅ MODO SYNC TRADES COMPLETADO

2026-04-29 08:54:37 | INFO     | ============================================================
2026-04-29 08:54:37 | INFO     | TRADING PIPELINE INICIADO
2026-04-29 08:54:37 | INFO     | ============================================================
2026-04-29 08:54:37 | INFO     | 📁 Directorios de trabajo configurados
2026-04-29 08:54:37 | INFO     | 🚀 Ejecutando modo: SYNC_TRADES
2026-04-29 08:54:37 | INFO     | 
============================================================
2026-04-29 08:54:37 | INFO     | MODO: SYNC TRADES
2026-04-29 08:54:37 | INFO     | ============================================================

2026-04-29 08:54:37 | INFO     | 🔄 Sincronización completada. Trades cerrados registrados: 0
2026-04-29 08:54:37 | INFO     | ✅ MODO SYNC TRADES COMPLETADO

2026-04-29 08:55:37 | INFO     | ============================================================
2026-04-29 08:55:37 | INFO     | TRADING PIPELINE INICIADO
2026-04-29 08:55:37 | INFO     | ============================================================
2026-04-29 08:55:37 | INFO     | 📁 Directorios de trabajo configurados
2026-04-29 08:55:37 | INFO     | 🚀 Ejecutando modo: SYNC_TRADES
2026-04-29 08:55:37 | INFO     | 
============================================================
2026-04-29 08:55:37 | INFO     | MODO: SYNC TRADES
2026-04-29 08:55:37 | INFO     | ============================================================

2026-04-29 08:55:37 | INFO     | 🔄 Sincronización completada. Trades cerrados registrados: 0
2026-04-29 08:55:37 | INFO     | ✅ MODO SYNC TRADES COMPLETADO

2026-04-29 08:56:37 | INFO     | ============================================================
2026-04-29 08:56:37 | INFO     | TRADING PIPELINE INICIADO
2026-04-29 08:56:37 | INFO     | ============================================================
2026-04-29 08:56:37 | INFO     | 📁 Directorios de trabajo configurados
2026-04-29 08:56:37 | INFO     | 🚀 Ejecutando modo: SYNC_TRADES
2026-04-29 08:56:37 | INFO     | 
============================================================
2026-04-29 08:56:37 | INFO     | MODO: SYNC TRADES
2026-04-29 08:56:37 | INFO     | ============================================================

2026-04-29 08:56:37 | INFO     | 🔄 Sincronización completada. Trades cerrados registrados: 0
2026-04-29 08:56:37 | INFO     | ✅ MODO SYNC TRADES COMPLETADO

2026-04-29 08:57:37 | INFO     | ============================================================
2026-04-29 08:57:37 | INFO     | TRADING PIPELINE INICIADO
2026-04-29 08:57:37 | INFO     | ============================================================
2026-04-29 08:57:37 | INFO     | 📁 Directorios de trabajo configurados
2026-04-29 08:57:37 | INFO     | 🚀 Ejecutando modo: SYNC_TRADES
2026-04-29 08:57:37 | INFO     | 
============================================================
2026-04-29 08:57:37 | INFO     | MODO: SYNC TRADES
2026-04-29 08:57:37 | INFO     | ============================================================

2026-04-29 08:57:37 | INFO     | 🔄 Sincronización completada. Trades cerrados registrados: 0
2026-04-29 08:57:37 | INFO     | ✅ MODO SYNC TRADES COMPLETADO

2026-04-29 08:58:07 | INFO     | ============================================================
2026-04-29 08:58:07 | INFO     | TRADING PIPELINE INICIADO
2026-04-29 08:58:07 | INFO     | ============================================================
2026-04-29 08:58:07 | INFO     | 📁 Directorios de trabajo configurados
2026-04-29 08:58:07 | INFO     | 🚀 Ejecutando modo: PRODUCTION
2026-04-29 08:58:07 | INFO     | 
============================================================
2026-04-29 08:58:07 | INFO     | MODO: PRODUCCIÓN
2026-04-29 08:58:07 | INFO     | ============================================================

2026-04-29 08:58:07 | INFO     | 📥 Cargando datos para producción...
2026-04-29 08:58:07 | INFO     | PASO 1: CARGANDO DATOS
2026-04-29 08:58:07 | INFO     | ------------------------------------------------------------
2026-04-29 08:58:07 | INFO     |   -> Símbolo 'EURUSD' cargado desde config/config.yaml
2026-04-29 08:58:07 | INFO     |   -> Timeframe 'M5' cargado desde config/config.yaml
2026-04-29 08:58:07 | INFO     | ✓ Datos cargados: 3000 filas, 6 columnas.
2026-04-29 08:58:07 | INFO     | PASO 2: LIMPIANDO DATOS
2026-04-29 08:58:07 | INFO     | ------------------------------------------------------------
2026-04-29 08:58:07 | INFO     | ✓ Datos limpios: 3000 filas restantes.
2026-04-29 08:58:07 | INFO     | PASO 3: GENERANDO FEATURES
2026-04-29 08:58:07 | INFO     | ------------------------------------------------------------
2026-04-29 08:58:07 | INFO     |   -> Retornos agregados para períodos: [1, 5, 10]
2026-04-29 08:58:07 | INFO     |   -> Indicadores técnicos agregados.
2026-04-29 08:58:07 | INFO     |   -> Lags agregados para la columna: 'Close'
2026-04-29 08:58:07 | INFO     |   -> Lags agregados para la columna: 'Volume'
2026-04-29 08:58:07 | INFO     |   -> Conteos de valores NaN generados por las features:
2026-04-29 08:58:07 | INFO     | ✓ Features generadas. Total columnas: 37.
2026-04-29 08:58:07 | INFO     | 🏆 Modelo campeón global según backtest: PROPHET
2026-04-29 08:58:07 | INFO     | 🎯 Producción configurada para operar únicamente con el modelo campeón.
2026-04-29 08:58:07 | INFO     | 📦 Release activa de producción: 20260429_063853 (activada 2026-04-29T06:41:48)
2026-04-29 08:58:07 | INFO     | 🔎 Generando señales de producción para TODOS los modelos habilitados...

2026-04-29 08:58:07 | INFO     | ➡ Procesando modelo: PROPHET | params={'changepoint_prior_scale': 0.01, 'daily_seasonality': False, 'seasonality_mode': 'additive', 'seasonality_prior_scale': 1.0, 'use_lagged_regressors': True, 'weekly_seasonality': True, 'yearly_seasonality': False}
2026-04-29 08:58:07 | INFO     |   💾 Intentando cargar el modelo desde: C:\Users\USER\Documentos\Maestria\Mark-III\outputs\models\releases\20260429_063853\prophet_best.pkl
2026-04-29 08:58:07 | INFO     | [PROPHET] Cargando artefacto desde: C:\Users\USER\Documentos\Maestria\Mark-III\outputs\models\releases\20260429_063853\prophet_best.pkl
2026-04-29 08:58:07 | INFO     | [PROPHET] Tipo de artefacto: <class 'dict'>
2026-04-29 08:58:07 | INFO     | [PROPHET] Claves del artefacto: ['model_class', 'params', 'model', 'target_name', 'feature_names']
2026-04-29 08:58:07 | INFO     | [PROPHET] Modelo cargado desde: C:\Users\USER\Documentos\Maestria\Mark-III\outputs\models\releases\20260429_063853\prophet_best.pkl
2026-04-29 08:58:07 | INFO     | [PROPHET] Regresores restaurados: ['Open', 'High', 'Low', 'Close', 'TickVolume', 'Volume', 'Return_1', 'LogReturn_1', 'Return_5', 'ReturnFwd_5', 'LogReturn_5', 'Return_10', 'ReturnFwd_10', 'LogReturn_10', 'SMA_20', 'SMA_50', 'EMA_12', 'EMA_26', 'RSI_14', 'MACD', 'MACD_Signal', 'MACD_Hist', 'BB_Upper', 'BB_Lower', 'BB_Width', 'ATR_14', 'Close_lag1', 'Close_lag2', 'Close_lag3', 'Close_lag5', 'Close_lag10', 'Volume_lag1', 'Volume_lag2', 'Volume_lag3', 'Volume_lag5', 'Volume_lag10']
2026-04-29 08:58:07 | INFO     | [PROPHET] Predicción (yhat) para 2026-04-29 16:50:00: -0.000028
2026-04-29 08:58:07 | INFO     |   📈 Modelo PROPHET -> retorno=-0.000028, pips=-0.33, signal=HOLD, confidence=0.425, entry_plan=nan, SL_plan=nan, TP_plan=nan, entry_live=nan, SL_live=nan, TP_live=nan, lots=0.00, balance=5310.95, risk=0.00
2026-04-29 08:58:07 | INFO     | 
💾 Señales de producción guardadas en: outputs\production\production_signals.csv
2026-04-29 08:58:07 | INFO     | ✅ MODO PRODUCCIÓN COMPLETADO

2026-04-29 08:58:37 | INFO     | ============================================================
2026-04-29 08:58:37 | INFO     | TRADING PIPELINE INICIADO
2026-04-29 08:58:37 | INFO     | ============================================================
2026-04-29 08:58:37 | INFO     | 📁 Directorios de trabajo configurados
2026-04-29 08:58:37 | INFO     | 🚀 Ejecutando modo: SYNC_TRADES
2026-04-29 08:58:37 | INFO     | 
============================================================
2026-04-29 08:58:37 | INFO     | MODO: SYNC TRADES
2026-04-29 08:58:37 | INFO     | ============================================================

2026-04-29 08:58:37 | INFO     | 🔄 Sincronización completada. Trades cerrados registrados: 0
2026-04-29 08:58:37 | INFO     | ✅ MODO SYNC TRADES COMPLETADO

2026-04-29 08:59:50 | INFO     | ============================================================
2026-04-29 08:59:50 | INFO     | TRADING PIPELINE INICIADO
2026-04-29 08:59:50 | INFO     | ============================================================
2026-04-29 08:59:50 | INFO     | 📁 Directorios de trabajo configurados
2026-04-29 08:59:50 | INFO     | 🚀 Ejecutando modo: SYNC_TRADES
2026-04-29 08:59:50 | INFO     | 
============================================================
2026-04-29 08:59:50 | INFO     | MODO: SYNC TRADES
2026-04-29 08:59:50 | INFO     | ============================================================

2026-04-29 08:59:50 | INFO     | 🔄 Sincronización completada. Trades cerrados registrados: 0
2026-04-29 08:59:50 | INFO     | ✅ MODO SYNC TRADES COMPLETADO

2026-04-29 09:00:37 | INFO     | ============================================================
2026-04-29 09:00:37 | INFO     | TRADING PIPELINE INICIADO
2026-04-29 09:00:37 | INFO     | ============================================================
2026-04-29 09:00:37 | INFO     | 📁 Directorios de trabajo configurados
2026-04-29 09:00:37 | INFO     | 🚀 Ejecutando modo: SYNC_TRADES
2026-04-29 09:00:37 | INFO     | 
============================================================
2026-04-29 09:00:37 | INFO     | MODO: SYNC TRADES
2026-04-29 09:00:37 | INFO     | ============================================================

2026-04-29 09:00:37 | INFO     | 🔄 Sincronización completada. Trades cerrados registrados: 0
2026-04-29 09:00:37 | INFO     | ✅ MODO SYNC TRADES COMPLETADO

2026-04-29 09:01:37 | INFO     | ============================================================
2026-04-29 09:01:37 | INFO     | TRADING PIPELINE INICIADO
2026-04-29 09:01:37 | INFO     | ============================================================
2026-04-29 09:01:37 | INFO     | 📁 Directorios de trabajo configurados
2026-04-29 09:01:37 | INFO     | 🚀 Ejecutando modo: SYNC_TRADES
2026-04-29 09:01:37 | INFO     | 
============================================================
2026-04-29 09:01:37 | INFO     | MODO: SYNC TRADES
2026-04-29 09:01:37 | INFO     | ============================================================

2026-04-29 09:01:37 | INFO     | 🔄 Sincronización completada. Trades cerrados registrados: 0
2026-04-29 09:01:37 | INFO     | ✅ MODO SYNC TRADES COMPLETADO

2026-04-29 09:02:37 | INFO     | ============================================================
2026-04-29 09:02:37 | INFO     | TRADING PIPELINE INICIADO
2026-04-29 09:02:37 | INFO     | ============================================================
2026-04-29 09:02:37 | INFO     | 📁 Directorios de trabajo configurados
2026-04-29 09:02:37 | INFO     | 🚀 Ejecutando modo: SYNC_TRADES
2026-04-29 09:02:37 | INFO     | 
============================================================
2026-04-29 09:02:37 | INFO     | MODO: SYNC TRADES
2026-04-29 09:02:37 | INFO     | ============================================================

2026-04-29 09:02:37 | INFO     | 🔄 Sincronización completada. Trades cerrados registrados: 0
2026-04-29 09:02:37 | INFO     | ✅ MODO SYNC TRADES COMPLETADO

2026-04-29 09:03:07 | INFO     | ============================================================
2026-04-29 09:03:07 | INFO     | TRADING PIPELINE INICIADO
2026-04-29 09:03:07 | INFO     | ============================================================
2026-04-29 09:03:07 | INFO     | 📁 Directorios de trabajo configurados
2026-04-29 09:03:07 | INFO     | 🚀 Ejecutando modo: PRODUCTION
2026-04-29 09:03:07 | INFO     | 
============================================================
2026-04-29 09:03:07 | INFO     | MODO: PRODUCCIÓN
2026-04-29 09:03:07 | INFO     | ============================================================

2026-04-29 09:03:07 | INFO     | 📥 Cargando datos para producción...
2026-04-29 09:03:07 | INFO     | PASO 1: CARGANDO DATOS
2026-04-29 09:03:07 | INFO     | ------------------------------------------------------------
2026-04-29 09:03:07 | INFO     |   -> Símbolo 'EURUSD' cargado desde config/config.yaml
2026-04-29 09:03:07 | INFO     |   -> Timeframe 'M5' cargado desde config/config.yaml
2026-04-29 09:03:07 | INFO     | ✓ Datos cargados: 3000 filas, 6 columnas.
2026-04-29 09:03:07 | INFO     | PASO 2: LIMPIANDO DATOS
2026-04-29 09:03:07 | INFO     | ------------------------------------------------------------
2026-04-29 09:03:07 | INFO     | ✓ Datos limpios: 3000 filas restantes.
2026-04-29 09:03:07 | INFO     | PASO 3: GENERANDO FEATURES
2026-04-29 09:03:07 | INFO     | ------------------------------------------------------------
2026-04-29 09:03:07 | INFO     |   -> Retornos agregados para períodos: [1, 5, 10]
2026-04-29 09:03:07 | INFO     |   -> Indicadores técnicos agregados.
2026-04-29 09:03:07 | INFO     |   -> Lags agregados para la columna: 'Close'
2026-04-29 09:03:07 | INFO     |   -> Lags agregados para la columna: 'Volume'
2026-04-29 09:03:07 | INFO     |   -> Conteos de valores NaN generados por las features:
2026-04-29 09:03:07 | INFO     | ✓ Features generadas. Total columnas: 37.
2026-04-29 09:03:07 | INFO     | 🏆 Modelo campeón global según backtest: PROPHET
2026-04-29 09:03:07 | INFO     | 🎯 Producción configurada para operar únicamente con el modelo campeón.
2026-04-29 09:03:07 | INFO     | 📦 Release activa de producción: 20260429_063853 (activada 2026-04-29T06:41:48)
2026-04-29 09:03:07 | INFO     | 🔎 Generando señales de producción para TODOS los modelos habilitados...

2026-04-29 09:03:07 | INFO     | ➡ Procesando modelo: PROPHET | params={'changepoint_prior_scale': 0.01, 'daily_seasonality': False, 'seasonality_mode': 'additive', 'seasonality_prior_scale': 1.0, 'use_lagged_regressors': True, 'weekly_seasonality': True, 'yearly_seasonality': False}
2026-04-29 09:03:07 | INFO     |   💾 Intentando cargar el modelo desde: C:\Users\USER\Documentos\Maestria\Mark-III\outputs\models\releases\20260429_063853\prophet_best.pkl
2026-04-29 09:03:07 | INFO     | [PROPHET] Cargando artefacto desde: C:\Users\USER\Documentos\Maestria\Mark-III\outputs\models\releases\20260429_063853\prophet_best.pkl
2026-04-29 09:03:07 | INFO     | [PROPHET] Tipo de artefacto: <class 'dict'>
2026-04-29 09:03:07 | INFO     | [PROPHET] Claves del artefacto: ['model_class', 'params', 'model', 'target_name', 'feature_names']
2026-04-29 09:03:07 | INFO     | [PROPHET] Modelo cargado desde: C:\Users\USER\Documentos\Maestria\Mark-III\outputs\models\releases\20260429_063853\prophet_best.pkl
2026-04-29 09:03:07 | INFO     | [PROPHET] Regresores restaurados: ['Open', 'High', 'Low', 'Close', 'TickVolume', 'Volume', 'Return_1', 'LogReturn_1', 'Return_5', 'ReturnFwd_5', 'LogReturn_5', 'Return_10', 'ReturnFwd_10', 'LogReturn_10', 'SMA_20', 'SMA_50', 'EMA_12', 'EMA_26', 'RSI_14', 'MACD', 'MACD_Signal', 'MACD_Hist', 'BB_Upper', 'BB_Lower', 'BB_Width', 'ATR_14', 'Close_lag1', 'Close_lag2', 'Close_lag3', 'Close_lag5', 'Close_lag10', 'Volume_lag1', 'Volume_lag2', 'Volume_lag3', 'Volume_lag5', 'Volume_lag10']
2026-04-29 09:03:07 | INFO     | [PROPHET] Predicción (yhat) para 2026-04-29 16:55:00: -0.000270
2026-04-29 09:03:07 | INFO     |   📈 Modelo PROPHET -> retorno=-0.000270, pips=-3.16, signal=SELL, confidence=0.758, entry_plan=1.16906, SL_plan=1.17006, TP_plan=1.16706, entry_live=1.16854, SL_live=1.16954, TP_live=1.16654, lots=0.53, balance=5310.95, risk=53.11
2026-04-29 09:03:07 | INFO     | 
💾 Señales de producción guardadas en: outputs\production\production_signals.csv
2026-04-29 09:03:07 | INFO     | ✅ MODO PRODUCCIÓN COMPLETADO

2026-04-29 09:03:37 | INFO     | ============================================================
2026-04-29 09:03:37 | INFO     | TRADING PIPELINE INICIADO
2026-04-29 09:03:37 | INFO     | ============================================================
2026-04-29 09:03:37 | INFO     | 📁 Directorios de trabajo configurados
2026-04-29 09:03:37 | INFO     | 🚀 Ejecutando modo: SYNC_TRADES
2026-04-29 09:03:37 | INFO     | 
============================================================
2026-04-29 09:03:37 | INFO     | MODO: SYNC TRADES
2026-04-29 09:03:37 | INFO     | ============================================================

2026-04-29 09:03:37 | INFO     | 🔄 Sincronización completada. Trades cerrados registrados: 0
2026-04-29 09:03:37 | INFO     | ✅ MODO SYNC TRADES COMPLETADO

2026-04-29 09:04:37 | INFO     | ============================================================
2026-04-29 09:04:37 | INFO     | TRADING PIPELINE INICIADO
2026-04-29 09:04:37 | INFO     | ============================================================
2026-04-29 09:04:37 | INFO     | 📁 Directorios de trabajo configurados
2026-04-29 09:04:37 | INFO     | 🚀 Ejecutando modo: SYNC_TRADES
2026-04-29 09:04:37 | INFO     | 
============================================================
2026-04-29 09:04:37 | INFO     | MODO: SYNC TRADES
2026-04-29 09:04:37 | INFO     | ============================================================

2026-04-29 09:04:37 | INFO     | 🔄 Sincronización completada. Trades cerrados registrados: 0
2026-04-29 09:04:37 | INFO     | ✅ MODO SYNC TRADES COMPLETADO

2026-04-29 09:05:37 | INFO     | ============================================================
2026-04-29 09:05:37 | INFO     | TRADING PIPELINE INICIADO
2026-04-29 09:05:37 | INFO     | ============================================================
2026-04-29 09:05:37 | INFO     | 📁 Directorios de trabajo configurados
2026-04-29 09:05:37 | INFO     | 🚀 Ejecutando modo: SYNC_TRADES
2026-04-29 09:05:37 | INFO     | 
============================================================
2026-04-29 09:05:37 | INFO     | MODO: SYNC TRADES
2026-04-29 09:05:37 | INFO     | ============================================================

2026-04-29 09:05:37 | INFO     | 🔄 Sincronización completada. Trades cerrados registrados: 0
2026-04-29 09:05:37 | INFO     | ✅ MODO SYNC TRADES COMPLETADO

2026-04-29 09:06:37 | INFO     | ============================================================
2026-04-29 09:06:37 | INFO     | TRADING PIPELINE INICIADO
2026-04-29 09:06:37 | INFO     | ============================================================
2026-04-29 09:06:37 | INFO     | 📁 Directorios de trabajo configurados
2026-04-29 09:06:37 | INFO     | 🚀 Ejecutando modo: SYNC_TRADES
2026-04-29 09:06:37 | INFO     | 
============================================================
2026-04-29 09:06:37 | INFO     | MODO: SYNC TRADES
2026-04-29 09:06:37 | INFO     | ============================================================

2026-04-29 09:06:37 | INFO     | 🔄 Sincronización completada. Trades cerrados registrados: 0
2026-04-29 09:06:37 | INFO     | ✅ MODO SYNC TRADES COMPLETADO

2026-04-29 09:07:37 | INFO     | ============================================================
2026-04-29 09:07:37 | INFO     | TRADING PIPELINE INICIADO
2026-04-29 09:07:37 | INFO     | ============================================================
2026-04-29 09:07:37 | INFO     | 📁 Directorios de trabajo configurados
2026-04-29 09:07:37 | INFO     | 🚀 Ejecutando modo: SYNC_TRADES
2026-04-29 09:07:37 | INFO     | 
============================================================
2026-04-29 09:07:37 | INFO     | MODO: SYNC TRADES
2026-04-29 09:07:37 | INFO     | ============================================================

2026-04-29 09:07:37 | INFO     | 🔄 Sincronización completada. Trades cerrados registrados: 0
2026-04-29 09:07:37 | INFO     | ✅ MODO SYNC TRADES COMPLETADO

2026-04-29 09:08:07 | INFO     | ============================================================
2026-04-29 09:08:07 | INFO     | TRADING PIPELINE INICIADO
2026-04-29 09:08:07 | INFO     | ============================================================
2026-04-29 09:08:07 | INFO     | 📁 Directorios de trabajo configurados
2026-04-29 09:08:07 | INFO     | 🚀 Ejecutando modo: PRODUCTION
2026-04-29 09:08:07 | INFO     | 
============================================================
2026-04-29 09:08:07 | INFO     | MODO: PRODUCCIÓN
2026-04-29 09:08:07 | INFO     | ============================================================

2026-04-29 09:08:07 | INFO     | 📥 Cargando datos para producción...
2026-04-29 09:08:07 | INFO     | PASO 1: CARGANDO DATOS
2026-04-29 09:08:07 | INFO     | ------------------------------------------------------------
2026-04-29 09:08:07 | INFO     |   -> Símbolo 'EURUSD' cargado desde config/config.yaml
2026-04-29 09:08:07 | INFO     |   -> Timeframe 'M5' cargado desde config/config.yaml
2026-04-29 09:08:07 | INFO     | ✓ Datos cargados: 3000 filas, 6 columnas.
2026-04-29 09:08:07 | INFO     | PASO 2: LIMPIANDO DATOS
2026-04-29 09:08:07 | INFO     | ------------------------------------------------------------
2026-04-29 09:08:07 | INFO     | ✓ Datos limpios: 3000 filas restantes.
2026-04-29 09:08:07 | INFO     | PASO 3: GENERANDO FEATURES
2026-04-29 09:08:07 | INFO     | ------------------------------------------------------------
2026-04-29 09:08:07 | INFO     |   -> Retornos agregados para períodos: [1, 5, 10]
2026-04-29 09:08:07 | INFO     |   -> Indicadores técnicos agregados.
2026-04-29 09:08:07 | INFO     |   -> Lags agregados para la columna: 'Close'
2026-04-29 09:08:07 | INFO     |   -> Lags agregados para la columna: 'Volume'
2026-04-29 09:08:07 | INFO     |   -> Conteos de valores NaN generados por las features:
2026-04-29 09:08:07 | INFO     | ✓ Features generadas. Total columnas: 37.
2026-04-29 09:08:07 | INFO     | 🏆 Modelo campeón global según backtest: PROPHET
2026-04-29 09:08:07 | INFO     | 🎯 Producción configurada para operar únicamente con el modelo campeón.
2026-04-29 09:08:07 | INFO     | 📦 Release activa de producción: 20260429_063853 (activada 2026-04-29T06:41:48)
2026-04-29 09:08:07 | INFO     | 🔎 Generando señales de producción para TODOS los modelos habilitados...

2026-04-29 09:08:07 | INFO     | ➡ Procesando modelo: PROPHET | params={'changepoint_prior_scale': 0.01, 'daily_seasonality': False, 'seasonality_mode': 'additive', 'seasonality_prior_scale': 1.0, 'use_lagged_regressors': True, 'weekly_seasonality': True, 'yearly_seasonality': False}
2026-04-29 09:08:07 | INFO     |   💾 Intentando cargar el modelo desde: C:\Users\USER\Documentos\Maestria\Mark-III\outputs\models\releases\20260429_063853\prophet_best.pkl
2026-04-29 09:08:07 | INFO     | [PROPHET] Cargando artefacto desde: C:\Users\USER\Documentos\Maestria\Mark-III\outputs\models\releases\20260429_063853\prophet_best.pkl
2026-04-29 09:08:07 | INFO     | [PROPHET] Tipo de artefacto: <class 'dict'>
2026-04-29 09:08:07 | INFO     | [PROPHET] Claves del artefacto: ['model_class', 'params', 'model', 'target_name', 'feature_names']
2026-04-29 09:08:07 | INFO     | [PROPHET] Modelo cargado desde: C:\Users\USER\Documentos\Maestria\Mark-III\outputs\models\releases\20260429_063853\prophet_best.pkl
2026-04-29 09:08:07 | INFO     | [PROPHET] Regresores restaurados: ['Open', 'High', 'Low', 'Close', 'TickVolume', 'Volume', 'Return_1', 'LogReturn_1', 'Return_5', 'ReturnFwd_5', 'LogReturn_5', 'Return_10', 'ReturnFwd_10', 'LogReturn_10', 'SMA_20', 'SMA_50', 'EMA_12', 'EMA_26', 'RSI_14', 'MACD', 'MACD_Signal', 'MACD_Hist', 'BB_Upper', 'BB_Lower', 'BB_Width', 'ATR_14', 'Close_lag1', 'Close_lag2', 'Close_lag3', 'Close_lag5', 'Close_lag10', 'Volume_lag1', 'Volume_lag2', 'Volume_lag3', 'Volume_lag5', 'Volume_lag10']
2026-04-29 09:08:07 | INFO     | [PROPHET] Predicción (yhat) para 2026-04-29 17:00:00: 0.000062
2026-04-29 09:08:07 | INFO     |   📈 Modelo PROPHET -> retorno=0.000062, pips=0.73, signal=HOLD, confidence=0.472, entry_plan=nan, SL_plan=nan, TP_plan=nan, entry_live=nan, SL_live=nan, TP_live=nan, lots=0.00, balance=5310.95, risk=0.00
2026-04-29 09:08:07 | INFO     | 
💾 Señales de producción guardadas en: outputs\production\production_signals.csv
2026-04-29 09:08:07 | INFO     | ✅ MODO PRODUCCIÓN COMPLETADO

2026-04-29 09:08:37 | INFO     | ============================================================
2026-04-29 09:08:37 | INFO     | TRADING PIPELINE INICIADO
2026-04-29 09:08:37 | INFO     | ============================================================
2026-04-29 09:08:37 | INFO     | 📁 Directorios de trabajo configurados
2026-04-29 09:08:37 | INFO     | 🚀 Ejecutando modo: SYNC_TRADES
2026-04-29 09:08:37 | INFO     | 
============================================================
2026-04-29 09:08:37 | INFO     | MODO: SYNC TRADES
2026-04-29 09:08:37 | INFO     | ============================================================

2026-04-29 09:08:37 | INFO     | 🔄 Sincronización completada. Trades cerrados registrados: 0
2026-04-29 09:08:37 | INFO     | ✅ MODO SYNC TRADES COMPLETADO

2026-04-29 09:09:37 | INFO     | ============================================================
2026-04-29 09:09:37 | INFO     | TRADING PIPELINE INICIADO
2026-04-29 09:09:37 | INFO     | ============================================================
2026-04-29 09:09:37 | INFO     | 📁 Directorios de trabajo configurados
2026-04-29 09:09:37 | INFO     | 🚀 Ejecutando modo: SYNC_TRADES
2026-04-29 09:09:37 | INFO     | 
============================================================
2026-04-29 09:09:37 | INFO     | MODO: SYNC TRADES
2026-04-29 09:09:37 | INFO     | ============================================================

2026-04-29 09:09:37 | INFO     | 🔄 Sincronización completada. Trades cerrados registrados: 0
2026-04-29 09:09:37 | INFO     | ✅ MODO SYNC TRADES COMPLETADO

2026-04-29 09:10:38 | INFO     | ============================================================
2026-04-29 09:10:38 | INFO     | TRADING PIPELINE INICIADO
2026-04-29 09:10:38 | INFO     | ============================================================
2026-04-29 09:10:38 | INFO     | 📁 Directorios de trabajo configurados
2026-04-29 09:10:38 | INFO     | 🚀 Ejecutando modo: SYNC_TRADES
2026-04-29 09:10:38 | INFO     | 
============================================================
2026-04-29 09:10:38 | INFO     | MODO: SYNC TRADES
2026-04-29 09:10:38 | INFO     | ============================================================

2026-04-29 09:10:38 | INFO     | 🔄 Sincronización completada. Trades cerrados registrados: 0
2026-04-29 09:10:38 | INFO     | ✅ MODO SYNC TRADES COMPLETADO

2026-04-29 09:11:37 | INFO     | ============================================================
2026-04-29 09:11:37 | INFO     | TRADING PIPELINE INICIADO
2026-04-29 09:11:37 | INFO     | ============================================================
2026-04-29 09:11:37 | INFO     | 📁 Directorios de trabajo configurados
2026-04-29 09:11:37 | INFO     | 🚀 Ejecutando modo: SYNC_TRADES
2026-04-29 09:11:37 | INFO     | 
============================================================
2026-04-29 09:11:37 | INFO     | MODO: SYNC TRADES
2026-04-29 09:11:37 | INFO     | ============================================================

2026-04-29 09:11:37 | INFO     | 🔄 Sincronización completada. Trades cerrados registrados: 0
2026-04-29 09:11:37 | INFO     | ✅ MODO SYNC TRADES COMPLETADO

2026-04-29 09:12:38 | INFO     | ============================================================
2026-04-29 09:12:38 | INFO     | TRADING PIPELINE INICIADO
2026-04-29 09:12:38 | INFO     | ============================================================
2026-04-29 09:12:38 | INFO     | 📁 Directorios de trabajo configurados
2026-04-29 09:12:38 | INFO     | 🚀 Ejecutando modo: SYNC_TRADES
2026-04-29 09:12:38 | INFO     | 
============================================================
2026-04-29 09:12:38 | INFO     | MODO: SYNC TRADES
2026-04-29 09:12:38 | INFO     | ============================================================

2026-04-29 09:12:38 | INFO     | 🔄 Sincronización completada. Trades cerrados registrados: 0
2026-04-29 09:12:38 | INFO     | ✅ MODO SYNC TRADES COMPLETADO

2026-04-29 09:14:00 | INFO     | ============================================================
2026-04-29 09:14:00 | INFO     | TRADING PIPELINE INICIADO
2026-04-29 09:14:00 | INFO     | ============================================================
2026-04-29 09:14:00 | INFO     | 📁 Directorios de trabajo configurados
2026-04-29 09:14:00 | INFO     | 🚀 Ejecutando modo: PRODUCTION
2026-04-29 09:14:00 | INFO     | 
============================================================
2026-04-29 09:14:00 | INFO     | MODO: PRODUCCIÓN
2026-04-29 09:14:00 | INFO     | ============================================================

2026-04-29 09:14:00 | INFO     | 📥 Cargando datos para producción...
2026-04-29 09:14:00 | INFO     | PASO 1: CARGANDO DATOS
2026-04-29 09:14:00 | INFO     | ------------------------------------------------------------
2026-04-29 09:14:00 | INFO     |   -> Símbolo 'EURUSD' cargado desde config/config.yaml
2026-04-29 09:14:00 | INFO     |   -> Timeframe 'M5' cargado desde config/config.yaml
2026-04-29 09:14:00 | INFO     | ✓ Datos cargados: 3000 filas, 6 columnas.
2026-04-29 09:14:00 | INFO     | PASO 2: LIMPIANDO DATOS
2026-04-29 09:14:00 | INFO     | ------------------------------------------------------------
2026-04-29 09:14:00 | INFO     | ✓ Datos limpios: 3000 filas restantes.
2026-04-29 09:14:00 | INFO     | PASO 3: GENERANDO FEATURES
2026-04-29 09:14:00 | INFO     | ------------------------------------------------------------
2026-04-29 09:14:00 | INFO     |   -> Retornos agregados para períodos: [1, 5, 10]
2026-04-29 09:14:00 | INFO     |   -> Indicadores técnicos agregados.
2026-04-29 09:14:00 | INFO     |   -> Lags agregados para la columna: 'Close'
2026-04-29 09:14:00 | INFO     |   -> Lags agregados para la columna: 'Volume'
2026-04-29 09:14:00 | INFO     |   -> Conteos de valores NaN generados por las features:
2026-04-29 09:14:00 | INFO     | ✓ Features generadas. Total columnas: 37.
2026-04-29 09:14:00 | INFO     | 🏆 Modelo campeón global según backtest: PROPHET
2026-04-29 09:14:00 | INFO     | 🎯 Producción configurada para operar únicamente con el modelo campeón.
2026-04-29 09:14:00 | INFO     | 📦 Release activa de producción: 20260429_063853 (activada 2026-04-29T06:41:48)
2026-04-29 09:14:00 | INFO     | 🔎 Generando señales de producción para TODOS los modelos habilitados...

2026-04-29 09:14:00 | INFO     | ➡ Procesando modelo: PROPHET | params={'changepoint_prior_scale': 0.01, 'daily_seasonality': False, 'seasonality_mode': 'additive', 'seasonality_prior_scale': 1.0, 'use_lagged_regressors': True, 'weekly_seasonality': True, 'yearly_seasonality': False}
2026-04-29 09:14:00 | INFO     |   💾 Intentando cargar el modelo desde: C:\Users\USER\Documentos\Maestria\Mark-III\outputs\models\releases\20260429_063853\prophet_best.pkl
2026-04-29 09:14:00 | INFO     | [PROPHET] Cargando artefacto desde: C:\Users\USER\Documentos\Maestria\Mark-III\outputs\models\releases\20260429_063853\prophet_best.pkl
2026-04-29 09:14:00 | INFO     | [PROPHET] Tipo de artefacto: <class 'dict'>
2026-04-29 09:14:00 | INFO     | [PROPHET] Claves del artefacto: ['model_class', 'params', 'model', 'target_name', 'feature_names']
2026-04-29 09:14:00 | INFO     | [PROPHET] Modelo cargado desde: C:\Users\USER\Documentos\Maestria\Mark-III\outputs\models\releases\20260429_063853\prophet_best.pkl
2026-04-29 09:14:00 | INFO     | [PROPHET] Regresores restaurados: ['Open', 'High', 'Low', 'Close', 'TickVolume', 'Volume', 'Return_1', 'LogReturn_1', 'Return_5', 'ReturnFwd_5', 'LogReturn_5', 'Return_10', 'ReturnFwd_10', 'LogReturn_10', 'SMA_20', 'SMA_50', 'EMA_12', 'EMA_26', 'RSI_14', 'MACD', 'MACD_Signal', 'MACD_Hist', 'BB_Upper', 'BB_Lower', 'BB_Width', 'ATR_14', 'Close_lag1', 'Close_lag2', 'Close_lag3', 'Close_lag5', 'Close_lag10', 'Volume_lag1', 'Volume_lag2', 'Volume_lag3', 'Volume_lag5', 'Volume_lag10']
2026-04-29 09:14:01 | INFO     | [PROPHET] Predicción (yhat) para 2026-04-29 17:05:00: 0.000160
2026-04-29 09:14:01 | INFO     |   📈 Modelo PROPHET -> retorno=0.000160, pips=1.87, signal=HOLD, confidence=0.607, entry_plan=nan, SL_plan=nan, TP_plan=nan, entry_live=nan, SL_live=nan, TP_live=nan, lots=0.00, balance=5310.95, risk=0.00
2026-04-29 09:14:01 | INFO     | 
💾 Señales de producción guardadas en: outputs\production\production_signals.csv
2026-04-29 09:14:01 | INFO     | ✅ MODO PRODUCCIÓN COMPLETADO

2026-04-29 09:14:37 | INFO     | ============================================================
2026-04-29 09:14:37 | INFO     | TRADING PIPELINE INICIADO
2026-04-29 09:14:37 | INFO     | ============================================================
2026-04-29 09:14:37 | INFO     | 📁 Directorios de trabajo configurados
2026-04-29 09:14:37 | INFO     | 🚀 Ejecutando modo: SYNC_TRADES
2026-04-29 09:14:37 | INFO     | 
============================================================
2026-04-29 09:14:37 | INFO     | MODO: SYNC TRADES
2026-04-29 09:14:37 | INFO     | ============================================================

2026-04-29 09:14:37 | INFO     | 🔄 Sincronización completada. Trades cerrados registrados: 0
2026-04-29 09:14:37 | INFO     | ✅ MODO SYNC TRADES COMPLETADO

2026-04-29 09:15:37 | INFO     | ============================================================
2026-04-29 09:15:37 | INFO     | TRADING PIPELINE INICIADO
2026-04-29 09:15:37 | INFO     | ============================================================
2026-04-29 09:15:37 | INFO     | 📁 Directorios de trabajo configurados
2026-04-29 09:15:37 | INFO     | 🚀 Ejecutando modo: SYNC_TRADES
2026-04-29 09:15:37 | INFO     | 
============================================================
2026-04-29 09:15:37 | INFO     | MODO: SYNC TRADES
2026-04-29 09:15:37 | INFO     | ============================================================

2026-04-29 09:15:37 | INFO     | 🔄 Sincronización completada. Trades cerrados registrados: 0
2026-04-29 09:15:37 | INFO     | ✅ MODO SYNC TRADES COMPLETADO

2026-04-29 09:16:37 | INFO     | ============================================================
2026-04-29 09:16:37 | INFO     | TRADING PIPELINE INICIADO
2026-04-29 09:16:37 | INFO     | ============================================================
2026-04-29 09:16:37 | INFO     | 📁 Directorios de trabajo configurados
2026-04-29 09:16:37 | INFO     | 🚀 Ejecutando modo: SYNC_TRADES
2026-04-29 09:16:37 | INFO     | 
============================================================
2026-04-29 09:16:37 | INFO     | MODO: SYNC TRADES
2026-04-29 09:16:37 | INFO     | ============================================================

2026-04-29 09:16:37 | INFO     | 🔄 Sincronización completada. Trades cerrados registrados: 0
2026-04-29 09:16:37 | INFO     | ✅ MODO SYNC TRADES COMPLETADO

2026-04-29 09:17:37 | INFO     | ============================================================
2026-04-29 09:17:37 | INFO     | TRADING PIPELINE INICIADO
2026-04-29 09:17:37 | INFO     | ============================================================
2026-04-29 09:17:37 | INFO     | 📁 Directorios de trabajo configurados
2026-04-29 09:17:37 | INFO     | 🚀 Ejecutando modo: SYNC_TRADES
2026-04-29 09:17:37 | INFO     | 
============================================================
2026-04-29 09:17:37 | INFO     | MODO: SYNC TRADES
2026-04-29 09:17:37 | INFO     | ============================================================

2026-04-29 09:17:37 | INFO     | 🔄 Sincronización completada. Trades cerrados registrados: 0
2026-04-29 09:17:37 | INFO     | ✅ MODO SYNC TRADES COMPLETADO

2026-04-29 09:18:07 | INFO     | ============================================================
2026-04-29 09:18:07 | INFO     | TRADING PIPELINE INICIADO
2026-04-29 09:18:07 | INFO     | ============================================================
2026-04-29 09:18:07 | INFO     | 📁 Directorios de trabajo configurados
2026-04-29 09:18:07 | INFO     | 🚀 Ejecutando modo: PRODUCTION
2026-04-29 09:18:07 | INFO     | 
============================================================
2026-04-29 09:18:07 | INFO     | MODO: PRODUCCIÓN
2026-04-29 09:18:07 | INFO     | ============================================================

2026-04-29 09:18:07 | INFO     | 📥 Cargando datos para producción...
2026-04-29 09:18:07 | INFO     | PASO 1: CARGANDO DATOS
2026-04-29 09:18:07 | INFO     | ------------------------------------------------------------
2026-04-29 09:18:07 | INFO     |   -> Símbolo 'EURUSD' cargado desde config/config.yaml
2026-04-29 09:18:07 | INFO     |   -> Timeframe 'M5' cargado desde config/config.yaml
2026-04-29 09:18:07 | INFO     | ✓ Datos cargados: 3000 filas, 6 columnas.
2026-04-29 09:18:07 | INFO     | PASO 2: LIMPIANDO DATOS
2026-04-29 09:18:07 | INFO     | ------------------------------------------------------------
2026-04-29 09:18:07 | INFO     | ✓ Datos limpios: 3000 filas restantes.
2026-04-29 09:18:07 | INFO     | PASO 3: GENERANDO FEATURES
2026-04-29 09:18:07 | INFO     | ------------------------------------------------------------
2026-04-29 09:18:07 | INFO     |   -> Retornos agregados para períodos: [1, 5, 10]
2026-04-29 09:18:07 | INFO     |   -> Indicadores técnicos agregados.
2026-04-29 09:18:07 | INFO     |   -> Lags agregados para la columna: 'Close'
2026-04-29 09:18:07 | INFO     |   -> Lags agregados para la columna: 'Volume'
2026-04-29 09:18:07 | INFO     |   -> Conteos de valores NaN generados por las features:
2026-04-29 09:18:07 | INFO     | ✓ Features generadas. Total columnas: 37.
2026-04-29 09:18:07 | INFO     | 🏆 Modelo campeón global según backtest: PROPHET
2026-04-29 09:18:07 | INFO     | 🎯 Producción configurada para operar únicamente con el modelo campeón.
2026-04-29 09:18:07 | INFO     | 📦 Release activa de producción: 20260429_063853 (activada 2026-04-29T06:41:48)
2026-04-29 09:18:07 | INFO     | 🔎 Generando señales de producción para TODOS los modelos habilitados...

2026-04-29 09:18:07 | INFO     | ➡ Procesando modelo: PROPHET | params={'changepoint_prior_scale': 0.01, 'daily_seasonality': False, 'seasonality_mode': 'additive', 'seasonality_prior_scale': 1.0, 'use_lagged_regressors': True, 'weekly_seasonality': True, 'yearly_seasonality': False}
2026-04-29 09:18:07 | INFO     |   💾 Intentando cargar el modelo desde: C:\Users\USER\Documentos\Maestria\Mark-III\outputs\models\releases\20260429_063853\prophet_best.pkl
2026-04-29 09:18:07 | INFO     | [PROPHET] Cargando artefacto desde: C:\Users\USER\Documentos\Maestria\Mark-III\outputs\models\releases\20260429_063853\prophet_best.pkl
2026-04-29 09:18:07 | INFO     | [PROPHET] Tipo de artefacto: <class 'dict'>
2026-04-29 09:18:07 | INFO     | [PROPHET] Claves del artefacto: ['model_class', 'params', 'model', 'target_name', 'feature_names']
2026-04-29 09:18:07 | INFO     | [PROPHET] Modelo cargado desde: C:\Users\USER\Documentos\Maestria\Mark-III\outputs\models\releases\20260429_063853\prophet_best.pkl
2026-04-29 09:18:07 | INFO     | [PROPHET] Regresores restaurados: ['Open', 'High', 'Low', 'Close', 'TickVolume', 'Volume', 'Return_1', 'LogReturn_1', 'Return_5', 'ReturnFwd_5', 'LogReturn_5', 'Return_10', 'ReturnFwd_10', 'LogReturn_10', 'SMA_20', 'SMA_50', 'EMA_12', 'EMA_26', 'RSI_14', 'MACD', 'MACD_Signal', 'MACD_Hist', 'BB_Upper', 'BB_Lower', 'BB_Width', 'ATR_14', 'Close_lag1', 'Close_lag2', 'Close_lag3', 'Close_lag5', 'Close_lag10', 'Volume_lag1', 'Volume_lag2', 'Volume_lag3', 'Volume_lag5', 'Volume_lag10']
2026-04-29 09:18:07 | INFO     | [PROPHET] Predicción (yhat) para 2026-04-29 17:10:00: 0.000262
2026-04-29 09:18:07 | INFO     |   📈 Modelo PROPHET -> retorno=0.000262, pips=3.06, signal=BUY, confidence=0.747, entry_plan=1.1685, SL_plan=1.1675, TP_plan=1.1705, entry_live=1.16926, SL_live=1.16826, TP_live=1.17126, lots=0.53, balance=5310.95, risk=53.11
2026-04-29 09:18:07 | INFO     | 
💾 Señales de producción guardadas en: outputs\production\production_signals.csv
2026-04-29 09:18:07 | INFO     | ✅ MODO PRODUCCIÓN COMPLETADO

2026-04-29 09:18:37 | INFO     | ============================================================
2026-04-29 09:18:37 | INFO     | TRADING PIPELINE INICIADO
2026-04-29 09:18:37 | INFO     | ============================================================
2026-04-29 09:18:37 | INFO     | 📁 Directorios de trabajo configurados
2026-04-29 09:18:37 | INFO     | 🚀 Ejecutando modo: SYNC_TRADES
2026-04-29 09:18:37 | INFO     | 
============================================================
2026-04-29 09:18:37 | INFO     | MODO: SYNC TRADES
2026-04-29 09:18:37 | INFO     | ============================================================

2026-04-29 09:18:37 | INFO     | 🔄 Sincronización completada. Trades cerrados registrados: 0
2026-04-29 09:18:37 | INFO     | ✅ MODO SYNC TRADES COMPLETADO

2026-04-29 09:19:37 | INFO     | ============================================================
2026-04-29 09:19:37 | INFO     | TRADING PIPELINE INICIADO
2026-04-29 09:19:37 | INFO     | ============================================================
2026-04-29 09:19:37 | INFO     | 📁 Directorios de trabajo configurados
2026-04-29 09:19:37 | INFO     | 🚀 Ejecutando modo: SYNC_TRADES
2026-04-29 09:19:37 | INFO     | 
============================================================
2026-04-29 09:19:37 | INFO     | MODO: SYNC TRADES
2026-04-29 09:19:37 | INFO     | ============================================================

2026-04-29 09:19:37 | INFO     | 🔄 Sincronización completada. Trades cerrados registrados: 0
2026-04-29 09:19:37 | INFO     | ✅ MODO SYNC TRADES COMPLETADO

2026-04-29 09:20:38 | INFO     | ============================================================
2026-04-29 09:20:38 | INFO     | TRADING PIPELINE INICIADO
2026-04-29 09:20:38 | INFO     | ============================================================
2026-04-29 09:20:38 | INFO     | 📁 Directorios de trabajo configurados
2026-04-29 09:20:38 | INFO     | 🚀 Ejecutando modo: SYNC_TRADES
2026-04-29 09:20:38 | INFO     | 
============================================================
2026-04-29 09:20:38 | INFO     | MODO: SYNC TRADES
2026-04-29 09:20:38 | INFO     | ============================================================

2026-04-29 09:20:38 | INFO     | 🔄 Sincronización completada. Trades cerrados registrados: 0
2026-04-29 09:20:38 | INFO     | ✅ MODO SYNC TRADES COMPLETADO

2026-04-29 09:21:37 | INFO     | ============================================================
2026-04-29 09:21:37 | INFO     | TRADING PIPELINE INICIADO
2026-04-29 09:21:37 | INFO     | ============================================================
2026-04-29 09:21:37 | INFO     | 📁 Directorios de trabajo configurados
2026-04-29 09:21:37 | INFO     | 🚀 Ejecutando modo: SYNC_TRADES
2026-04-29 09:21:37 | INFO     | 
============================================================
2026-04-29 09:21:37 | INFO     | MODO: SYNC TRADES
2026-04-29 09:21:37 | INFO     | ============================================================

2026-04-29 09:21:37 | INFO     | 🔄 Sincronización completada. Trades cerrados registrados: 0
2026-04-29 09:21:37 | INFO     | ✅ MODO SYNC TRADES COMPLETADO

2026-04-29 09:22:37 | INFO     | ============================================================
2026-04-29 09:22:37 | INFO     | TRADING PIPELINE INICIADO
2026-04-29 09:22:37 | INFO     | ============================================================
2026-04-29 09:22:37 | INFO     | 📁 Directorios de trabajo configurados
2026-04-29 09:22:37 | INFO     | 🚀 Ejecutando modo: SYNC_TRADES
2026-04-29 09:22:37 | INFO     | 
============================================================
2026-04-29 09:22:37 | INFO     | MODO: SYNC TRADES
2026-04-29 09:22:37 | INFO     | ============================================================

2026-04-29 09:22:37 | INFO     | 🔄 Sincronización completada. Trades cerrados registrados: 0
2026-04-29 09:22:37 | INFO     | ✅ MODO SYNC TRADES COMPLETADO

2026-04-29 09:23:07 | INFO     | ============================================================
2026-04-29 09:23:07 | INFO     | TRADING PIPELINE INICIADO
2026-04-29 09:23:07 | INFO     | ============================================================
2026-04-29 09:23:07 | INFO     | 📁 Directorios de trabajo configurados
2026-04-29 09:23:07 | INFO     | 🚀 Ejecutando modo: PRODUCTION
2026-04-29 09:23:07 | INFO     | 
============================================================
2026-04-29 09:23:07 | INFO     | MODO: PRODUCCIÓN
2026-04-29 09:23:07 | INFO     | ============================================================

2026-04-29 09:23:07 | INFO     | 📥 Cargando datos para producción...
2026-04-29 09:23:07 | INFO     | PASO 1: CARGANDO DATOS
2026-04-29 09:23:07 | INFO     | ------------------------------------------------------------
2026-04-29 09:23:07 | INFO     |   -> Símbolo 'EURUSD' cargado desde config/config.yaml
2026-04-29 09:23:07 | INFO     |   -> Timeframe 'M5' cargado desde config/config.yaml
2026-04-29 09:23:07 | INFO     | ✓ Datos cargados: 3000 filas, 6 columnas.
2026-04-29 09:23:07 | INFO     | PASO 2: LIMPIANDO DATOS
2026-04-29 09:23:07 | INFO     | ------------------------------------------------------------
2026-04-29 09:23:07 | INFO     | ✓ Datos limpios: 3000 filas restantes.
2026-04-29 09:23:07 | INFO     | PASO 3: GENERANDO FEATURES
2026-04-29 09:23:07 | INFO     | ------------------------------------------------------------
2026-04-29 09:23:07 | INFO     |   -> Retornos agregados para períodos: [1, 5, 10]
2026-04-29 09:23:07 | INFO     |   -> Indicadores técnicos agregados.
2026-04-29 09:23:07 | INFO     |   -> Lags agregados para la columna: 'Close'
2026-04-29 09:23:07 | INFO     |   -> Lags agregados para la columna: 'Volume'
2026-04-29 09:23:07 | INFO     |   -> Conteos de valores NaN generados por las features:
2026-04-29 09:23:07 | INFO     | ✓ Features generadas. Total columnas: 37.
2026-04-29 09:23:07 | INFO     | 🏆 Modelo campeón global según backtest: PROPHET
2026-04-29 09:23:07 | INFO     | 🎯 Producción configurada para operar únicamente con el modelo campeón.
2026-04-29 09:23:07 | INFO     | 📦 Release activa de producción: 20260429_063853 (activada 2026-04-29T06:41:48)
2026-04-29 09:23:07 | INFO     | 🔎 Generando señales de producción para TODOS los modelos habilitados...

2026-04-29 09:23:07 | INFO     | ➡ Procesando modelo: PROPHET | params={'changepoint_prior_scale': 0.01, 'daily_seasonality': False, 'seasonality_mode': 'additive', 'seasonality_prior_scale': 1.0, 'use_lagged_regressors': True, 'weekly_seasonality': True, 'yearly_seasonality': False}
2026-04-29 09:23:07 | INFO     |   💾 Intentando cargar el modelo desde: C:\Users\USER\Documentos\Maestria\Mark-III\outputs\models\releases\20260429_063853\prophet_best.pkl
2026-04-29 09:23:07 | INFO     | [PROPHET] Cargando artefacto desde: C:\Users\USER\Documentos\Maestria\Mark-III\outputs\models\releases\20260429_063853\prophet_best.pkl
2026-04-29 09:23:07 | INFO     | [PROPHET] Tipo de artefacto: <class 'dict'>
2026-04-29 09:23:07 | INFO     | [PROPHET] Claves del artefacto: ['model_class', 'params', 'model', 'target_name', 'feature_names']
2026-04-29 09:23:07 | INFO     | [PROPHET] Modelo cargado desde: C:\Users\USER\Documentos\Maestria\Mark-III\outputs\models\releases\20260429_063853\prophet_best.pkl
2026-04-29 09:23:07 | INFO     | [PROPHET] Regresores restaurados: ['Open', 'High', 'Low', 'Close', 'TickVolume', 'Volume', 'Return_1', 'LogReturn_1', 'Return_5', 'ReturnFwd_5', 'LogReturn_5', 'Return_10', 'ReturnFwd_10', 'LogReturn_10', 'SMA_20', 'SMA_50', 'EMA_12', 'EMA_26', 'RSI_14', 'MACD', 'MACD_Signal', 'MACD_Hist', 'BB_Upper', 'BB_Lower', 'BB_Width', 'ATR_14', 'Close_lag1', 'Close_lag2', 'Close_lag3', 'Close_lag5', 'Close_lag10', 'Volume_lag1', 'Volume_lag2', 'Volume_lag3', 'Volume_lag5', 'Volume_lag10']
2026-04-29 09:23:07 | INFO     | [PROPHET] Predicción (yhat) para 2026-04-29 17:15:00: 0.000027
2026-04-29 09:23:07 | INFO     |   📈 Modelo PROPHET -> retorno=0.000027, pips=0.32, signal=HOLD, confidence=0.424, entry_plan=nan, SL_plan=nan, TP_plan=nan, entry_live=nan, SL_live=nan, TP_live=nan, lots=0.00, balance=5310.95, risk=0.00
2026-04-29 09:23:07 | INFO     | 
💾 Señales de producción guardadas en: outputs\production\production_signals.csv
2026-04-29 09:23:07 | INFO     | ✅ MODO PRODUCCIÓN COMPLETADO

2026-04-29 09:23:37 | INFO     | ============================================================
2026-04-29 09:23:37 | INFO     | TRADING PIPELINE INICIADO
2026-04-29 09:23:37 | INFO     | ============================================================
2026-04-29 09:23:37 | INFO     | 📁 Directorios de trabajo configurados
2026-04-29 09:23:37 | INFO     | 🚀 Ejecutando modo: SYNC_TRADES
2026-04-29 09:23:37 | INFO     | 
============================================================
2026-04-29 09:23:37 | INFO     | MODO: SYNC TRADES
2026-04-29 09:23:37 | INFO     | ============================================================

2026-04-29 09:23:37 | INFO     | 🔄 Sincronización completada. Trades cerrados registrados: 0
2026-04-29 09:23:37 | INFO     | ✅ MODO SYNC TRADES COMPLETADO

2026-04-29 09:24:38 | INFO     | ============================================================
2026-04-29 09:24:38 | INFO     | TRADING PIPELINE INICIADO
2026-04-29 09:24:38 | INFO     | ============================================================
2026-04-29 09:24:38 | INFO     | 📁 Directorios de trabajo configurados
2026-04-29 09:24:38 | INFO     | 🚀 Ejecutando modo: SYNC_TRADES
2026-04-29 09:24:38 | INFO     | 
============================================================
2026-04-29 09:24:38 | INFO     | MODO: SYNC TRADES
2026-04-29 09:24:38 | INFO     | ============================================================

2026-04-29 09:24:38 | INFO     | 🔄 Sincronización completada. Trades cerrados registrados: 0
2026-04-29 09:24:38 | INFO     | ✅ MODO SYNC TRADES COMPLETADO

2026-04-29 09:25:37 | INFO     | ============================================================
2026-04-29 09:25:37 | INFO     | TRADING PIPELINE INICIADO
2026-04-29 09:25:37 | INFO     | ============================================================
2026-04-29 09:25:37 | INFO     | 📁 Directorios de trabajo configurados
2026-04-29 09:25:37 | INFO     | 🚀 Ejecutando modo: SYNC_TRADES
2026-04-29 09:25:37 | INFO     | 
============================================================
2026-04-29 09:25:37 | INFO     | MODO: SYNC TRADES
2026-04-29 09:25:37 | INFO     | ============================================================

2026-04-29 09:25:37 | INFO     | 🔄 Sincronización completada. Trades cerrados registrados: 0
2026-04-29 09:25:37 | INFO     | ✅ MODO SYNC TRADES COMPLETADO

2026-04-29 09:26:37 | INFO     | ============================================================
2026-04-29 09:26:37 | INFO     | TRADING PIPELINE INICIADO
2026-04-29 09:26:37 | INFO     | ============================================================
2026-04-29 09:26:37 | INFO     | 📁 Directorios de trabajo configurados
2026-04-29 09:26:37 | INFO     | 🚀 Ejecutando modo: SYNC_TRADES
2026-04-29 09:26:37 | INFO     | 
============================================================
2026-04-29 09:26:37 | INFO     | MODO: SYNC TRADES
2026-04-29 09:26:37 | INFO     | ============================================================

2026-04-29 09:26:37 | INFO     | 🔄 Sincronización completada. Trades cerrados registrados: 0
2026-04-29 09:26:37 | INFO     | ✅ MODO SYNC TRADES COMPLETADO

2026-04-29 09:27:37 | INFO     | ============================================================
2026-04-29 09:27:37 | INFO     | TRADING PIPELINE INICIADO
2026-04-29 09:27:37 | INFO     | ============================================================
2026-04-29 09:27:37 | INFO     | 📁 Directorios de trabajo configurados
2026-04-29 09:27:37 | INFO     | 🚀 Ejecutando modo: SYNC_TRADES
2026-04-29 09:27:37 | INFO     | 
============================================================
2026-04-29 09:27:37 | INFO     | MODO: SYNC TRADES
2026-04-29 09:27:37 | INFO     | ============================================================

2026-04-29 09:27:37 | INFO     | 🔄 Sincronización completada. Trades cerrados registrados: 0
2026-04-29 09:27:37 | INFO     | ✅ MODO SYNC TRADES COMPLETADO

2026-04-29 09:28:08 | INFO     | ============================================================
2026-04-29 09:28:08 | INFO     | TRADING PIPELINE INICIADO
2026-04-29 09:28:08 | INFO     | ============================================================
2026-04-29 09:28:08 | INFO     | 📁 Directorios de trabajo configurados
2026-04-29 09:28:08 | INFO     | 🚀 Ejecutando modo: PRODUCTION
2026-04-29 09:28:08 | INFO     | 
============================================================
2026-04-29 09:28:08 | INFO     | MODO: PRODUCCIÓN
2026-04-29 09:28:08 | INFO     | ============================================================

2026-04-29 09:28:08 | INFO     | 📥 Cargando datos para producción...
2026-04-29 09:28:08 | INFO     | PASO 1: CARGANDO DATOS
2026-04-29 09:28:08 | INFO     | ------------------------------------------------------------
2026-04-29 09:28:08 | INFO     |   -> Símbolo 'EURUSD' cargado desde config/config.yaml
2026-04-29 09:28:08 | INFO     |   -> Timeframe 'M5' cargado desde config/config.yaml
2026-04-29 09:28:08 | INFO     | ✓ Datos cargados: 3000 filas, 6 columnas.
2026-04-29 09:28:08 | INFO     | PASO 2: LIMPIANDO DATOS
2026-04-29 09:28:08 | INFO     | ------------------------------------------------------------
2026-04-29 09:28:08 | INFO     | ✓ Datos limpios: 3000 filas restantes.
2026-04-29 09:28:08 | INFO     | PASO 3: GENERANDO FEATURES
2026-04-29 09:28:08 | INFO     | ------------------------------------------------------------
2026-04-29 09:28:08 | INFO     |   -> Retornos agregados para períodos: [1, 5, 10]
2026-04-29 09:28:08 | INFO     |   -> Indicadores técnicos agregados.
2026-04-29 09:28:08 | INFO     |   -> Lags agregados para la columna: 'Close'
2026-04-29 09:28:08 | INFO     |   -> Lags agregados para la columna: 'Volume'
2026-04-29 09:28:08 | INFO     |   -> Conteos de valores NaN generados por las features:
2026-04-29 09:28:08 | INFO     | ✓ Features generadas. Total columnas: 37.
2026-04-29 09:28:08 | INFO     | 🏆 Modelo campeón global según backtest: PROPHET
2026-04-29 09:28:08 | INFO     | 🎯 Producción configurada para operar únicamente con el modelo campeón.
2026-04-29 09:28:08 | INFO     | 📦 Release activa de producción: 20260429_063853 (activada 2026-04-29T06:41:48)
2026-04-29 09:28:08 | INFO     | 🔎 Generando señales de producción para TODOS los modelos habilitados...

2026-04-29 09:28:08 | INFO     | ➡ Procesando modelo: PROPHET | params={'changepoint_prior_scale': 0.01, 'daily_seasonality': False, 'seasonality_mode': 'additive', 'seasonality_prior_scale': 1.0, 'use_lagged_regressors': True, 'weekly_seasonality': True, 'yearly_seasonality': False}
2026-04-29 09:28:08 | INFO     |   💾 Intentando cargar el modelo desde: C:\Users\USER\Documentos\Maestria\Mark-III\outputs\models\releases\20260429_063853\prophet_best.pkl
2026-04-29 09:28:08 | INFO     | [PROPHET] Cargando artefacto desde: C:\Users\USER\Documentos\Maestria\Mark-III\outputs\models\releases\20260429_063853\prophet_best.pkl
2026-04-29 09:28:08 | INFO     | [PROPHET] Tipo de artefacto: <class 'dict'>
2026-04-29 09:28:08 | INFO     | [PROPHET] Claves del artefacto: ['model_class', 'params', 'model', 'target_name', 'feature_names']
2026-04-29 09:28:08 | INFO     | [PROPHET] Modelo cargado desde: C:\Users\USER\Documentos\Maestria\Mark-III\outputs\models\releases\20260429_063853\prophet_best.pkl
2026-04-29 09:28:08 | INFO     | [PROPHET] Regresores restaurados: ['Open', 'High', 'Low', 'Close', 'TickVolume', 'Volume', 'Return_1', 'LogReturn_1', 'Return_5', 'ReturnFwd_5', 'LogReturn_5', 'Return_10', 'ReturnFwd_10', 'LogReturn_10', 'SMA_20', 'SMA_50', 'EMA_12', 'EMA_26', 'RSI_14', 'MACD', 'MACD_Signal', 'MACD_Hist', 'BB_Upper', 'BB_Lower', 'BB_Width', 'ATR_14', 'Close_lag1', 'Close_lag2', 'Close_lag3', 'Close_lag5', 'Close_lag10', 'Volume_lag1', 'Volume_lag2', 'Volume_lag3', 'Volume_lag5', 'Volume_lag10']
2026-04-29 09:28:08 | INFO     | [PROPHET] Predicción (yhat) para 2026-04-29 17:20:00: -0.000096
2026-04-29 09:28:08 | INFO     |   📈 Modelo PROPHET -> retorno=-0.000096, pips=-1.12, signal=HOLD, confidence=0.518, entry_plan=nan, SL_plan=nan, TP_plan=nan, entry_live=nan, SL_live=nan, TP_live=nan, lots=0.00, balance=5310.95, risk=0.00
2026-04-29 09:28:08 | INFO     | 
💾 Señales de producción guardadas en: outputs\production\production_signals.csv
2026-04-29 09:28:08 | INFO     | ✅ MODO PRODUCCIÓN COMPLETADO

2026-04-29 09:28:37 | INFO     | ============================================================
2026-04-29 09:28:37 | INFO     | TRADING PIPELINE INICIADO
2026-04-29 09:28:37 | INFO     | ============================================================
2026-04-29 09:28:37 | INFO     | 📁 Directorios de trabajo configurados
2026-04-29 09:28:37 | INFO     | 🚀 Ejecutando modo: SYNC_TRADES
2026-04-29 09:28:37 | INFO     | 
============================================================
2026-04-29 09:28:37 | INFO     | MODO: SYNC TRADES
2026-04-29 09:28:37 | INFO     | ============================================================

2026-04-29 09:28:37 | INFO     | 🔄 Sincronización completada. Trades cerrados registrados: 0
2026-04-29 09:28:37 | INFO     | ✅ MODO SYNC TRADES COMPLETADO

2026-04-29 09:29:38 | INFO     | ============================================================
2026-04-29 09:29:38 | INFO     | TRADING PIPELINE INICIADO
2026-04-29 09:29:38 | INFO     | ============================================================
2026-04-29 09:29:38 | INFO     | 📁 Directorios de trabajo configurados
2026-04-29 09:29:38 | INFO     | 🚀 Ejecutando modo: SYNC_TRADES
2026-04-29 09:29:38 | INFO     | 
============================================================
2026-04-29 09:29:38 | INFO     | MODO: SYNC TRADES
2026-04-29 09:29:38 | INFO     | ============================================================

2026-04-29 09:29:38 | INFO     | 🔄 Sincronización completada. Trades cerrados registrados: 0
2026-04-29 09:29:38 | INFO     | ✅ MODO SYNC TRADES COMPLETADO

2026-04-29 09:30:37 | INFO     | ============================================================
2026-04-29 09:30:37 | INFO     | TRADING PIPELINE INICIADO
2026-04-29 09:30:37 | INFO     | ============================================================
2026-04-29 09:30:37 | INFO     | 📁 Directorios de trabajo configurados
2026-04-29 09:30:37 | INFO     | 🚀 Ejecutando modo: SYNC_TRADES
2026-04-29 09:30:37 | INFO     | 
============================================================
2026-04-29 09:30:37 | INFO     | MODO: SYNC TRADES
2026-04-29 09:30:37 | INFO     | ============================================================

2026-04-29 09:30:37 | INFO     | 🔄 Sincronización completada. Trades cerrados registrados: 0
2026-04-29 09:30:37 | INFO     | ✅ MODO SYNC TRADES COMPLETADO

2026-04-29 09:31:37 | INFO     | ============================================================
2026-04-29 09:31:37 | INFO     | TRADING PIPELINE INICIADO
2026-04-29 09:31:37 | INFO     | ============================================================
2026-04-29 09:31:37 | INFO     | 📁 Directorios de trabajo configurados
2026-04-29 09:31:37 | INFO     | 🚀 Ejecutando modo: SYNC_TRADES
2026-04-29 09:31:37 | INFO     | 
============================================================
2026-04-29 09:31:37 | INFO     | MODO: SYNC TRADES
2026-04-29 09:31:37 | INFO     | ============================================================

2026-04-29 09:31:37 | INFO     | 🔄 Sincronización completada. Trades cerrados registrados: 0
2026-04-29 09:31:37 | INFO     | ✅ MODO SYNC TRADES COMPLETADO

2026-04-29 09:32:37 | INFO     | ============================================================
2026-04-29 09:32:37 | INFO     | TRADING PIPELINE INICIADO
2026-04-29 09:32:37 | INFO     | ============================================================
2026-04-29 09:32:37 | INFO     | 📁 Directorios de trabajo configurados
2026-04-29 09:32:37 | INFO     | 🚀 Ejecutando modo: SYNC_TRADES
2026-04-29 09:32:37 | INFO     | 
============================================================
2026-04-29 09:32:37 | INFO     | MODO: SYNC TRADES
2026-04-29 09:32:37 | INFO     | ============================================================

2026-04-29 09:32:37 | INFO     | 🔄 Sincronización completada. Trades cerrados registrados: 0
2026-04-29 09:32:37 | INFO     | ✅ MODO SYNC TRADES COMPLETADO

2026-04-29 09:33:07 | INFO     | ============================================================
2026-04-29 09:33:07 | INFO     | TRADING PIPELINE INICIADO
2026-04-29 09:33:07 | INFO     | ============================================================
2026-04-29 09:33:07 | INFO     | 📁 Directorios de trabajo configurados
2026-04-29 09:33:07 | INFO     | 🚀 Ejecutando modo: PRODUCTION
2026-04-29 09:33:07 | INFO     | 
============================================================
2026-04-29 09:33:07 | INFO     | MODO: PRODUCCIÓN
2026-04-29 09:33:07 | INFO     | ============================================================

2026-04-29 09:33:07 | INFO     | 📥 Cargando datos para producción...
2026-04-29 09:33:07 | INFO     | PASO 1: CARGANDO DATOS
2026-04-29 09:33:07 | INFO     | ------------------------------------------------------------
2026-04-29 09:33:07 | INFO     |   -> Símbolo 'EURUSD' cargado desde config/config.yaml
2026-04-29 09:33:07 | INFO     |   -> Timeframe 'M5' cargado desde config/config.yaml
2026-04-29 09:33:07 | INFO     | ✓ Datos cargados: 3000 filas, 6 columnas.
2026-04-29 09:33:07 | INFO     | PASO 2: LIMPIANDO DATOS
2026-04-29 09:33:07 | INFO     | ------------------------------------------------------------
2026-04-29 09:33:07 | INFO     | ✓ Datos limpios: 3000 filas restantes.
2026-04-29 09:33:07 | INFO     | PASO 3: GENERANDO FEATURES
2026-04-29 09:33:07 | INFO     | ------------------------------------------------------------
2026-04-29 09:33:07 | INFO     |   -> Retornos agregados para períodos: [1, 5, 10]
2026-04-29 09:33:07 | INFO     |   -> Indicadores técnicos agregados.
2026-04-29 09:33:07 | INFO     |   -> Lags agregados para la columna: 'Close'
2026-04-29 09:33:07 | INFO     |   -> Lags agregados para la columna: 'Volume'
2026-04-29 09:33:07 | INFO     |   -> Conteos de valores NaN generados por las features:
2026-04-29 09:33:07 | INFO     | ✓ Features generadas. Total columnas: 37.
2026-04-29 09:33:07 | INFO     | 🏆 Modelo campeón global según backtest: PROPHET
2026-04-29 09:33:07 | INFO     | 🎯 Producción configurada para operar únicamente con el modelo campeón.
2026-04-29 09:33:07 | INFO     | 📦 Release activa de producción: 20260429_063853 (activada 2026-04-29T06:41:48)
2026-04-29 09:33:07 | INFO     | 🔎 Generando señales de producción para TODOS los modelos habilitados...

2026-04-29 09:33:07 | INFO     | ➡ Procesando modelo: PROPHET | params={'changepoint_prior_scale': 0.01, 'daily_seasonality': False, 'seasonality_mode': 'additive', 'seasonality_prior_scale': 1.0, 'use_lagged_regressors': True, 'weekly_seasonality': True, 'yearly_seasonality': False}
2026-04-29 09:33:07 | INFO     |   💾 Intentando cargar el modelo desde: C:\Users\USER\Documentos\Maestria\Mark-III\outputs\models\releases\20260429_063853\prophet_best.pkl
2026-04-29 09:33:07 | INFO     | [PROPHET] Cargando artefacto desde: C:\Users\USER\Documentos\Maestria\Mark-III\outputs\models\releases\20260429_063853\prophet_best.pkl
2026-04-29 09:33:07 | INFO     | [PROPHET] Tipo de artefacto: <class 'dict'>
2026-04-29 09:33:07 | INFO     | [PROPHET] Claves del artefacto: ['model_class', 'params', 'model', 'target_name', 'feature_names']
2026-04-29 09:33:07 | INFO     | [PROPHET] Modelo cargado desde: C:\Users\USER\Documentos\Maestria\Mark-III\outputs\models\releases\20260429_063853\prophet_best.pkl
2026-04-29 09:33:07 | INFO     | [PROPHET] Regresores restaurados: ['Open', 'High', 'Low', 'Close', 'TickVolume', 'Volume', 'Return_1', 'LogReturn_1', 'Return_5', 'ReturnFwd_5', 'LogReturn_5', 'Return_10', 'ReturnFwd_10', 'LogReturn_10', 'SMA_20', 'SMA_50', 'EMA_12', 'EMA_26', 'RSI_14', 'MACD', 'MACD_Signal', 'MACD_Hist', 'BB_Upper', 'BB_Lower', 'BB_Width', 'ATR_14', 'Close_lag1', 'Close_lag2', 'Close_lag3', 'Close_lag5', 'Close_lag10', 'Volume_lag1', 'Volume_lag2', 'Volume_lag3', 'Volume_lag5', 'Volume_lag10']
2026-04-29 09:33:07 | INFO     | [PROPHET] Predicción (yhat) para 2026-04-29 17:25:00: 0.000124
2026-04-29 09:33:07 | INFO     |   📈 Modelo PROPHET -> retorno=0.000124, pips=1.45, signal=HOLD, confidence=0.557, entry_plan=nan, SL_plan=nan, TP_plan=nan, entry_live=nan, SL_live=nan, TP_live=nan, lots=0.00, balance=5310.95, risk=0.00
2026-04-29 09:33:07 | INFO     | 
💾 Señales de producción guardadas en: outputs\production\production_signals.csv
2026-04-29 09:33:07 | INFO     | ✅ MODO PRODUCCIÓN COMPLETADO

2026-04-29 09:33:37 | INFO     | ============================================================
2026-04-29 09:33:37 | INFO     | TRADING PIPELINE INICIADO
2026-04-29 09:33:37 | INFO     | ============================================================
2026-04-29 09:33:37 | INFO     | 📁 Directorios de trabajo configurados
2026-04-29 09:33:37 | INFO     | 🚀 Ejecutando modo: SYNC_TRADES
2026-04-29 09:33:37 | INFO     | 
============================================================
2026-04-29 09:33:37 | INFO     | MODO: SYNC TRADES
2026-04-29 09:33:37 | INFO     | ============================================================

2026-04-29 09:33:37 | INFO     | 🔄 Sincronización completada. Trades cerrados registrados: 0
2026-04-29 09:33:37 | INFO     | ✅ MODO SYNC TRADES COMPLETADO

2026-04-29 09:34:37 | INFO     | ============================================================
2026-04-29 09:34:37 | INFO     | TRADING PIPELINE INICIADO
2026-04-29 09:34:37 | INFO     | ============================================================
2026-04-29 09:34:37 | INFO     | 📁 Directorios de trabajo configurados
2026-04-29 09:34:37 | INFO     | 🚀 Ejecutando modo: SYNC_TRADES
2026-04-29 09:34:37 | INFO     | 
============================================================
2026-04-29 09:34:37 | INFO     | MODO: SYNC TRADES
2026-04-29 09:34:37 | INFO     | ============================================================

2026-04-29 09:34:37 | INFO     | 🔄 Sincronización completada. Trades cerrados registrados: 0
2026-04-29 09:34:37 | INFO     | ✅ MODO SYNC TRADES COMPLETADO

2026-04-29 09:35:37 | INFO     | ============================================================
2026-04-29 09:35:37 | INFO     | TRADING PIPELINE INICIADO
2026-04-29 09:35:37 | INFO     | ============================================================
2026-04-29 09:35:37 | INFO     | 📁 Directorios de trabajo configurados
2026-04-29 09:35:37 | INFO     | 🚀 Ejecutando modo: SYNC_TRADES
2026-04-29 09:35:37 | INFO     | 
============================================================
2026-04-29 09:35:37 | INFO     | MODO: SYNC TRADES
2026-04-29 09:35:37 | INFO     | ============================================================

2026-04-29 09:35:37 | INFO     | 🔄 Sincronización completada. Trades cerrados registrados: 0
2026-04-29 09:35:37 | INFO     | ✅ MODO SYNC TRADES COMPLETADO

2026-04-29 09:36:37 | INFO     | ============================================================
2026-04-29 09:36:37 | INFO     | TRADING PIPELINE INICIADO
2026-04-29 09:36:37 | INFO     | ============================================================
2026-04-29 09:36:37 | INFO     | 📁 Directorios de trabajo configurados
2026-04-29 09:36:37 | INFO     | 🚀 Ejecutando modo: SYNC_TRADES
2026-04-29 09:36:37 | INFO     | 
============================================================
2026-04-29 09:36:37 | INFO     | MODO: SYNC TRADES
2026-04-29 09:36:37 | INFO     | ============================================================

2026-04-29 09:36:37 | INFO     | 🔄 Sincronización completada. Trades cerrados registrados: 0
2026-04-29 09:36:37 | INFO     | ✅ MODO SYNC TRADES COMPLETADO

2026-04-29 09:37:38 | INFO     | ============================================================
2026-04-29 09:37:38 | INFO     | TRADING PIPELINE INICIADO
2026-04-29 09:37:38 | INFO     | ============================================================
2026-04-29 09:37:38 | INFO     | 📁 Directorios de trabajo configurados
2026-04-29 09:37:38 | INFO     | 🚀 Ejecutando modo: SYNC_TRADES
2026-04-29 09:37:38 | INFO     | 
============================================================
2026-04-29 09:37:38 | INFO     | MODO: SYNC TRADES
2026-04-29 09:37:38 | INFO     | ============================================================

2026-04-29 09:37:38 | INFO     | 🔄 Sincronización completada. Trades cerrados registrados: 0
2026-04-29 09:37:38 | INFO     | ✅ MODO SYNC TRADES COMPLETADO

2026-04-29 09:38:07 | INFO     | ============================================================
2026-04-29 09:38:07 | INFO     | TRADING PIPELINE INICIADO
2026-04-29 09:38:07 | INFO     | ============================================================
2026-04-29 09:38:07 | INFO     | 📁 Directorios de trabajo configurados
2026-04-29 09:38:07 | INFO     | 🚀 Ejecutando modo: PRODUCTION
2026-04-29 09:38:07 | INFO     | 
============================================================
2026-04-29 09:38:07 | INFO     | MODO: PRODUCCIÓN
2026-04-29 09:38:07 | INFO     | ============================================================

2026-04-29 09:38:07 | INFO     | 📥 Cargando datos para producción...
2026-04-29 09:38:07 | INFO     | PASO 1: CARGANDO DATOS
2026-04-29 09:38:07 | INFO     | ------------------------------------------------------------
2026-04-29 09:38:07 | INFO     |   -> Símbolo 'EURUSD' cargado desde config/config.yaml
2026-04-29 09:38:07 | INFO     |   -> Timeframe 'M5' cargado desde config/config.yaml
2026-04-29 09:38:07 | INFO     | ✓ Datos cargados: 3000 filas, 6 columnas.
2026-04-29 09:38:07 | INFO     | PASO 2: LIMPIANDO DATOS
2026-04-29 09:38:07 | INFO     | ------------------------------------------------------------
2026-04-29 09:38:07 | INFO     | ✓ Datos limpios: 3000 filas restantes.
2026-04-29 09:38:07 | INFO     | PASO 3: GENERANDO FEATURES
2026-04-29 09:38:07 | INFO     | ------------------------------------------------------------
2026-04-29 09:38:07 | INFO     |   -> Retornos agregados para períodos: [1, 5, 10]
2026-04-29 09:38:07 | INFO     |   -> Indicadores técnicos agregados.
2026-04-29 09:38:07 | INFO     |   -> Lags agregados para la columna: 'Close'
2026-04-29 09:38:07 | INFO     |   -> Lags agregados para la columna: 'Volume'
2026-04-29 09:38:07 | INFO     |   -> Conteos de valores NaN generados por las features:
2026-04-29 09:38:07 | INFO     | ✓ Features generadas. Total columnas: 37.
2026-04-29 09:38:07 | INFO     | 🏆 Modelo campeón global según backtest: PROPHET
2026-04-29 09:38:07 | INFO     | 🎯 Producción configurada para operar únicamente con el modelo campeón.
2026-04-29 09:38:07 | INFO     | 📦 Release activa de producción: 20260429_063853 (activada 2026-04-29T06:41:48)
2026-04-29 09:38:07 | INFO     | 🔎 Generando señales de producción para TODOS los modelos habilitados...

2026-04-29 09:38:07 | INFO     | ➡ Procesando modelo: PROPHET | params={'changepoint_prior_scale': 0.01, 'daily_seasonality': False, 'seasonality_mode': 'additive', 'seasonality_prior_scale': 1.0, 'use_lagged_regressors': True, 'weekly_seasonality': True, 'yearly_seasonality': False}
2026-04-29 09:38:07 | INFO     |   💾 Intentando cargar el modelo desde: C:\Users\USER\Documentos\Maestria\Mark-III\outputs\models\releases\20260429_063853\prophet_best.pkl
2026-04-29 09:38:07 | INFO     | [PROPHET] Cargando artefacto desde: C:\Users\USER\Documentos\Maestria\Mark-III\outputs\models\releases\20260429_063853\prophet_best.pkl
2026-04-29 09:38:07 | INFO     | [PROPHET] Tipo de artefacto: <class 'dict'>
2026-04-29 09:38:07 | INFO     | [PROPHET] Claves del artefacto: ['model_class', 'params', 'model', 'target_name', 'feature_names']
2026-04-29 09:38:07 | INFO     | [PROPHET] Modelo cargado desde: C:\Users\USER\Documentos\Maestria\Mark-III\outputs\models\releases\20260429_063853\prophet_best.pkl
2026-04-29 09:38:07 | INFO     | [PROPHET] Regresores restaurados: ['Open', 'High', 'Low', 'Close', 'TickVolume', 'Volume', 'Return_1', 'LogReturn_1', 'Return_5', 'ReturnFwd_5', 'LogReturn_5', 'Return_10', 'ReturnFwd_10', 'LogReturn_10', 'SMA_20', 'SMA_50', 'EMA_12', 'EMA_26', 'RSI_14', 'MACD', 'MACD_Signal', 'MACD_Hist', 'BB_Upper', 'BB_Lower', 'BB_Width', 'ATR_14', 'Close_lag1', 'Close_lag2', 'Close_lag3', 'Close_lag5', 'Close_lag10', 'Volume_lag1', 'Volume_lag2', 'Volume_lag3', 'Volume_lag5', 'Volume_lag10']
2026-04-29 09:38:07 | INFO     | [PROPHET] Predicción (yhat) para 2026-04-29 17:30:00: -0.000050
2026-04-29 09:38:07 | INFO     |   📈 Modelo PROPHET -> retorno=-0.000050, pips=-0.59, signal=HOLD, confidence=0.455, entry_plan=nan, SL_plan=nan, TP_plan=nan, entry_live=nan, SL_live=nan, TP_live=nan, lots=0.00, balance=5310.95, risk=0.00
2026-04-29 09:38:07 | INFO     | 
💾 Señales de producción guardadas en: outputs\production\production_signals.csv
2026-04-29 09:38:07 | INFO     | ✅ MODO PRODUCCIÓN COMPLETADO

2026-04-29 09:38:38 | INFO     | ============================================================
2026-04-29 09:38:38 | INFO     | TRADING PIPELINE INICIADO
2026-04-29 09:38:38 | INFO     | ============================================================
2026-04-29 09:38:38 | INFO     | 📁 Directorios de trabajo configurados
2026-04-29 09:38:38 | INFO     | 🚀 Ejecutando modo: SYNC_TRADES
2026-04-29 09:38:38 | INFO     | 
============================================================
2026-04-29 09:38:38 | INFO     | MODO: SYNC TRADES
2026-04-29 09:38:38 | INFO     | ============================================================

2026-04-29 09:38:38 | INFO     | 🔄 Sincronización completada. Trades cerrados registrados: 0
2026-04-29 09:38:38 | INFO     | ✅ MODO SYNC TRADES COMPLETADO

2026-04-29 09:39:38 | INFO     | ============================================================
2026-04-29 09:39:38 | INFO     | TRADING PIPELINE INICIADO
2026-04-29 09:39:38 | INFO     | ============================================================
2026-04-29 09:39:38 | INFO     | 📁 Directorios de trabajo configurados
2026-04-29 09:39:38 | INFO     | 🚀 Ejecutando modo: SYNC_TRADES
2026-04-29 09:39:38 | INFO     | 
============================================================
2026-04-29 09:39:38 | INFO     | MODO: SYNC TRADES
2026-04-29 09:39:38 | INFO     | ============================================================

2026-04-29 09:39:38 | INFO     | 🔄 Sincronización completada. Trades cerrados registrados: 0
2026-04-29 09:39:38 | INFO     | ✅ MODO SYNC TRADES COMPLETADO

2026-04-29 09:40:37 | INFO     | ============================================================
2026-04-29 09:40:37 | INFO     | TRADING PIPELINE INICIADO
2026-04-29 09:40:37 | INFO     | ============================================================
2026-04-29 09:40:37 | INFO     | 📁 Directorios de trabajo configurados
2026-04-29 09:40:37 | INFO     | 🚀 Ejecutando modo: SYNC_TRADES
2026-04-29 09:40:37 | INFO     | 
============================================================
2026-04-29 09:40:37 | INFO     | MODO: SYNC TRADES
2026-04-29 09:40:37 | INFO     | ============================================================

2026-04-29 09:40:37 | INFO     | 🔄 Sincronización completada. Trades cerrados registrados: 0
2026-04-29 09:40:37 | INFO     | ✅ MODO SYNC TRADES COMPLETADO

2026-04-29 09:41:38 | INFO     | ============================================================
2026-04-29 09:41:38 | INFO     | TRADING PIPELINE INICIADO
2026-04-29 09:41:38 | INFO     | ============================================================
2026-04-29 09:41:38 | INFO     | 📁 Directorios de trabajo configurados
2026-04-29 09:41:38 | INFO     | 🚀 Ejecutando modo: SYNC_TRADES
2026-04-29 09:41:38 | INFO     | 
============================================================
2026-04-29 09:41:38 | INFO     | MODO: SYNC TRADES
2026-04-29 09:41:38 | INFO     | ============================================================

2026-04-29 09:41:38 | INFO     | 🔄 Sincronización completada. Trades cerrados registrados: 0
2026-04-29 09:41:38 | INFO     | ✅ MODO SYNC TRADES COMPLETADO

2026-04-29 09:42:37 | INFO     | ============================================================
2026-04-29 09:42:37 | INFO     | TRADING PIPELINE INICIADO
2026-04-29 09:42:37 | INFO     | ============================================================
2026-04-29 09:42:37 | INFO     | 📁 Directorios de trabajo configurados
2026-04-29 09:42:37 | INFO     | 🚀 Ejecutando modo: SYNC_TRADES
2026-04-29 09:42:37 | INFO     | 
============================================================
2026-04-29 09:42:37 | INFO     | MODO: SYNC TRADES
2026-04-29 09:42:37 | INFO     | ============================================================

2026-04-29 09:42:37 | INFO     | 🔄 Sincronización completada. Trades cerrados registrados: 0
2026-04-29 09:42:37 | INFO     | ✅ MODO SYNC TRADES COMPLETADO

2026-04-29 09:43:07 | INFO     | ============================================================
2026-04-29 09:43:07 | INFO     | TRADING PIPELINE INICIADO
2026-04-29 09:43:07 | INFO     | ============================================================
2026-04-29 09:43:07 | INFO     | 📁 Directorios de trabajo configurados
2026-04-29 09:43:07 | INFO     | 🚀 Ejecutando modo: PRODUCTION
2026-04-29 09:43:07 | INFO     | 
============================================================
2026-04-29 09:43:07 | INFO     | MODO: PRODUCCIÓN
2026-04-29 09:43:07 | INFO     | ============================================================

2026-04-29 09:43:07 | INFO     | 📥 Cargando datos para producción...
2026-04-29 09:43:07 | INFO     | PASO 1: CARGANDO DATOS
2026-04-29 09:43:07 | INFO     | ------------------------------------------------------------
2026-04-29 09:43:07 | INFO     |   -> Símbolo 'EURUSD' cargado desde config/config.yaml
2026-04-29 09:43:07 | INFO     |   -> Timeframe 'M5' cargado desde config/config.yaml
2026-04-29 09:43:07 | INFO     | ✓ Datos cargados: 3000 filas, 6 columnas.
2026-04-29 09:43:07 | INFO     | PASO 2: LIMPIANDO DATOS
2026-04-29 09:43:07 | INFO     | ------------------------------------------------------------
2026-04-29 09:43:07 | INFO     | ✓ Datos limpios: 3000 filas restantes.
2026-04-29 09:43:07 | INFO     | PASO 3: GENERANDO FEATURES
2026-04-29 09:43:07 | INFO     | ------------------------------------------------------------
2026-04-29 09:43:07 | INFO     |   -> Retornos agregados para períodos: [1, 5, 10]
2026-04-29 09:43:07 | INFO     |   -> Indicadores técnicos agregados.
2026-04-29 09:43:07 | INFO     |   -> Lags agregados para la columna: 'Close'
2026-04-29 09:43:07 | INFO     |   -> Lags agregados para la columna: 'Volume'
2026-04-29 09:43:07 | INFO     |   -> Conteos de valores NaN generados por las features:
2026-04-29 09:43:07 | INFO     | ✓ Features generadas. Total columnas: 37.
2026-04-29 09:43:07 | INFO     | 🏆 Modelo campeón global según backtest: PROPHET
2026-04-29 09:43:07 | INFO     | 🎯 Producción configurada para operar únicamente con el modelo campeón.
2026-04-29 09:43:07 | INFO     | 📦 Release activa de producción: 20260429_063853 (activada 2026-04-29T06:41:48)
2026-04-29 09:43:07 | INFO     | 🔎 Generando señales de producción para TODOS los modelos habilitados...

2026-04-29 09:43:07 | INFO     | ➡ Procesando modelo: PROPHET | params={'changepoint_prior_scale': 0.01, 'daily_seasonality': False, 'seasonality_mode': 'additive', 'seasonality_prior_scale': 1.0, 'use_lagged_regressors': True, 'weekly_seasonality': True, 'yearly_seasonality': False}
2026-04-29 09:43:07 | INFO     |   💾 Intentando cargar el modelo desde: C:\Users\USER\Documentos\Maestria\Mark-III\outputs\models\releases\20260429_063853\prophet_best.pkl
2026-04-29 09:43:07 | INFO     | [PROPHET] Cargando artefacto desde: C:\Users\USER\Documentos\Maestria\Mark-III\outputs\models\releases\20260429_063853\prophet_best.pkl
2026-04-29 09:43:07 | INFO     | [PROPHET] Tipo de artefacto: <class 'dict'>
2026-04-29 09:43:07 | INFO     | [PROPHET] Claves del artefacto: ['model_class', 'params', 'model', 'target_name', 'feature_names']
2026-04-29 09:43:07 | INFO     | [PROPHET] Modelo cargado desde: C:\Users\USER\Documentos\Maestria\Mark-III\outputs\models\releases\20260429_063853\prophet_best.pkl
2026-04-29 09:43:07 | INFO     | [PROPHET] Regresores restaurados: ['Open', 'High', 'Low', 'Close', 'TickVolume', 'Volume', 'Return_1', 'LogReturn_1', 'Return_5', 'ReturnFwd_5', 'LogReturn_5', 'Return_10', 'ReturnFwd_10', 'LogReturn_10', 'SMA_20', 'SMA_50', 'EMA_12', 'EMA_26', 'RSI_14', 'MACD', 'MACD_Signal', 'MACD_Hist', 'BB_Upper', 'BB_Lower', 'BB_Width', 'ATR_14', 'Close_lag1', 'Close_lag2', 'Close_lag3', 'Close_lag5', 'Close_lag10', 'Volume_lag1', 'Volume_lag2', 'Volume_lag3', 'Volume_lag5', 'Volume_lag10']
2026-04-29 09:43:07 | INFO     | [PROPHET] Predicción (yhat) para 2026-04-29 17:35:00: -0.000142
2026-04-29 09:43:07 | INFO     |   📈 Modelo PROPHET -> retorno=-0.000142, pips=-1.66, signal=HOLD, confidence=0.581, entry_plan=nan, SL_plan=nan, TP_plan=nan, entry_live=nan, SL_live=nan, TP_live=nan, lots=0.00, balance=5310.95, risk=0.00
2026-04-29 09:43:07 | INFO     | 
💾 Señales de producción guardadas en: outputs\production\production_signals.csv
2026-04-29 09:43:07 | INFO     | ✅ MODO PRODUCCIÓN COMPLETADO

2026-04-29 09:43:38 | INFO     | ============================================================
2026-04-29 09:43:38 | INFO     | TRADING PIPELINE INICIADO
2026-04-29 09:43:38 | INFO     | ============================================================
2026-04-29 09:43:38 | INFO     | 📁 Directorios de trabajo configurados
2026-04-29 09:43:38 | INFO     | 🚀 Ejecutando modo: SYNC_TRADES
2026-04-29 09:43:38 | INFO     | 
============================================================
2026-04-29 09:43:38 | INFO     | MODO: SYNC TRADES
2026-04-29 09:43:38 | INFO     | ============================================================

2026-04-29 09:43:38 | INFO     | 🔄 Sincronización completada. Trades cerrados registrados: 0
2026-04-29 09:43:38 | INFO     | ✅ MODO SYNC TRADES COMPLETADO

2026-04-29 09:44:37 | INFO     | ============================================================
2026-04-29 09:44:37 | INFO     | TRADING PIPELINE INICIADO
2026-04-29 09:44:37 | INFO     | ============================================================
2026-04-29 09:44:37 | INFO     | 📁 Directorios de trabajo configurados
2026-04-29 09:44:37 | INFO     | 🚀 Ejecutando modo: SYNC_TRADES
2026-04-29 09:44:37 | INFO     | 
============================================================
2026-04-29 09:44:37 | INFO     | MODO: SYNC TRADES
2026-04-29 09:44:37 | INFO     | ============================================================

2026-04-29 09:44:37 | INFO     | 🔄 Sincronización completada. Trades cerrados registrados: 0
2026-04-29 09:44:37 | INFO     | ✅ MODO SYNC TRADES COMPLETADO

2026-04-29 09:45:38 | INFO     | ============================================================
2026-04-29 09:45:38 | INFO     | TRADING PIPELINE INICIADO
2026-04-29 09:45:38 | INFO     | ============================================================
2026-04-29 09:45:38 | INFO     | 📁 Directorios de trabajo configurados
2026-04-29 09:45:38 | INFO     | 🚀 Ejecutando modo: SYNC_TRADES
2026-04-29 09:45:38 | INFO     | 
============================================================
2026-04-29 09:45:38 | INFO     | MODO: SYNC TRADES
2026-04-29 09:45:38 | INFO     | ============================================================

2026-04-29 09:45:38 | INFO     | 🔄 Sincronización completada. Trades cerrados registrados: 0
2026-04-29 09:45:38 | INFO     | ✅ MODO SYNC TRADES COMPLETADO

2026-04-29 09:46:37 | INFO     | ============================================================
2026-04-29 09:46:37 | INFO     | TRADING PIPELINE INICIADO
2026-04-29 09:46:37 | INFO     | ============================================================
2026-04-29 09:46:37 | INFO     | 📁 Directorios de trabajo configurados
2026-04-29 09:46:37 | INFO     | 🚀 Ejecutando modo: SYNC_TRADES
2026-04-29 09:46:37 | INFO     | 
============================================================
2026-04-29 09:46:37 | INFO     | MODO: SYNC TRADES
2026-04-29 09:46:37 | INFO     | ============================================================

2026-04-29 09:46:37 | INFO     | 🔄 Sincronización completada. Trades cerrados registrados: 0
2026-04-29 09:46:37 | INFO     | ✅ MODO SYNC TRADES COMPLETADO

2026-04-29 09:47:37 | INFO     | ============================================================
2026-04-29 09:47:37 | INFO     | TRADING PIPELINE INICIADO
2026-04-29 09:47:37 | INFO     | ============================================================
2026-04-29 09:47:37 | INFO     | 📁 Directorios de trabajo configurados
2026-04-29 09:47:37 | INFO     | 🚀 Ejecutando modo: SYNC_TRADES
2026-04-29 09:47:37 | INFO     | 
============================================================
2026-04-29 09:47:37 | INFO     | MODO: SYNC TRADES
2026-04-29 09:47:37 | INFO     | ============================================================

2026-04-29 09:47:37 | INFO     | 🔄 Sincronización completada. Trades cerrados registrados: 0
2026-04-29 09:47:37 | INFO     | ✅ MODO SYNC TRADES COMPLETADO

2026-04-29 09:48:07 | INFO     | ============================================================
2026-04-29 09:48:07 | INFO     | TRADING PIPELINE INICIADO
2026-04-29 09:48:07 | INFO     | ============================================================
2026-04-29 09:48:07 | INFO     | 📁 Directorios de trabajo configurados
2026-04-29 09:48:07 | INFO     | 🚀 Ejecutando modo: PRODUCTION
2026-04-29 09:48:07 | INFO     | 
============================================================
2026-04-29 09:48:07 | INFO     | MODO: PRODUCCIÓN
2026-04-29 09:48:07 | INFO     | ============================================================

2026-04-29 09:48:07 | INFO     | 📥 Cargando datos para producción...
2026-04-29 09:48:07 | INFO     | PASO 1: CARGANDO DATOS
2026-04-29 09:48:07 | INFO     | ------------------------------------------------------------
2026-04-29 09:48:07 | INFO     |   -> Símbolo 'EURUSD' cargado desde config/config.yaml
2026-04-29 09:48:07 | INFO     |   -> Timeframe 'M5' cargado desde config/config.yaml
2026-04-29 09:48:07 | INFO     | ✓ Datos cargados: 3000 filas, 6 columnas.
2026-04-29 09:48:07 | INFO     | PASO 2: LIMPIANDO DATOS
2026-04-29 09:48:07 | INFO     | ------------------------------------------------------------
2026-04-29 09:48:07 | INFO     | ✓ Datos limpios: 3000 filas restantes.
2026-04-29 09:48:07 | INFO     | PASO 3: GENERANDO FEATURES
2026-04-29 09:48:07 | INFO     | ------------------------------------------------------------
2026-04-29 09:48:07 | INFO     |   -> Retornos agregados para períodos: [1, 5, 10]
2026-04-29 09:48:07 | INFO     |   -> Indicadores técnicos agregados.
2026-04-29 09:48:07 | INFO     |   -> Lags agregados para la columna: 'Close'
2026-04-29 09:48:07 | INFO     |   -> Lags agregados para la columna: 'Volume'
2026-04-29 09:48:07 | INFO     |   -> Conteos de valores NaN generados por las features:
2026-04-29 09:48:07 | INFO     | ✓ Features generadas. Total columnas: 37.
2026-04-29 09:48:07 | INFO     | 🏆 Modelo campeón global según backtest: PROPHET
2026-04-29 09:48:07 | INFO     | 🎯 Producción configurada para operar únicamente con el modelo campeón.
2026-04-29 09:48:07 | INFO     | 📦 Release activa de producción: 20260429_063853 (activada 2026-04-29T06:41:48)
2026-04-29 09:48:07 | INFO     | 🔎 Generando señales de producción para TODOS los modelos habilitados...

2026-04-29 09:48:07 | INFO     | ➡ Procesando modelo: PROPHET | params={'changepoint_prior_scale': 0.01, 'daily_seasonality': False, 'seasonality_mode': 'additive', 'seasonality_prior_scale': 1.0, 'use_lagged_regressors': True, 'weekly_seasonality': True, 'yearly_seasonality': False}
2026-04-29 09:48:07 | INFO     |   💾 Intentando cargar el modelo desde: C:\Users\USER\Documentos\Maestria\Mark-III\outputs\models\releases\20260429_063853\prophet_best.pkl
2026-04-29 09:48:07 | INFO     | [PROPHET] Cargando artefacto desde: C:\Users\USER\Documentos\Maestria\Mark-III\outputs\models\releases\20260429_063853\prophet_best.pkl
2026-04-29 09:48:07 | INFO     | [PROPHET] Tipo de artefacto: <class 'dict'>
2026-04-29 09:48:07 | INFO     | [PROPHET] Claves del artefacto: ['model_class', 'params', 'model', 'target_name', 'feature_names']
2026-04-29 09:48:07 | INFO     | [PROPHET] Modelo cargado desde: C:\Users\USER\Documentos\Maestria\Mark-III\outputs\models\releases\20260429_063853\prophet_best.pkl
2026-04-29 09:48:07 | INFO     | [PROPHET] Regresores restaurados: ['Open', 'High', 'Low', 'Close', 'TickVolume', 'Volume', 'Return_1', 'LogReturn_1', 'Return_5', 'ReturnFwd_5', 'LogReturn_5', 'Return_10', 'ReturnFwd_10', 'LogReturn_10', 'SMA_20', 'SMA_50', 'EMA_12', 'EMA_26', 'RSI_14', 'MACD', 'MACD_Signal', 'MACD_Hist', 'BB_Upper', 'BB_Lower', 'BB_Width', 'ATR_14', 'Close_lag1', 'Close_lag2', 'Close_lag3', 'Close_lag5', 'Close_lag10', 'Volume_lag1', 'Volume_lag2', 'Volume_lag3', 'Volume_lag5', 'Volume_lag10']
2026-04-29 09:48:07 | INFO     | [PROPHET] Predicción (yhat) para 2026-04-29 17:40:00: -0.000265
2026-04-29 09:48:07 | INFO     |   📈 Modelo PROPHET -> retorno=-0.000265, pips=-3.10, signal=SELL, confidence=0.751, entry_plan=1.1692, SL_plan=1.1702, TP_plan=1.1672, entry_live=1.16883, SL_live=1.16983, TP_live=1.16683, lots=0.53, balance=5310.95, risk=53.11
2026-04-29 09:48:07 | INFO     | 
💾 Señales de producción guardadas en: outputs\production\production_signals.csv
2026-04-29 09:48:07 | INFO     | ✅ MODO PRODUCCIÓN COMPLETADO

2026-04-29 09:48:37 | INFO     | ============================================================
2026-04-29 09:48:37 | INFO     | TRADING PIPELINE INICIADO
2026-04-29 09:48:37 | INFO     | ============================================================
2026-04-29 09:48:37 | INFO     | 📁 Directorios de trabajo configurados
2026-04-29 09:48:37 | INFO     | 🚀 Ejecutando modo: SYNC_TRADES
2026-04-29 09:48:37 | INFO     | 
============================================================
2026-04-29 09:48:37 | INFO     | MODO: SYNC TRADES
2026-04-29 09:48:37 | INFO     | ============================================================

2026-04-29 09:48:37 | INFO     | 🔄 Sincronización completada. Trades cerrados registrados: 0
2026-04-29 09:48:37 | INFO     | ✅ MODO SYNC TRADES COMPLETADO

2026-04-29 09:49:37 | INFO     | ============================================================
2026-04-29 09:49:37 | INFO     | TRADING PIPELINE INICIADO
2026-04-29 09:49:37 | INFO     | ============================================================
2026-04-29 09:49:37 | INFO     | 📁 Directorios de trabajo configurados
2026-04-29 09:49:37 | INFO     | 🚀 Ejecutando modo: SYNC_TRADES
2026-04-29 09:49:37 | INFO     | 
============================================================
2026-04-29 09:49:37 | INFO     | MODO: SYNC TRADES
2026-04-29 09:49:37 | INFO     | ============================================================

2026-04-29 09:49:37 | INFO     | 🔄 Sincronización completada. Trades cerrados registrados: 0
2026-04-29 09:49:37 | INFO     | ✅ MODO SYNC TRADES COMPLETADO

2026-04-29 09:50:37 | INFO     | ============================================================
2026-04-29 09:50:37 | INFO     | TRADING PIPELINE INICIADO
2026-04-29 09:50:37 | INFO     | ============================================================
2026-04-29 09:50:37 | INFO     | 📁 Directorios de trabajo configurados
2026-04-29 09:50:37 | INFO     | 🚀 Ejecutando modo: SYNC_TRADES
2026-04-29 09:50:37 | INFO     | 
============================================================
2026-04-29 09:50:37 | INFO     | MODO: SYNC TRADES
2026-04-29 09:50:37 | INFO     | ============================================================

2026-04-29 09:50:37 | INFO     | 🔄 Sincronización completada. Trades cerrados registrados: 0
2026-04-29 09:50:37 | INFO     | ✅ MODO SYNC TRADES COMPLETADO

2026-04-29 09:51:37 | INFO     | ============================================================
2026-04-29 09:51:37 | INFO     | TRADING PIPELINE INICIADO
2026-04-29 09:51:37 | INFO     | ============================================================
2026-04-29 09:51:37 | INFO     | 📁 Directorios de trabajo configurados
2026-04-29 09:51:37 | INFO     | 🚀 Ejecutando modo: SYNC_TRADES
2026-04-29 09:51:37 | INFO     | 
============================================================
2026-04-29 09:51:37 | INFO     | MODO: SYNC TRADES
2026-04-29 09:51:37 | INFO     | ============================================================

2026-04-29 09:51:37 | INFO     | 🔄 Sincronización completada. Trades cerrados registrados: 0
2026-04-29 09:51:37 | INFO     | ✅ MODO SYNC TRADES COMPLETADO

2026-04-29 09:52:37 | INFO     | ============================================================
2026-04-29 09:52:37 | INFO     | TRADING PIPELINE INICIADO
2026-04-29 09:52:37 | INFO     | ============================================================
2026-04-29 09:52:37 | INFO     | 📁 Directorios de trabajo configurados
2026-04-29 09:52:37 | INFO     | 🚀 Ejecutando modo: SYNC_TRADES
2026-04-29 09:52:37 | INFO     | 
============================================================
2026-04-29 09:52:37 | INFO     | MODO: SYNC TRADES
2026-04-29 09:52:37 | INFO     | ============================================================

2026-04-29 09:52:37 | INFO     | 🔄 Sincronización completada. Trades cerrados registrados: 0
2026-04-29 09:52:37 | INFO     | ✅ MODO SYNC TRADES COMPLETADO

2026-04-29 09:53:07 | INFO     | ============================================================
2026-04-29 09:53:07 | INFO     | TRADING PIPELINE INICIADO
2026-04-29 09:53:07 | INFO     | ============================================================
2026-04-29 09:53:07 | INFO     | 📁 Directorios de trabajo configurados
2026-04-29 09:53:07 | INFO     | 🚀 Ejecutando modo: PRODUCTION
2026-04-29 09:53:07 | INFO     | 
============================================================
2026-04-29 09:53:07 | INFO     | MODO: PRODUCCIÓN
2026-04-29 09:53:07 | INFO     | ============================================================

2026-04-29 09:53:07 | INFO     | 📥 Cargando datos para producción...
2026-04-29 09:53:07 | INFO     | PASO 1: CARGANDO DATOS
2026-04-29 09:53:07 | INFO     | ------------------------------------------------------------
2026-04-29 09:53:07 | INFO     |   -> Símbolo 'EURUSD' cargado desde config/config.yaml
2026-04-29 09:53:07 | INFO     |   -> Timeframe 'M5' cargado desde config/config.yaml
2026-04-29 09:53:07 | INFO     | ✓ Datos cargados: 3000 filas, 6 columnas.
2026-04-29 09:53:07 | INFO     | PASO 2: LIMPIANDO DATOS
2026-04-29 09:53:07 | INFO     | ------------------------------------------------------------
2026-04-29 09:53:07 | INFO     | ✓ Datos limpios: 3000 filas restantes.
2026-04-29 09:53:07 | INFO     | PASO 3: GENERANDO FEATURES
2026-04-29 09:53:07 | INFO     | ------------------------------------------------------------
2026-04-29 09:53:07 | INFO     |   -> Retornos agregados para períodos: [1, 5, 10]
2026-04-29 09:53:07 | INFO     |   -> Indicadores técnicos agregados.
2026-04-29 09:53:07 | INFO     |   -> Lags agregados para la columna: 'Close'
2026-04-29 09:53:07 | INFO     |   -> Lags agregados para la columna: 'Volume'
2026-04-29 09:53:07 | INFO     |   -> Conteos de valores NaN generados por las features:
2026-04-29 09:53:07 | INFO     | ✓ Features generadas. Total columnas: 37.
2026-04-29 09:53:07 | INFO     | 🏆 Modelo campeón global según backtest: PROPHET
2026-04-29 09:53:07 | INFO     | 🎯 Producción configurada para operar únicamente con el modelo campeón.
2026-04-29 09:53:07 | INFO     | 📦 Release activa de producción: 20260429_063853 (activada 2026-04-29T06:41:48)
2026-04-29 09:53:07 | INFO     | 🔎 Generando señales de producción para TODOS los modelos habilitados...

2026-04-29 09:53:07 | INFO     | ➡ Procesando modelo: PROPHET | params={'changepoint_prior_scale': 0.01, 'daily_seasonality': False, 'seasonality_mode': 'additive', 'seasonality_prior_scale': 1.0, 'use_lagged_regressors': True, 'weekly_seasonality': True, 'yearly_seasonality': False}
2026-04-29 09:53:07 | INFO     |   💾 Intentando cargar el modelo desde: C:\Users\USER\Documentos\Maestria\Mark-III\outputs\models\releases\20260429_063853\prophet_best.pkl
2026-04-29 09:53:07 | INFO     | [PROPHET] Cargando artefacto desde: C:\Users\USER\Documentos\Maestria\Mark-III\outputs\models\releases\20260429_063853\prophet_best.pkl
2026-04-29 09:53:07 | INFO     | [PROPHET] Tipo de artefacto: <class 'dict'>
2026-04-29 09:53:07 | INFO     | [PROPHET] Claves del artefacto: ['model_class', 'params', 'model', 'target_name', 'feature_names']
2026-04-29 09:53:07 | INFO     | [PROPHET] Modelo cargado desde: C:\Users\USER\Documentos\Maestria\Mark-III\outputs\models\releases\20260429_063853\prophet_best.pkl
2026-04-29 09:53:07 | INFO     | [PROPHET] Regresores restaurados: ['Open', 'High', 'Low', 'Close', 'TickVolume', 'Volume', 'Return_1', 'LogReturn_1', 'Return_5', 'ReturnFwd_5', 'LogReturn_5', 'Return_10', 'ReturnFwd_10', 'LogReturn_10', 'SMA_20', 'SMA_50', 'EMA_12', 'EMA_26', 'RSI_14', 'MACD', 'MACD_Signal', 'MACD_Hist', 'BB_Upper', 'BB_Lower', 'BB_Width', 'ATR_14', 'Close_lag1', 'Close_lag2', 'Close_lag3', 'Close_lag5', 'Close_lag10', 'Volume_lag1', 'Volume_lag2', 'Volume_lag3', 'Volume_lag5', 'Volume_lag10']
2026-04-29 09:53:07 | INFO     | [PROPHET] Predicción (yhat) para 2026-04-29 17:45:00: 0.000522
2026-04-29 09:53:07 | INFO     |   📈 Modelo PROPHET -> retorno=0.000522, pips=6.10, signal=BUY, confidence=0.936, entry_plan=1.16879, SL_plan=1.16779, TP_plan=1.17079, entry_live=1.16967, SL_live=1.16867, TP_live=1.17167, lots=0.53, balance=5310.95, risk=53.11
2026-04-29 09:53:07 | INFO     | 
💾 Señales de producción guardadas en: outputs\production\production_signals.csv
2026-04-29 09:53:07 | INFO     | ✅ MODO PRODUCCIÓN COMPLETADO

2026-04-29 09:53:38 | INFO     | ============================================================
2026-04-29 09:53:38 | INFO     | TRADING PIPELINE INICIADO
2026-04-29 09:53:38 | INFO     | ============================================================
2026-04-29 09:53:38 | INFO     | 📁 Directorios de trabajo configurados
2026-04-29 09:53:38 | INFO     | 🚀 Ejecutando modo: SYNC_TRADES
2026-04-29 09:53:38 | INFO     | 
============================================================
2026-04-29 09:53:38 | INFO     | MODO: SYNC TRADES
2026-04-29 09:53:38 | INFO     | ============================================================

2026-04-29 09:53:38 | INFO     | 🔄 Sincronización completada. Trades cerrados registrados: 0
2026-04-29 09:53:38 | INFO     | ✅ MODO SYNC TRADES COMPLETADO

2026-04-29 09:54:38 | INFO     | ============================================================
2026-04-29 09:54:38 | INFO     | TRADING PIPELINE INICIADO
2026-04-29 09:54:38 | INFO     | ============================================================
2026-04-29 09:54:38 | INFO     | 📁 Directorios de trabajo configurados
2026-04-29 09:54:38 | INFO     | 🚀 Ejecutando modo: SYNC_TRADES
2026-04-29 09:54:38 | INFO     | 
============================================================
2026-04-29 09:54:38 | INFO     | MODO: SYNC TRADES
2026-04-29 09:54:38 | INFO     | ============================================================

2026-04-29 09:54:38 | INFO     | 🔄 Sincronización completada. Trades cerrados registrados: 0
2026-04-29 09:54:38 | INFO     | ✅ MODO SYNC TRADES COMPLETADO

2026-04-29 09:55:39 | INFO     | ============================================================
2026-04-29 09:55:39 | INFO     | TRADING PIPELINE INICIADO
2026-04-29 09:55:39 | INFO     | ============================================================
2026-04-29 09:55:39 | INFO     | 📁 Directorios de trabajo configurados
2026-04-29 09:55:39 | INFO     | 🚀 Ejecutando modo: SYNC_TRADES
2026-04-29 09:55:39 | INFO     | 
============================================================
2026-04-29 09:55:39 | INFO     | MODO: SYNC TRADES
2026-04-29 09:55:39 | INFO     | ============================================================

2026-04-29 09:55:39 | INFO     | 🔄 Sincronización completada. Trades cerrados registrados: 0
2026-04-29 09:55:39 | INFO     | ✅ MODO SYNC TRADES COMPLETADO

2026-04-29 09:56:37 | INFO     | ============================================================
2026-04-29 09:56:37 | INFO     | TRADING PIPELINE INICIADO
2026-04-29 09:56:37 | INFO     | ============================================================
2026-04-29 09:56:37 | INFO     | 📁 Directorios de trabajo configurados
2026-04-29 09:56:37 | INFO     | 🚀 Ejecutando modo: SYNC_TRADES
2026-04-29 09:56:37 | INFO     | 
============================================================
2026-04-29 09:56:37 | INFO     | MODO: SYNC TRADES
2026-04-29 09:56:37 | INFO     | ============================================================

2026-04-29 09:56:37 | INFO     | 🔄 Sincronización completada. Trades cerrados registrados: 0
2026-04-29 09:56:37 | INFO     | ✅ MODO SYNC TRADES COMPLETADO

2026-04-29 09:57:38 | INFO     | ============================================================
2026-04-29 09:57:38 | INFO     | TRADING PIPELINE INICIADO
2026-04-29 09:57:38 | INFO     | ============================================================
2026-04-29 09:57:38 | INFO     | 📁 Directorios de trabajo configurados
2026-04-29 09:57:38 | INFO     | 🚀 Ejecutando modo: SYNC_TRADES
2026-04-29 09:57:38 | INFO     | 
============================================================
2026-04-29 09:57:38 | INFO     | MODO: SYNC TRADES
2026-04-29 09:57:38 | INFO     | ============================================================

2026-04-29 09:57:38 | INFO     | 🔄 Sincronización completada. Trades cerrados registrados: 0
2026-04-29 09:57:38 | INFO     | ✅ MODO SYNC TRADES COMPLETADO

2026-04-29 09:58:07 | INFO     | ============================================================
2026-04-29 09:58:07 | INFO     | TRADING PIPELINE INICIADO
2026-04-29 09:58:07 | INFO     | ============================================================
2026-04-29 09:58:07 | INFO     | 📁 Directorios de trabajo configurados
2026-04-29 09:58:07 | INFO     | 🚀 Ejecutando modo: PRODUCTION
2026-04-29 09:58:07 | INFO     | 
============================================================
2026-04-29 09:58:07 | INFO     | MODO: PRODUCCIÓN
2026-04-29 09:58:07 | INFO     | ============================================================

2026-04-29 09:58:07 | INFO     | 📥 Cargando datos para producción...
2026-04-29 09:58:07 | INFO     | PASO 1: CARGANDO DATOS
2026-04-29 09:58:07 | INFO     | ------------------------------------------------------------
2026-04-29 09:58:07 | INFO     |   -> Símbolo 'EURUSD' cargado desde config/config.yaml
2026-04-29 09:58:07 | INFO     |   -> Timeframe 'M5' cargado desde config/config.yaml
2026-04-29 09:58:07 | INFO     | ✓ Datos cargados: 3000 filas, 6 columnas.
2026-04-29 09:58:07 | INFO     | PASO 2: LIMPIANDO DATOS
2026-04-29 09:58:07 | INFO     | ------------------------------------------------------------
2026-04-29 09:58:07 | INFO     | ✓ Datos limpios: 3000 filas restantes.
2026-04-29 09:58:07 | INFO     | PASO 3: GENERANDO FEATURES
2026-04-29 09:58:07 | INFO     | ------------------------------------------------------------
2026-04-29 09:58:07 | INFO     |   -> Retornos agregados para períodos: [1, 5, 10]
2026-04-29 09:58:07 | INFO     |   -> Indicadores técnicos agregados.
2026-04-29 09:58:07 | INFO     |   -> Lags agregados para la columna: 'Close'
2026-04-29 09:58:07 | INFO     |   -> Lags agregados para la columna: 'Volume'
2026-04-29 09:58:07 | INFO     |   -> Conteos de valores NaN generados por las features:
2026-04-29 09:58:07 | INFO     | ✓ Features generadas. Total columnas: 37.
2026-04-29 09:58:07 | INFO     | 🏆 Modelo campeón global según backtest: PROPHET
2026-04-29 09:58:07 | INFO     | 🎯 Producción configurada para operar únicamente con el modelo campeón.
2026-04-29 09:58:07 | INFO     | 📦 Release activa de producción: 20260429_063853 (activada 2026-04-29T06:41:48)
2026-04-29 09:58:07 | INFO     | 🔎 Generando señales de producción para TODOS los modelos habilitados...

2026-04-29 09:58:07 | INFO     | ➡ Procesando modelo: PROPHET | params={'changepoint_prior_scale': 0.01, 'daily_seasonality': False, 'seasonality_mode': 'additive', 'seasonality_prior_scale': 1.0, 'use_lagged_regressors': True, 'weekly_seasonality': True, 'yearly_seasonality': False}
2026-04-29 09:58:07 | INFO     |   💾 Intentando cargar el modelo desde: C:\Users\USER\Documentos\Maestria\Mark-III\outputs\models\releases\20260429_063853\prophet_best.pkl
2026-04-29 09:58:07 | INFO     | [PROPHET] Cargando artefacto desde: C:\Users\USER\Documentos\Maestria\Mark-III\outputs\models\releases\20260429_063853\prophet_best.pkl
2026-04-29 09:58:07 | INFO     | [PROPHET] Tipo de artefacto: <class 'dict'>
2026-04-29 09:58:07 | INFO     | [PROPHET] Claves del artefacto: ['model_class', 'params', 'model', 'target_name', 'feature_names']
2026-04-29 09:58:07 | INFO     | [PROPHET] Modelo cargado desde: C:\Users\USER\Documentos\Maestria\Mark-III\outputs\models\releases\20260429_063853\prophet_best.pkl
2026-04-29 09:58:07 | INFO     | [PROPHET] Regresores restaurados: ['Open', 'High', 'Low', 'Close', 'TickVolume', 'Volume', 'Return_1', 'LogReturn_1', 'Return_5', 'ReturnFwd_5', 'LogReturn_5', 'Return_10', 'ReturnFwd_10', 'LogReturn_10', 'SMA_20', 'SMA_50', 'EMA_12', 'EMA_26', 'RSI_14', 'MACD', 'MACD_Signal', 'MACD_Hist', 'BB_Upper', 'BB_Lower', 'BB_Width', 'ATR_14', 'Close_lag1', 'Close_lag2', 'Close_lag3', 'Close_lag5', 'Close_lag10', 'Volume_lag1', 'Volume_lag2', 'Volume_lag3', 'Volume_lag5', 'Volume_lag10']
2026-04-29 09:58:07 | INFO     | [PROPHET] Predicción (yhat) para 2026-04-29 17:50:00: -0.000140
2026-04-29 09:58:07 | INFO     |   📈 Modelo PROPHET -> retorno=-0.000140, pips=-1.63, signal=HOLD, confidence=0.579, entry_plan=nan, SL_plan=nan, TP_plan=nan, entry_live=nan, SL_live=nan, TP_live=nan, lots=0.00, balance=5318.9, risk=0.00
2026-04-29 09:58:07 | INFO     | 
💾 Señales de producción guardadas en: outputs\production\production_signals.csv
2026-04-29 09:58:07 | INFO     | ✅ MODO PRODUCCIÓN COMPLETADO

2026-04-29 09:58:38 | INFO     | ============================================================
2026-04-29 09:58:38 | INFO     | TRADING PIPELINE INICIADO
2026-04-29 09:58:38 | INFO     | ============================================================
2026-04-29 09:58:38 | INFO     | 📁 Directorios de trabajo configurados
2026-04-29 09:58:38 | INFO     | 🚀 Ejecutando modo: SYNC_TRADES
2026-04-29 09:58:38 | INFO     | 
============================================================
2026-04-29 09:58:38 | INFO     | MODO: SYNC TRADES
2026-04-29 09:58:38 | INFO     | ============================================================

2026-04-29 09:58:38 | INFO     | 🔄 Sincronización completada. Trades cerrados registrados: 0
2026-04-29 09:58:38 | INFO     | ✅ MODO SYNC TRADES COMPLETADO

2026-04-29 09:59:37 | INFO     | ============================================================
2026-04-29 09:59:37 | INFO     | TRADING PIPELINE INICIADO
2026-04-29 09:59:37 | INFO     | ============================================================
2026-04-29 09:59:37 | INFO     | 📁 Directorios de trabajo configurados
2026-04-29 09:59:37 | INFO     | 🚀 Ejecutando modo: SYNC_TRADES
2026-04-29 09:59:37 | INFO     | 
============================================================
2026-04-29 09:59:37 | INFO     | MODO: SYNC TRADES
2026-04-29 09:59:37 | INFO     | ============================================================

2026-04-29 09:59:37 | INFO     | 🔄 Sincronización completada. Trades cerrados registrados: 0
2026-04-29 09:59:37 | INFO     | ✅ MODO SYNC TRADES COMPLETADO

2026-04-29 10:00:38 | INFO     | ============================================================
2026-04-29 10:00:38 | INFO     | TRADING PIPELINE INICIADO
2026-04-29 10:00:38 | INFO     | ============================================================
2026-04-29 10:00:38 | INFO     | 📁 Directorios de trabajo configurados
2026-04-29 10:00:38 | INFO     | 🚀 Ejecutando modo: SYNC_TRADES
2026-04-29 10:00:38 | INFO     | 
============================================================
2026-04-29 10:00:38 | INFO     | MODO: SYNC TRADES
2026-04-29 10:00:38 | INFO     | ============================================================

2026-04-29 10:00:38 | INFO     | 🔄 Sincronización completada. Trades cerrados registrados: 0
2026-04-29 10:00:38 | INFO     | ✅ MODO SYNC TRADES COMPLETADO

2026-04-29 10:01:37 | INFO     | ============================================================
2026-04-29 10:01:37 | INFO     | TRADING PIPELINE INICIADO
2026-04-29 10:01:37 | INFO     | ============================================================
2026-04-29 10:01:37 | INFO     | 📁 Directorios de trabajo configurados
2026-04-29 10:01:37 | INFO     | 🚀 Ejecutando modo: SYNC_TRADES
2026-04-29 10:01:37 | INFO     | 
============================================================
2026-04-29 10:01:37 | INFO     | MODO: SYNC TRADES
2026-04-29 10:01:37 | INFO     | ============================================================

2026-04-29 10:01:37 | INFO     | 🔄 Sincronización completada. Trades cerrados registrados: 0
2026-04-29 10:01:37 | INFO     | ✅ MODO SYNC TRADES COMPLETADO

2026-04-29 10:02:37 | INFO     | ============================================================
2026-04-29 10:02:37 | INFO     | TRADING PIPELINE INICIADO
2026-04-29 10:02:37 | INFO     | ============================================================
2026-04-29 10:02:37 | INFO     | 📁 Directorios de trabajo configurados
2026-04-29 10:02:37 | INFO     | 🚀 Ejecutando modo: SYNC_TRADES
2026-04-29 10:02:37 | INFO     | 
============================================================
2026-04-29 10:02:37 | INFO     | MODO: SYNC TRADES
2026-04-29 10:02:37 | INFO     | ============================================================

2026-04-29 10:02:38 | INFO     | 🔄 Sincronización completada. Trades cerrados registrados: 0
2026-04-29 10:02:38 | INFO     | ✅ MODO SYNC TRADES COMPLETADO

2026-04-29 10:03:07 | INFO     | ============================================================
2026-04-29 10:03:07 | INFO     | TRADING PIPELINE INICIADO
2026-04-29 10:03:07 | INFO     | ============================================================
2026-04-29 10:03:07 | INFO     | 📁 Directorios de trabajo configurados
2026-04-29 10:03:07 | INFO     | 🚀 Ejecutando modo: PRODUCTION
2026-04-29 10:03:07 | INFO     | 
============================================================
2026-04-29 10:03:07 | INFO     | MODO: PRODUCCIÓN
2026-04-29 10:03:07 | INFO     | ============================================================

2026-04-29 10:03:07 | INFO     | 📥 Cargando datos para producción...
2026-04-29 10:03:07 | INFO     | PASO 1: CARGANDO DATOS
2026-04-29 10:03:07 | INFO     | ------------------------------------------------------------
2026-04-29 10:03:07 | INFO     |   -> Símbolo 'EURUSD' cargado desde config/config.yaml
2026-04-29 10:03:07 | INFO     |   -> Timeframe 'M5' cargado desde config/config.yaml
2026-04-29 10:03:07 | INFO     | ✓ Datos cargados: 3000 filas, 6 columnas.
2026-04-29 10:03:07 | INFO     | PASO 2: LIMPIANDO DATOS
2026-04-29 10:03:07 | INFO     | ------------------------------------------------------------
2026-04-29 10:03:07 | INFO     | ✓ Datos limpios: 3000 filas restantes.
2026-04-29 10:03:07 | INFO     | PASO 3: GENERANDO FEATURES
2026-04-29 10:03:07 | INFO     | ------------------------------------------------------------
2026-04-29 10:03:07 | INFO     |   -> Retornos agregados para períodos: [1, 5, 10]
2026-04-29 10:03:07 | INFO     |   -> Indicadores técnicos agregados.
2026-04-29 10:03:07 | INFO     |   -> Lags agregados para la columna: 'Close'
2026-04-29 10:03:07 | INFO     |   -> Lags agregados para la columna: 'Volume'
2026-04-29 10:03:07 | INFO     |   -> Conteos de valores NaN generados por las features:
2026-04-29 10:03:07 | INFO     | ✓ Features generadas. Total columnas: 37.
2026-04-29 10:03:07 | INFO     | 🏆 Modelo campeón global según backtest: PROPHET
2026-04-29 10:03:07 | INFO     | 🎯 Producción configurada para operar únicamente con el modelo campeón.
2026-04-29 10:03:07 | INFO     | 📦 Release activa de producción: 20260429_063853 (activada 2026-04-29T06:41:48)
2026-04-29 10:03:07 | INFO     | 🔎 Generando señales de producción para TODOS los modelos habilitados...

2026-04-29 10:03:07 | INFO     | ➡ Procesando modelo: PROPHET | params={'changepoint_prior_scale': 0.01, 'daily_seasonality': False, 'seasonality_mode': 'additive', 'seasonality_prior_scale': 1.0, 'use_lagged_regressors': True, 'weekly_seasonality': True, 'yearly_seasonality': False}
2026-04-29 10:03:07 | INFO     |   💾 Intentando cargar el modelo desde: C:\Users\USER\Documentos\Maestria\Mark-III\outputs\models\releases\20260429_063853\prophet_best.pkl
2026-04-29 10:03:07 | INFO     | [PROPHET] Cargando artefacto desde: C:\Users\USER\Documentos\Maestria\Mark-III\outputs\models\releases\20260429_063853\prophet_best.pkl
2026-04-29 10:03:07 | INFO     | [PROPHET] Tipo de artefacto: <class 'dict'>
2026-04-29 10:03:07 | INFO     | [PROPHET] Claves del artefacto: ['model_class', 'params', 'model', 'target_name', 'feature_names']
2026-04-29 10:03:07 | INFO     | [PROPHET] Modelo cargado desde: C:\Users\USER\Documentos\Maestria\Mark-III\outputs\models\releases\20260429_063853\prophet_best.pkl
2026-04-29 10:03:07 | INFO     | [PROPHET] Regresores restaurados: ['Open', 'High', 'Low', 'Close', 'TickVolume', 'Volume', 'Return_1', 'LogReturn_1', 'Return_5', 'ReturnFwd_5', 'LogReturn_5', 'Return_10', 'ReturnFwd_10', 'LogReturn_10', 'SMA_20', 'SMA_50', 'EMA_12', 'EMA_26', 'RSI_14', 'MACD', 'MACD_Signal', 'MACD_Hist', 'BB_Upper', 'BB_Lower', 'BB_Width', 'ATR_14', 'Close_lag1', 'Close_lag2', 'Close_lag3', 'Close_lag5', 'Close_lag10', 'Volume_lag1', 'Volume_lag2', 'Volume_lag3', 'Volume_lag5', 'Volume_lag10']
2026-04-29 10:03:07 | INFO     | [PROPHET] Predicción (yhat) para 2026-04-29 17:55:00: -0.000290
2026-04-29 10:03:07 | INFO     |   📈 Modelo PROPHET -> retorno=-0.000290, pips=-3.40, signal=SELL, confidence=0.786, entry_plan=1.17027, SL_plan=1.17127, TP_plan=1.16827, entry_live=1.16967, SL_live=1.17067, TP_live=1.16767, lots=0.53, balance=5318.9, risk=53.19
2026-04-29 10:03:07 | INFO     | 
💾 Señales de producción guardadas en: outputs\production\production_signals.csv
2026-04-29 10:03:08 | INFO     | ✅ Orden enviada: model=PROPHET signal=SELL symbol=EURUSD lots=0.53 position_id=1845127747 SL=1.1706699999999999 TP=1.16767 protection=PROTECTED
2026-04-29 10:03:08 | INFO     | ✅ MODO PRODUCCIÓN COMPLETADO

2026-04-29 10:03:37 | INFO     | ============================================================
2026-04-29 10:03:37 | INFO     | TRADING PIPELINE INICIADO
2026-04-29 10:03:37 | INFO     | ============================================================
2026-04-29 10:03:37 | INFO     | 📁 Directorios de trabajo configurados
2026-04-29 10:03:37 | INFO     | 🚀 Ejecutando modo: SYNC_TRADES
2026-04-29 10:03:37 | INFO     | 
============================================================
2026-04-29 10:03:37 | INFO     | MODO: SYNC TRADES
2026-04-29 10:03:37 | INFO     | ============================================================

2026-04-29 10:03:37 | INFO     | 🔄 Sincronización completada. Trades cerrados registrados: 0
2026-04-29 10:03:37 | INFO     | ✅ MODO SYNC TRADES COMPLETADO

2026-04-29 10:04:37 | INFO     | ============================================================
2026-04-29 10:04:37 | INFO     | TRADING PIPELINE INICIADO
2026-04-29 10:04:37 | INFO     | ============================================================
2026-04-29 10:04:37 | INFO     | 📁 Directorios de trabajo configurados
2026-04-29 10:04:37 | INFO     | 🚀 Ejecutando modo: SYNC_TRADES
2026-04-29 10:04:37 | INFO     | 
============================================================
2026-04-29 10:04:37 | INFO     | MODO: SYNC TRADES
2026-04-29 10:04:37 | INFO     | ============================================================

2026-04-29 10:04:37 | INFO     | 🔄 Sincronización completada. Trades cerrados registrados: 0
2026-04-29 10:04:37 | INFO     | ✅ MODO SYNC TRADES COMPLETADO

2026-04-29 10:05:38 | INFO     | ============================================================
2026-04-29 10:05:38 | INFO     | TRADING PIPELINE INICIADO
2026-04-29 10:05:38 | INFO     | ============================================================
2026-04-29 10:05:38 | INFO     | 📁 Directorios de trabajo configurados
2026-04-29 10:05:38 | INFO     | 🚀 Ejecutando modo: SYNC_TRADES
2026-04-29 10:05:38 | INFO     | 
============================================================
2026-04-29 10:05:38 | INFO     | MODO: SYNC TRADES
2026-04-29 10:05:38 | INFO     | ============================================================

2026-04-29 10:05:38 | INFO     | 🔄 Sincronización completada. Trades cerrados registrados: 0
2026-04-29 10:05:38 | INFO     | ✅ MODO SYNC TRADES COMPLETADO

2026-04-29 10:06:37 | INFO     | ============================================================
2026-04-29 10:06:37 | INFO     | TRADING PIPELINE INICIADO
2026-04-29 10:06:37 | INFO     | ============================================================
2026-04-29 10:06:37 | INFO     | 📁 Directorios de trabajo configurados
2026-04-29 10:06:37 | INFO     | 🚀 Ejecutando modo: SYNC_TRADES
2026-04-29 10:06:37 | INFO     | 
============================================================
2026-04-29 10:06:37 | INFO     | MODO: SYNC TRADES
2026-04-29 10:06:37 | INFO     | ============================================================

2026-04-29 10:06:37 | INFO     | 🔄 Sincronización completada. Trades cerrados registrados: 0
2026-04-29 10:06:37 | INFO     | ✅ MODO SYNC TRADES COMPLETADO

2026-04-29 10:07:37 | INFO     | ============================================================
2026-04-29 10:07:37 | INFO     | TRADING PIPELINE INICIADO
2026-04-29 10:07:37 | INFO     | ============================================================
2026-04-29 10:07:37 | INFO     | 📁 Directorios de trabajo configurados
2026-04-29 10:07:37 | INFO     | 🚀 Ejecutando modo: SYNC_TRADES
2026-04-29 10:07:37 | INFO     | 
============================================================
2026-04-29 10:07:37 | INFO     | MODO: SYNC TRADES
2026-04-29 10:07:37 | INFO     | ============================================================

2026-04-29 10:07:37 | INFO     | 🔄 Sincronización completada. Trades cerrados registrados: 0
2026-04-29 10:07:37 | INFO     | ✅ MODO SYNC TRADES COMPLETADO

2026-04-29 10:08:08 | INFO     | ============================================================
2026-04-29 10:08:08 | INFO     | TRADING PIPELINE INICIADO
2026-04-29 10:08:08 | INFO     | ============================================================
2026-04-29 10:08:08 | INFO     | 📁 Directorios de trabajo configurados
2026-04-29 10:08:08 | INFO     | 🚀 Ejecutando modo: PRODUCTION
2026-04-29 10:08:08 | INFO     | 
============================================================
2026-04-29 10:08:08 | INFO     | MODO: PRODUCCIÓN
2026-04-29 10:08:08 | INFO     | ============================================================

2026-04-29 10:08:08 | INFO     | 📥 Cargando datos para producción...
2026-04-29 10:08:08 | INFO     | PASO 1: CARGANDO DATOS
2026-04-29 10:08:08 | INFO     | ------------------------------------------------------------
2026-04-29 10:08:08 | INFO     |   -> Símbolo 'EURUSD' cargado desde config/config.yaml
2026-04-29 10:08:08 | INFO     |   -> Timeframe 'M5' cargado desde config/config.yaml
2026-04-29 10:08:08 | INFO     | ✓ Datos cargados: 3000 filas, 6 columnas.
2026-04-29 10:08:08 | INFO     | PASO 2: LIMPIANDO DATOS
2026-04-29 10:08:08 | INFO     | ------------------------------------------------------------
2026-04-29 10:08:08 | INFO     | ✓ Datos limpios: 3000 filas restantes.
2026-04-29 10:08:08 | INFO     | PASO 3: GENERANDO FEATURES
2026-04-29 10:08:08 | INFO     | ------------------------------------------------------------
2026-04-29 10:08:08 | INFO     |   -> Retornos agregados para períodos: [1, 5, 10]
2026-04-29 10:08:08 | INFO     |   -> Indicadores técnicos agregados.
2026-04-29 10:08:08 | INFO     |   -> Lags agregados para la columna: 'Close'
2026-04-29 10:08:08 | INFO     |   -> Lags agregados para la columna: 'Volume'
2026-04-29 10:08:08 | INFO     |   -> Conteos de valores NaN generados por las features:
2026-04-29 10:08:08 | INFO     | ✓ Features generadas. Total columnas: 37.
2026-04-29 10:08:08 | INFO     | 🏆 Modelo campeón global según backtest: PROPHET
2026-04-29 10:08:08 | INFO     | 🎯 Producción configurada para operar únicamente con el modelo campeón.
2026-04-29 10:08:08 | INFO     | 📦 Release activa de producción: 20260429_063853 (activada 2026-04-29T06:41:48)
2026-04-29 10:08:08 | INFO     | 🔎 Generando señales de producción para TODOS los modelos habilitados...

2026-04-29 10:08:08 | INFO     | ➡ Procesando modelo: PROPHET | params={'changepoint_prior_scale': 0.01, 'daily_seasonality': False, 'seasonality_mode': 'additive', 'seasonality_prior_scale': 1.0, 'use_lagged_regressors': True, 'weekly_seasonality': True, 'yearly_seasonality': False}
2026-04-29 10:08:08 | INFO     |   💾 Intentando cargar el modelo desde: C:\Users\USER\Documentos\Maestria\Mark-III\outputs\models\releases\20260429_063853\prophet_best.pkl
2026-04-29 10:08:08 | INFO     | [PROPHET] Cargando artefacto desde: C:\Users\USER\Documentos\Maestria\Mark-III\outputs\models\releases\20260429_063853\prophet_best.pkl
2026-04-29 10:08:08 | INFO     | [PROPHET] Tipo de artefacto: <class 'dict'>
2026-04-29 10:08:08 | INFO     | [PROPHET] Claves del artefacto: ['model_class', 'params', 'model', 'target_name', 'feature_names']
2026-04-29 10:08:08 | INFO     | [PROPHET] Modelo cargado desde: C:\Users\USER\Documentos\Maestria\Mark-III\outputs\models\releases\20260429_063853\prophet_best.pkl
2026-04-29 10:08:08 | INFO     | [PROPHET] Regresores restaurados: ['Open', 'High', 'Low', 'Close', 'TickVolume', 'Volume', 'Return_1', 'LogReturn_1', 'Return_5', 'ReturnFwd_5', 'LogReturn_5', 'Return_10', 'ReturnFwd_10', 'LogReturn_10', 'SMA_20', 'SMA_50', 'EMA_12', 'EMA_26', 'RSI_14', 'MACD', 'MACD_Signal', 'MACD_Hist', 'BB_Upper', 'BB_Lower', 'BB_Width', 'ATR_14', 'Close_lag1', 'Close_lag2', 'Close_lag3', 'Close_lag5', 'Close_lag10', 'Volume_lag1', 'Volume_lag2', 'Volume_lag3', 'Volume_lag5', 'Volume_lag10']
2026-04-29 10:08:08 | INFO     | [PROPHET] Predicción (yhat) para 2026-04-29 18:00:00: 0.000031
2026-04-29 10:08:08 | INFO     |   📈 Modelo PROPHET -> retorno=0.000031, pips=0.36, signal=HOLD, confidence=0.428, entry_plan=nan, SL_plan=nan, TP_plan=nan, entry_live=nan, SL_live=nan, TP_live=nan, lots=0.00, balance=5318.9, risk=0.00
2026-04-29 10:08:08 | INFO     | 
💾 Señales de producción guardadas en: outputs\production\production_signals.csv
2026-04-29 10:08:08 | INFO     | ✅ MODO PRODUCCIÓN COMPLETADO

2026-04-29 10:08:37 | INFO     | ============================================================
2026-04-29 10:08:37 | INFO     | TRADING PIPELINE INICIADO
2026-04-29 10:08:37 | INFO     | ============================================================
2026-04-29 10:08:37 | INFO     | 📁 Directorios de trabajo configurados
2026-04-29 10:08:37 | INFO     | 🚀 Ejecutando modo: SYNC_TRADES
2026-04-29 10:08:37 | INFO     | 
============================================================
2026-04-29 10:08:37 | INFO     | MODO: SYNC TRADES
2026-04-29 10:08:37 | INFO     | ============================================================

2026-04-29 10:08:37 | INFO     | 🔄 Sincronización completada. Trades cerrados registrados: 0
2026-04-29 10:08:37 | INFO     | ✅ MODO SYNC TRADES COMPLETADO

2026-04-29 10:09:37 | INFO     | ============================================================
2026-04-29 10:09:37 | INFO     | TRADING PIPELINE INICIADO
2026-04-29 10:09:37 | INFO     | ============================================================
2026-04-29 10:09:37 | INFO     | 📁 Directorios de trabajo configurados
2026-04-29 10:09:37 | INFO     | 🚀 Ejecutando modo: SYNC_TRADES
2026-04-29 10:09:37 | INFO     | 
============================================================
2026-04-29 10:09:37 | INFO     | MODO: SYNC TRADES
2026-04-29 10:09:37 | INFO     | ============================================================

2026-04-29 10:09:37 | INFO     | 🔄 Sincronización completada. Trades cerrados registrados: 0
2026-04-29 10:09:37 | INFO     | ✅ MODO SYNC TRADES COMPLETADO

2026-04-29 10:10:39 | INFO     | ============================================================
2026-04-29 10:10:39 | INFO     | TRADING PIPELINE INICIADO
2026-04-29 10:10:39 | INFO     | ============================================================
2026-04-29 10:10:39 | INFO     | 📁 Directorios de trabajo configurados
2026-04-29 10:10:39 | INFO     | 🚀 Ejecutando modo: SYNC_TRADES
2026-04-29 10:10:39 | INFO     | 
============================================================
2026-04-29 10:10:39 | INFO     | MODO: SYNC TRADES
2026-04-29 10:10:39 | INFO     | ============================================================

2026-04-29 10:10:39 | INFO     | 🔄 Sincronización completada. Trades cerrados registrados: 0
2026-04-29 10:10:39 | INFO     | ✅ MODO SYNC TRADES COMPLETADO

2026-04-29 10:11:37 | INFO     | ============================================================
2026-04-29 10:11:37 | INFO     | TRADING PIPELINE INICIADO
2026-04-29 10:11:37 | INFO     | ============================================================
2026-04-29 10:11:37 | INFO     | 📁 Directorios de trabajo configurados
2026-04-29 10:11:37 | INFO     | 🚀 Ejecutando modo: SYNC_TRADES
2026-04-29 10:11:37 | INFO     | 
============================================================
2026-04-29 10:11:37 | INFO     | MODO: SYNC TRADES
2026-04-29 10:11:37 | INFO     | ============================================================

2026-04-29 10:11:37 | INFO     | 🔄 Sincronización completada. Trades cerrados registrados: 0
2026-04-29 10:11:37 | INFO     | ✅ MODO SYNC TRADES COMPLETADO

2026-04-29 10:12:37 | INFO     | ============================================================
2026-04-29 10:12:37 | INFO     | TRADING PIPELINE INICIADO
2026-04-29 10:12:37 | INFO     | ============================================================
2026-04-29 10:12:37 | INFO     | 📁 Directorios de trabajo configurados
2026-04-29 10:12:37 | INFO     | 🚀 Ejecutando modo: SYNC_TRADES
2026-04-29 10:12:37 | INFO     | 
============================================================
2026-04-29 10:12:37 | INFO     | MODO: SYNC TRADES
2026-04-29 10:12:37 | INFO     | ============================================================

2026-04-29 10:12:37 | INFO     | 🔄 Sincronización completada. Trades cerrados registrados: 0
2026-04-29 10:12:37 | INFO     | ✅ MODO SYNC TRADES COMPLETADO

2026-04-29 10:13:07 | INFO     | ============================================================
2026-04-29 10:13:07 | INFO     | TRADING PIPELINE INICIADO
2026-04-29 10:13:07 | INFO     | ============================================================
2026-04-29 10:13:07 | INFO     | 📁 Directorios de trabajo configurados
2026-04-29 10:13:07 | INFO     | 🚀 Ejecutando modo: PRODUCTION
2026-04-29 10:13:07 | INFO     | 
============================================================
2026-04-29 10:13:07 | INFO     | MODO: PRODUCCIÓN
2026-04-29 10:13:07 | INFO     | ============================================================

2026-04-29 10:13:07 | INFO     | 📥 Cargando datos para producción...
2026-04-29 10:13:07 | INFO     | PASO 1: CARGANDO DATOS
2026-04-29 10:13:07 | INFO     | ------------------------------------------------------------
2026-04-29 10:13:07 | INFO     |   -> Símbolo 'EURUSD' cargado desde config/config.yaml
2026-04-29 10:13:07 | INFO     |   -> Timeframe 'M5' cargado desde config/config.yaml
2026-04-29 10:13:07 | INFO     | ✓ Datos cargados: 3000 filas, 6 columnas.
2026-04-29 10:13:07 | INFO     | PASO 2: LIMPIANDO DATOS
2026-04-29 10:13:07 | INFO     | ------------------------------------------------------------
2026-04-29 10:13:07 | INFO     | ✓ Datos limpios: 3000 filas restantes.
2026-04-29 10:13:07 | INFO     | PASO 3: GENERANDO FEATURES
2026-04-29 10:13:07 | INFO     | ------------------------------------------------------------
2026-04-29 10:13:07 | INFO     |   -> Retornos agregados para períodos: [1, 5, 10]
2026-04-29 10:13:07 | INFO     |   -> Indicadores técnicos agregados.
2026-04-29 10:13:07 | INFO     |   -> Lags agregados para la columna: 'Close'
2026-04-29 10:13:07 | INFO     |   -> Lags agregados para la columna: 'Volume'
2026-04-29 10:13:07 | INFO     |   -> Conteos de valores NaN generados por las features:
2026-04-29 10:13:07 | INFO     | ✓ Features generadas. Total columnas: 37.
2026-04-29 10:13:07 | INFO     | 🏆 Modelo campeón global según backtest: PROPHET
2026-04-29 10:13:07 | INFO     | 🎯 Producción configurada para operar únicamente con el modelo campeón.
2026-04-29 10:13:07 | INFO     | 📦 Release activa de producción: 20260429_063853 (activada 2026-04-29T06:41:48)
2026-04-29 10:13:07 | INFO     | 🔎 Generando señales de producción para TODOS los modelos habilitados...

2026-04-29 10:13:07 | INFO     | ➡ Procesando modelo: PROPHET | params={'changepoint_prior_scale': 0.01, 'daily_seasonality': False, 'seasonality_mode': 'additive', 'seasonality_prior_scale': 1.0, 'use_lagged_regressors': True, 'weekly_seasonality': True, 'yearly_seasonality': False}
2026-04-29 10:13:07 | INFO     |   💾 Intentando cargar el modelo desde: C:\Users\USER\Documentos\Maestria\Mark-III\outputs\models\releases\20260429_063853\prophet_best.pkl
2026-04-29 10:13:07 | INFO     | [PROPHET] Cargando artefacto desde: C:\Users\USER\Documentos\Maestria\Mark-III\outputs\models\releases\20260429_063853\prophet_best.pkl
2026-04-29 10:13:07 | INFO     | [PROPHET] Tipo de artefacto: <class 'dict'>
2026-04-29 10:13:07 | INFO     | [PROPHET] Claves del artefacto: ['model_class', 'params', 'model', 'target_name', 'feature_names']
2026-04-29 10:13:07 | INFO     | [PROPHET] Modelo cargado desde: C:\Users\USER\Documentos\Maestria\Mark-III\outputs\models\releases\20260429_063853\prophet_best.pkl
2026-04-29 10:13:07 | INFO     | [PROPHET] Regresores restaurados: ['Open', 'High', 'Low', 'Close', 'TickVolume', 'Volume', 'Return_1', 'LogReturn_1', 'Return_5', 'ReturnFwd_5', 'LogReturn_5', 'Return_10', 'ReturnFwd_10', 'LogReturn_10', 'SMA_20', 'SMA_50', 'EMA_12', 'EMA_26', 'RSI_14', 'MACD', 'MACD_Signal', 'MACD_Hist', 'BB_Upper', 'BB_Lower', 'BB_Width', 'ATR_14', 'Close_lag1', 'Close_lag2', 'Close_lag3', 'Close_lag5', 'Close_lag10', 'Volume_lag1', 'Volume_lag2', 'Volume_lag3', 'Volume_lag5', 'Volume_lag10']
2026-04-29 10:13:07 | INFO     | [PROPHET] Predicción (yhat) para 2026-04-29 18:05:00: 0.000126
2026-04-29 10:13:07 | INFO     |   📈 Modelo PROPHET -> retorno=0.000126, pips=1.47, signal=HOLD, confidence=0.560, entry_plan=nan, SL_plan=nan, TP_plan=nan, entry_live=nan, SL_live=nan, TP_live=nan, lots=0.00, balance=5318.9, risk=0.00
2026-04-29 10:13:07 | INFO     | 
💾 Señales de producción guardadas en: outputs\production\production_signals.csv
2026-04-29 10:13:07 | INFO     | ✅ MODO PRODUCCIÓN COMPLETADO

2026-04-29 10:13:37 | INFO     | ============================================================
2026-04-29 10:13:37 | INFO     | TRADING PIPELINE INICIADO
2026-04-29 10:13:37 | INFO     | ============================================================
2026-04-29 10:13:37 | INFO     | 📁 Directorios de trabajo configurados
2026-04-29 10:13:37 | INFO     | 🚀 Ejecutando modo: SYNC_TRADES
2026-04-29 10:13:37 | INFO     | 
============================================================
2026-04-29 10:13:37 | INFO     | MODO: SYNC TRADES
2026-04-29 10:13:37 | INFO     | ============================================================

2026-04-29 10:13:37 | INFO     | 🔄 Sincronización completada. Trades cerrados registrados: 0
2026-04-29 10:13:37 | INFO     | ✅ MODO SYNC TRADES COMPLETADO

2026-04-29 10:14:37 | INFO     | ============================================================
2026-04-29 10:14:37 | INFO     | TRADING PIPELINE INICIADO
2026-04-29 10:14:37 | INFO     | ============================================================
2026-04-29 10:14:37 | INFO     | 📁 Directorios de trabajo configurados
2026-04-29 10:14:37 | INFO     | 🚀 Ejecutando modo: SYNC_TRADES
2026-04-29 10:14:37 | INFO     | 
============================================================
2026-04-29 10:14:37 | INFO     | MODO: SYNC TRADES
2026-04-29 10:14:37 | INFO     | ============================================================

2026-04-29 10:14:37 | INFO     | 🔄 Sincronización completada. Trades cerrados registrados: 0
2026-04-29 10:14:37 | INFO     | ✅ MODO SYNC TRADES COMPLETADO

2026-04-29 10:15:38 | INFO     | ============================================================
2026-04-29 10:15:38 | INFO     | TRADING PIPELINE INICIADO
2026-04-29 10:15:38 | INFO     | ============================================================
2026-04-29 10:15:38 | INFO     | 📁 Directorios de trabajo configurados
2026-04-29 10:15:38 | INFO     | 🚀 Ejecutando modo: SYNC_TRADES
2026-04-29 10:15:38 | INFO     | 
============================================================
2026-04-29 10:15:38 | INFO     | MODO: SYNC TRADES
2026-04-29 10:15:38 | INFO     | ============================================================

2026-04-29 10:15:38 | INFO     | 🔄 Sincronización completada. Trades cerrados registrados: 0
2026-04-29 10:15:38 | INFO     | ✅ MODO SYNC TRADES COMPLETADO

2026-04-29 10:16:38 | INFO     | ============================================================
2026-04-29 10:16:38 | INFO     | TRADING PIPELINE INICIADO
2026-04-29 10:16:38 | INFO     | ============================================================
2026-04-29 10:16:38 | INFO     | 📁 Directorios de trabajo configurados
2026-04-29 10:16:38 | INFO     | 🚀 Ejecutando modo: SYNC_TRADES
2026-04-29 10:16:38 | INFO     | 
============================================================
2026-04-29 10:16:38 | INFO     | MODO: SYNC TRADES
2026-04-29 10:16:38 | INFO     | ============================================================

2026-04-29 10:16:38 | INFO     | 🔄 Sincronización completada. Trades cerrados registrados: 0
2026-04-29 10:16:38 | INFO     | ✅ MODO SYNC TRADES COMPLETADO

2026-04-29 10:17:37 | INFO     | ============================================================
2026-04-29 10:17:37 | INFO     | TRADING PIPELINE INICIADO
2026-04-29 10:17:37 | INFO     | ============================================================
2026-04-29 10:17:37 | INFO     | 📁 Directorios de trabajo configurados
2026-04-29 10:17:37 | INFO     | 🚀 Ejecutando modo: SYNC_TRADES
2026-04-29 10:17:37 | INFO     | 
============================================================
2026-04-29 10:17:37 | INFO     | MODO: SYNC TRADES
2026-04-29 10:17:37 | INFO     | ============================================================

2026-04-29 10:17:37 | INFO     | 🔄 Sincronización completada. Trades cerrados registrados: 0
2026-04-29 10:17:37 | INFO     | ✅ MODO SYNC TRADES COMPLETADO

2026-04-29 10:18:07 | INFO     | ============================================================
2026-04-29 10:18:07 | INFO     | TRADING PIPELINE INICIADO
2026-04-29 10:18:07 | INFO     | ============================================================
2026-04-29 10:18:07 | INFO     | 📁 Directorios de trabajo configurados
2026-04-29 10:18:07 | INFO     | 🚀 Ejecutando modo: PRODUCTION
2026-04-29 10:18:07 | INFO     | 
============================================================
2026-04-29 10:18:07 | INFO     | MODO: PRODUCCIÓN
2026-04-29 10:18:07 | INFO     | ============================================================

2026-04-29 10:18:07 | INFO     | 📥 Cargando datos para producción...
2026-04-29 10:18:07 | INFO     | PASO 1: CARGANDO DATOS
2026-04-29 10:18:07 | INFO     | ------------------------------------------------------------
2026-04-29 10:18:07 | INFO     |   -> Símbolo 'EURUSD' cargado desde config/config.yaml
2026-04-29 10:18:07 | INFO     |   -> Timeframe 'M5' cargado desde config/config.yaml
2026-04-29 10:18:07 | INFO     | ✓ Datos cargados: 3000 filas, 6 columnas.
2026-04-29 10:18:07 | INFO     | PASO 2: LIMPIANDO DATOS
2026-04-29 10:18:07 | INFO     | ------------------------------------------------------------
2026-04-29 10:18:07 | INFO     | ✓ Datos limpios: 3000 filas restantes.
2026-04-29 10:18:07 | INFO     | PASO 3: GENERANDO FEATURES
2026-04-29 10:18:07 | INFO     | ------------------------------------------------------------
2026-04-29 10:18:07 | INFO     |   -> Retornos agregados para períodos: [1, 5, 10]
2026-04-29 10:18:07 | INFO     |   -> Indicadores técnicos agregados.
2026-04-29 10:18:07 | INFO     |   -> Lags agregados para la columna: 'Close'
2026-04-29 10:18:07 | INFO     |   -> Lags agregados para la columna: 'Volume'
2026-04-29 10:18:07 | INFO     |   -> Conteos de valores NaN generados por las features:
2026-04-29 10:18:07 | INFO     | ✓ Features generadas. Total columnas: 37.
2026-04-29 10:18:07 | INFO     | 🏆 Modelo campeón global según backtest: PROPHET
2026-04-29 10:18:07 | INFO     | 🎯 Producción configurada para operar únicamente con el modelo campeón.
2026-04-29 10:18:07 | INFO     | 📦 Release activa de producción: 20260429_063853 (activada 2026-04-29T06:41:48)
2026-04-29 10:18:07 | INFO     | Presupuesto de riesgo: total=53.19 | abierto=53.00 | restante=0.19 | por_trade=53.19
2026-04-29 10:18:07 | INFO     | 🔎 Generando señales de producción para TODOS los modelos habilitados...

2026-04-29 10:18:07 | INFO     | ➡ Procesando modelo: PROPHET | params={'changepoint_prior_scale': 0.01, 'daily_seasonality': False, 'seasonality_mode': 'additive', 'seasonality_prior_scale': 1.0, 'use_lagged_regressors': True, 'weekly_seasonality': True, 'yearly_seasonality': False}
2026-04-29 10:18:07 | INFO     |   💾 Intentando cargar el modelo desde: C:\Users\USER\Documentos\Maestria\Mark-III\outputs\models\releases\20260429_063853\prophet_best.pkl
2026-04-29 10:18:07 | INFO     | [PROPHET] Cargando artefacto desde: C:\Users\USER\Documentos\Maestria\Mark-III\outputs\models\releases\20260429_063853\prophet_best.pkl
2026-04-29 10:18:07 | INFO     | [PROPHET] Tipo de artefacto: <class 'dict'>
2026-04-29 10:18:07 | INFO     | [PROPHET] Claves del artefacto: ['model_class', 'params', 'model', 'target_name', 'feature_names']
2026-04-29 10:18:07 | INFO     | [PROPHET] Modelo cargado desde: C:\Users\USER\Documentos\Maestria\Mark-III\outputs\models\releases\20260429_063853\prophet_best.pkl
2026-04-29 10:18:07 | INFO     | [PROPHET] Regresores restaurados: ['Open', 'High', 'Low', 'Close', 'TickVolume', 'Volume', 'Return_1', 'LogReturn_1', 'Return_5', 'ReturnFwd_5', 'LogReturn_5', 'Return_10', 'ReturnFwd_10', 'LogReturn_10', 'SMA_20', 'SMA_50', 'EMA_12', 'EMA_26', 'RSI_14', 'MACD', 'MACD_Signal', 'MACD_Hist', 'BB_Upper', 'BB_Lower', 'BB_Width', 'ATR_14', 'Close_lag1', 'Close_lag2', 'Close_lag3', 'Close_lag5', 'Close_lag10', 'Volume_lag1', 'Volume_lag2', 'Volume_lag3', 'Volume_lag5', 'Volume_lag10']
2026-04-29 10:18:07 | INFO     | [PROPHET] Predicción (yhat) para 2026-04-29 18:10:00: 0.000025
2026-04-29 10:18:07 | INFO     |   📈 Modelo PROPHET -> retorno=0.000025, pips=0.29, signal=HOLD, confidence=0.421, entry_plan=nan, SL_plan=nan, TP_plan=nan, entry_live=nan, SL_live=nan, TP_live=nan, lots=0.00, balance=5318.9, risk=0.00
2026-04-29 10:18:07 | INFO     | 
💾 Señales de producción guardadas en: outputs\production\production_signals.csv
2026-04-29 10:18:07 | INFO     | ✅ MODO PRODUCCIÓN COMPLETADO

2026-04-29 10:18:37 | INFO     | ============================================================
2026-04-29 10:18:37 | INFO     | TRADING PIPELINE INICIADO
2026-04-29 10:18:37 | INFO     | ============================================================
2026-04-29 10:18:37 | INFO     | 📁 Directorios de trabajo configurados
2026-04-29 10:18:37 | INFO     | 🚀 Ejecutando modo: SYNC_TRADES
2026-04-29 10:18:37 | INFO     | 
============================================================
2026-04-29 10:18:37 | INFO     | MODO: SYNC TRADES
2026-04-29 10:18:37 | INFO     | ============================================================

2026-04-29 10:18:37 | INFO     | 🔄 Sincronización completada. Trades cerrados registrados: 0
2026-04-29 10:18:37 | INFO     | ✅ MODO SYNC TRADES COMPLETADO

2026-04-29 10:19:37 | INFO     | ============================================================
2026-04-29 10:19:37 | INFO     | TRADING PIPELINE INICIADO
2026-04-29 10:19:37 | INFO     | ============================================================
2026-04-29 10:19:37 | INFO     | 📁 Directorios de trabajo configurados
2026-04-29 10:19:37 | INFO     | 🚀 Ejecutando modo: SYNC_TRADES
2026-04-29 10:19:37 | INFO     | 
============================================================
2026-04-29 10:19:37 | INFO     | MODO: SYNC TRADES
2026-04-29 10:19:37 | INFO     | ============================================================

2026-04-29 10:19:37 | INFO     | 🔄 Sincronización completada. Trades cerrados registrados: 0
2026-04-29 10:19:37 | INFO     | ✅ MODO SYNC TRADES COMPLETADO

2026-04-29 10:20:38 | INFO     | ============================================================
2026-04-29 10:20:38 | INFO     | TRADING PIPELINE INICIADO
2026-04-29 10:20:38 | INFO     | ============================================================
2026-04-29 10:20:38 | INFO     | 📁 Directorios de trabajo configurados
2026-04-29 10:20:38 | INFO     | 🚀 Ejecutando modo: SYNC_TRADES
2026-04-29 10:20:38 | INFO     | 
============================================================
2026-04-29 10:20:38 | INFO     | MODO: SYNC TRADES
2026-04-29 10:20:38 | INFO     | ============================================================

2026-04-29 10:20:38 | INFO     | 🔄 Sincronización completada. Trades cerrados registrados: 0
2026-04-29 10:20:38 | INFO     | ✅ MODO SYNC TRADES COMPLETADO

2026-04-29 10:21:38 | INFO     | ============================================================
2026-04-29 10:21:38 | INFO     | TRADING PIPELINE INICIADO
2026-04-29 10:21:38 | INFO     | ============================================================
2026-04-29 10:21:38 | INFO     | 📁 Directorios de trabajo configurados
2026-04-29 10:21:38 | INFO     | 🚀 Ejecutando modo: SYNC_TRADES
2026-04-29 10:21:38 | INFO     | 
============================================================
2026-04-29 10:21:38 | INFO     | MODO: SYNC TRADES
2026-04-29 10:21:38 | INFO     | ============================================================

2026-04-29 10:21:38 | INFO     | 🔄 Sincronización completada. Trades cerrados registrados: 0
2026-04-29 10:21:38 | INFO     | ✅ MODO SYNC TRADES COMPLETADO

2026-04-29 10:22:37 | INFO     | ============================================================
2026-04-29 10:22:37 | INFO     | TRADING PIPELINE INICIADO
2026-04-29 10:22:37 | INFO     | ============================================================
2026-04-29 10:22:37 | INFO     | 📁 Directorios de trabajo configurados
2026-04-29 10:22:37 | INFO     | 🚀 Ejecutando modo: SYNC_TRADES
2026-04-29 10:22:37 | INFO     | 
============================================================
2026-04-29 10:22:37 | INFO     | MODO: SYNC TRADES
2026-04-29 10:22:37 | INFO     | ============================================================

2026-04-29 10:22:37 | INFO     | 🔄 Sincronización completada. Trades cerrados registrados: 0
2026-04-29 10:22:37 | INFO     | ✅ MODO SYNC TRADES COMPLETADO

2026-04-29 10:23:07 | INFO     | ============================================================
2026-04-29 10:23:07 | INFO     | TRADING PIPELINE INICIADO
2026-04-29 10:23:07 | INFO     | ============================================================
2026-04-29 10:23:07 | INFO     | 📁 Directorios de trabajo configurados
2026-04-29 10:23:07 | INFO     | 🚀 Ejecutando modo: PRODUCTION
2026-04-29 10:23:07 | INFO     | 
============================================================
2026-04-29 10:23:07 | INFO     | MODO: PRODUCCIÓN
2026-04-29 10:23:07 | INFO     | ============================================================

2026-04-29 10:23:07 | INFO     | 📥 Cargando datos para producción...
2026-04-29 10:23:07 | INFO     | PASO 1: CARGANDO DATOS
2026-04-29 10:23:07 | INFO     | ------------------------------------------------------------
2026-04-29 10:23:07 | INFO     |   -> Símbolo 'EURUSD' cargado desde config/config.yaml
2026-04-29 10:23:07 | INFO     |   -> Timeframe 'M5' cargado desde config/config.yaml
2026-04-29 10:23:07 | INFO     | ✓ Datos cargados: 3000 filas, 6 columnas.
2026-04-29 10:23:07 | INFO     | PASO 2: LIMPIANDO DATOS
2026-04-29 10:23:07 | INFO     | ------------------------------------------------------------
2026-04-29 10:23:07 | INFO     | ✓ Datos limpios: 3000 filas restantes.
2026-04-29 10:23:07 | INFO     | PASO 3: GENERANDO FEATURES
2026-04-29 10:23:07 | INFO     | ------------------------------------------------------------
2026-04-29 10:23:07 | INFO     |   -> Retornos agregados para períodos: [1, 5, 10]
2026-04-29 10:23:07 | INFO     |   -> Indicadores técnicos agregados.
2026-04-29 10:23:07 | INFO     |   -> Lags agregados para la columna: 'Close'
2026-04-29 10:23:07 | INFO     |   -> Lags agregados para la columna: 'Volume'
2026-04-29 10:23:07 | INFO     |   -> Conteos de valores NaN generados por las features:
2026-04-29 10:23:07 | INFO     | ✓ Features generadas. Total columnas: 37.
2026-04-29 10:23:07 | INFO     | 🏆 Modelo campeón global según backtest: PROPHET
2026-04-29 10:23:07 | INFO     | 🎯 Producción configurada para operar únicamente con el modelo campeón.
2026-04-29 10:23:07 | INFO     | 📦 Release activa de producción: 20260429_063853 (activada 2026-04-29T06:41:48)
2026-04-29 10:23:07 | INFO     | Presupuesto de riesgo: total=53.19 | abierto=53.00 | restante=0.19 | por_trade=53.19
2026-04-29 10:23:07 | INFO     | 🔎 Generando señales de producción para TODOS los modelos habilitados...

2026-04-29 10:23:07 | INFO     | ➡ Procesando modelo: PROPHET | params={'changepoint_prior_scale': 0.01, 'daily_seasonality': False, 'seasonality_mode': 'additive', 'seasonality_prior_scale': 1.0, 'use_lagged_regressors': True, 'weekly_seasonality': True, 'yearly_seasonality': False}
2026-04-29 10:23:07 | INFO     |   💾 Intentando cargar el modelo desde: C:\Users\USER\Documentos\Maestria\Mark-III\outputs\models\releases\20260429_063853\prophet_best.pkl
2026-04-29 10:23:07 | INFO     | [PROPHET] Cargando artefacto desde: C:\Users\USER\Documentos\Maestria\Mark-III\outputs\models\releases\20260429_063853\prophet_best.pkl
2026-04-29 10:23:07 | INFO     | [PROPHET] Tipo de artefacto: <class 'dict'>
2026-04-29 10:23:07 | INFO     | [PROPHET] Claves del artefacto: ['model_class', 'params', 'model', 'target_name', 'feature_names']
2026-04-29 10:23:07 | INFO     | [PROPHET] Modelo cargado desde: C:\Users\USER\Documentos\Maestria\Mark-III\outputs\models\releases\20260429_063853\prophet_best.pkl
2026-04-29 10:23:07 | INFO     | [PROPHET] Regresores restaurados: ['Open', 'High', 'Low', 'Close', 'TickVolume', 'Volume', 'Return_1', 'LogReturn_1', 'Return_5', 'ReturnFwd_5', 'LogReturn_5', 'Return_10', 'ReturnFwd_10', 'LogReturn_10', 'SMA_20', 'SMA_50', 'EMA_12', 'EMA_26', 'RSI_14', 'MACD', 'MACD_Signal', 'MACD_Hist', 'BB_Upper', 'BB_Lower', 'BB_Width', 'ATR_14', 'Close_lag1', 'Close_lag2', 'Close_lag3', 'Close_lag5', 'Close_lag10', 'Volume_lag1', 'Volume_lag2', 'Volume_lag3', 'Volume_lag5', 'Volume_lag10']
2026-04-29 10:23:07 | INFO     | [PROPHET] Predicción (yhat) para 2026-04-29 18:15:00: -0.000237
2026-04-29 10:23:37 | INFO     | ============================================================
2026-04-29 10:23:37 | INFO     | TRADING PIPELINE INICIADO
2026-04-29 10:23:37 | INFO     | ============================================================
2026-04-29 10:23:37 | INFO     | 📁 Directorios de trabajo configurados
2026-04-29 10:23:37 | INFO     | 🚀 Ejecutando modo: SYNC_TRADES
2026-04-29 10:23:37 | INFO     | 
============================================================
2026-04-29 10:23:37 | INFO     | MODO: SYNC TRADES
2026-04-29 10:23:37 | INFO     | ============================================================

2026-04-29 10:23:37 | INFO     | 🔄 Sincronización completada. Trades cerrados registrados: 0
2026-04-29 10:23:37 | INFO     | ✅ MODO SYNC TRADES COMPLETADO

2026-04-29 10:24:37 | INFO     | ============================================================
2026-04-29 10:24:37 | INFO     | TRADING PIPELINE INICIADO
2026-04-29 10:24:37 | INFO     | ============================================================
2026-04-29 10:24:37 | INFO     | 📁 Directorios de trabajo configurados
2026-04-29 10:24:37 | INFO     | 🚀 Ejecutando modo: SYNC_TRADES
2026-04-29 10:24:37 | INFO     | 
============================================================
2026-04-29 10:24:37 | INFO     | MODO: SYNC TRADES
2026-04-29 10:24:37 | INFO     | ============================================================

2026-04-29 10:24:37 | INFO     | 🔄 Sincronización completada. Trades cerrados registrados: 0
2026-04-29 10:24:37 | INFO     | ✅ MODO SYNC TRADES COMPLETADO

2026-04-29 10:25:38 | INFO     | ============================================================
2026-04-29 10:25:38 | INFO     | TRADING PIPELINE INICIADO
2026-04-29 10:25:38 | INFO     | ============================================================
2026-04-29 10:25:38 | INFO     | 📁 Directorios de trabajo configurados
2026-04-29 10:25:38 | INFO     | 🚀 Ejecutando modo: SYNC_TRADES
2026-04-29 10:25:38 | INFO     | 
============================================================
2026-04-29 10:25:38 | INFO     | MODO: SYNC TRADES
2026-04-29 10:25:38 | INFO     | ============================================================

2026-04-29 10:25:38 | INFO     | 🔄 Sincronización completada. Trades cerrados registrados: 0
2026-04-29 10:25:38 | INFO     | ✅ MODO SYNC TRADES COMPLETADO

2026-04-29 10:26:38 | INFO     | ============================================================
2026-04-29 10:26:38 | INFO     | TRADING PIPELINE INICIADO
2026-04-29 10:26:38 | INFO     | ============================================================
2026-04-29 10:26:38 | INFO     | 📁 Directorios de trabajo configurados
2026-04-29 10:26:38 | INFO     | 🚀 Ejecutando modo: SYNC_TRADES
2026-04-29 10:26:38 | INFO     | 
============================================================
2026-04-29 10:26:38 | INFO     | MODO: SYNC TRADES
2026-04-29 10:26:38 | INFO     | ============================================================

2026-04-29 10:26:38 | INFO     | 🔄 Sincronización completada. Trades cerrados registrados: 0
2026-04-29 10:26:38 | INFO     | ✅ MODO SYNC TRADES COMPLETADO

2026-04-29 10:27:37 | INFO     | ============================================================
2026-04-29 10:27:37 | INFO     | TRADING PIPELINE INICIADO
2026-04-29 10:27:37 | INFO     | ============================================================
2026-04-29 10:27:37 | INFO     | 📁 Directorios de trabajo configurados
2026-04-29 10:27:37 | INFO     | 🚀 Ejecutando modo: SYNC_TRADES
2026-04-29 10:27:37 | INFO     | 
============================================================
2026-04-29 10:27:37 | INFO     | MODO: SYNC TRADES
2026-04-29 10:27:37 | INFO     | ============================================================

2026-04-29 10:27:38 | INFO     | 🔄 Sincronización completada. Trades cerrados registrados: 0
2026-04-29 10:27:38 | INFO     | ✅ MODO SYNC TRADES COMPLETADO

2026-04-29 10:28:08 | INFO     | ============================================================
2026-04-29 10:28:08 | INFO     | TRADING PIPELINE INICIADO
2026-04-29 10:28:08 | INFO     | ============================================================
2026-04-29 10:28:08 | INFO     | 📁 Directorios de trabajo configurados
2026-04-29 10:28:08 | INFO     | 🚀 Ejecutando modo: PRODUCTION
2026-04-29 10:28:08 | INFO     | 
============================================================
2026-04-29 10:28:08 | INFO     | MODO: PRODUCCIÓN
2026-04-29 10:28:08 | INFO     | ============================================================

2026-04-29 10:28:08 | INFO     | 📥 Cargando datos para producción...
2026-04-29 10:28:08 | INFO     | PASO 1: CARGANDO DATOS
2026-04-29 10:28:08 | INFO     | ------------------------------------------------------------
2026-04-29 10:28:08 | INFO     |   -> Símbolo 'EURUSD' cargado desde config/config.yaml
2026-04-29 10:28:08 | INFO     |   -> Timeframe 'M5' cargado desde config/config.yaml
2026-04-29 10:28:08 | INFO     | ✓ Datos cargados: 3000 filas, 6 columnas.
2026-04-29 10:28:08 | INFO     | PASO 2: LIMPIANDO DATOS
2026-04-29 10:28:08 | INFO     | ------------------------------------------------------------
2026-04-29 10:28:08 | INFO     | ✓ Datos limpios: 3000 filas restantes.
2026-04-29 10:28:08 | INFO     | PASO 3: GENERANDO FEATURES
2026-04-29 10:28:08 | INFO     | ------------------------------------------------------------
2026-04-29 10:28:08 | INFO     |   -> Retornos agregados para períodos: [1, 5, 10]
2026-04-29 10:28:08 | INFO     |   -> Indicadores técnicos agregados.
2026-04-29 10:28:08 | INFO     |   -> Lags agregados para la columna: 'Close'
2026-04-29 10:28:08 | INFO     |   -> Lags agregados para la columna: 'Volume'
2026-04-29 10:28:08 | INFO     |   -> Conteos de valores NaN generados por las features:
2026-04-29 10:28:08 | INFO     | ✓ Features generadas. Total columnas: 37.
2026-04-29 10:28:08 | INFO     | 🏆 Modelo campeón global según backtest: PROPHET
2026-04-29 10:28:08 | INFO     | 🎯 Producción configurada para operar únicamente con el modelo campeón.
2026-04-29 10:28:08 | INFO     | 📦 Release activa de producción: 20260429_063853 (activada 2026-04-29T06:41:48)
2026-04-29 10:28:08 | INFO     | Presupuesto de riesgo: total=159.57 | abierto=53.00 | restante=106.57 | por_trade=53.19
2026-04-29 10:28:08 | INFO     | 🔎 Generando señales de producción para TODOS los modelos habilitados...

2026-04-29 10:28:08 | INFO     | ➡ Procesando modelo: PROPHET | params={'changepoint_prior_scale': 0.01, 'daily_seasonality': False, 'seasonality_mode': 'additive', 'seasonality_prior_scale': 1.0, 'use_lagged_regressors': True, 'weekly_seasonality': True, 'yearly_seasonality': False}
2026-04-29 10:28:08 | INFO     |   💾 Intentando cargar el modelo desde: C:\Users\USER\Documentos\Maestria\Mark-III\outputs\models\releases\20260429_063853\prophet_best.pkl
2026-04-29 10:28:08 | INFO     | [PROPHET] Cargando artefacto desde: C:\Users\USER\Documentos\Maestria\Mark-III\outputs\models\releases\20260429_063853\prophet_best.pkl
2026-04-29 10:28:08 | INFO     | [PROPHET] Tipo de artefacto: <class 'dict'>
2026-04-29 10:28:08 | INFO     | [PROPHET] Claves del artefacto: ['model_class', 'params', 'model', 'target_name', 'feature_names']
2026-04-29 10:28:08 | INFO     | [PROPHET] Modelo cargado desde: C:\Users\USER\Documentos\Maestria\Mark-III\outputs\models\releases\20260429_063853\prophet_best.pkl
2026-04-29 10:28:08 | INFO     | [PROPHET] Regresores restaurados: ['Open', 'High', 'Low', 'Close', 'TickVolume', 'Volume', 'Return_1', 'LogReturn_1', 'Return_5', 'ReturnFwd_5', 'LogReturn_5', 'Return_10', 'ReturnFwd_10', 'LogReturn_10', 'SMA_20', 'SMA_50', 'EMA_12', 'EMA_26', 'RSI_14', 'MACD', 'MACD_Signal', 'MACD_Hist', 'BB_Upper', 'BB_Lower', 'BB_Width', 'ATR_14', 'Close_lag1', 'Close_lag2', 'Close_lag3', 'Close_lag5', 'Close_lag10', 'Volume_lag1', 'Volume_lag2', 'Volume_lag3', 'Volume_lag5', 'Volume_lag10']
2026-04-29 10:28:08 | INFO     | [PROPHET] Predicción (yhat) para 2026-04-29 18:20:00: -0.000097
2026-04-29 10:28:08 | INFO     |   📈 Modelo PROPHET -> retorno=-0.000097, pips=-1.14, signal=HOLD, confidence=0.520, entry_plan=nan, SL_plan=nan, TP_plan=nan, entry_live=nan, SL_live=nan, TP_live=nan, lots=0.00, balance=5318.9, risk=0.00, open_risk=53.00, remaining_budget=106.57
2026-04-29 10:28:08 | INFO     | 
💾 Señales de producción guardadas en: outputs\production\production_signals.csv
2026-04-29 10:28:08 | INFO     | ✅ MODO PRODUCCIÓN COMPLETADO

2026-04-29 10:28:38 | INFO     | ============================================================
2026-04-29 10:28:38 | INFO     | TRADING PIPELINE INICIADO
2026-04-29 10:28:38 | INFO     | ============================================================
2026-04-29 10:28:38 | INFO     | 📁 Directorios de trabajo configurados
2026-04-29 10:28:38 | INFO     | 🚀 Ejecutando modo: SYNC_TRADES
2026-04-29 10:28:38 | INFO     | 
============================================================
2026-04-29 10:28:38 | INFO     | MODO: SYNC TRADES
2026-04-29 10:28:38 | INFO     | ============================================================

2026-04-29 10:28:38 | INFO     | 🔄 Sincronización completada. Trades cerrados registrados: 0
2026-04-29 10:28:38 | INFO     | ✅ MODO SYNC TRADES COMPLETADO

2026-04-29 10:29:38 | INFO     | ============================================================
2026-04-29 10:29:38 | INFO     | TRADING PIPELINE INICIADO
2026-04-29 10:29:38 | INFO     | ============================================================
2026-04-29 10:29:38 | INFO     | 📁 Directorios de trabajo configurados
2026-04-29 10:29:38 | INFO     | 🚀 Ejecutando modo: SYNC_TRADES
2026-04-29 10:29:38 | INFO     | 
============================================================
2026-04-29 10:29:38 | INFO     | MODO: SYNC TRADES
2026-04-29 10:29:38 | INFO     | ============================================================

2026-04-29 10:29:38 | INFO     | 🔄 Sincronización completada. Trades cerrados registrados: 0
2026-04-29 10:29:38 | INFO     | ✅ MODO SYNC TRADES COMPLETADO

2026-04-29 10:30:37 | INFO     | ============================================================
2026-04-29 10:30:37 | INFO     | TRADING PIPELINE INICIADO
2026-04-29 10:30:37 | INFO     | ============================================================
2026-04-29 10:30:37 | INFO     | 📁 Directorios de trabajo configurados
2026-04-29 10:30:37 | INFO     | 🚀 Ejecutando modo: SYNC_TRADES
2026-04-29 10:30:37 | INFO     | 
============================================================
2026-04-29 10:30:37 | INFO     | MODO: SYNC TRADES
2026-04-29 10:30:37 | INFO     | ============================================================

2026-04-29 10:30:37 | INFO     | 🔄 Sincronización completada. Trades cerrados registrados: 0
2026-04-29 10:30:37 | INFO     | ✅ MODO SYNC TRADES COMPLETADO

2026-04-29 10:31:37 | INFO     | ============================================================
2026-04-29 10:31:37 | INFO     | TRADING PIPELINE INICIADO
2026-04-29 10:31:37 | INFO     | ============================================================
2026-04-29 10:31:37 | INFO     | 📁 Directorios de trabajo configurados
2026-04-29 10:31:37 | INFO     | 🚀 Ejecutando modo: SYNC_TRADES
2026-04-29 10:31:37 | INFO     | 
============================================================
2026-04-29 10:31:37 | INFO     | MODO: SYNC TRADES
2026-04-29 10:31:37 | INFO     | ============================================================

2026-04-29 10:31:37 | INFO     | 🔄 Sincronización completada. Trades cerrados registrados: 0
2026-04-29 10:31:37 | INFO     | ✅ MODO SYNC TRADES COMPLETADO

2026-04-29 10:32:37 | INFO     | ============================================================
2026-04-29 10:32:37 | INFO     | TRADING PIPELINE INICIADO
2026-04-29 10:32:37 | INFO     | ============================================================
2026-04-29 10:32:37 | INFO     | 📁 Directorios de trabajo configurados
2026-04-29 10:32:37 | INFO     | 🚀 Ejecutando modo: SYNC_TRADES
2026-04-29 10:32:37 | INFO     | 
============================================================
2026-04-29 10:32:37 | INFO     | MODO: SYNC TRADES
2026-04-29 10:32:37 | INFO     | ============================================================

2026-04-29 10:32:37 | INFO     | 🔄 Sincronización completada. Trades cerrados registrados: 0
2026-04-29 10:32:37 | INFO     | ✅ MODO SYNC TRADES COMPLETADO

2026-04-29 10:33:07 | INFO     | ============================================================
2026-04-29 10:33:07 | INFO     | TRADING PIPELINE INICIADO
2026-04-29 10:33:07 | INFO     | ============================================================
2026-04-29 10:33:07 | INFO     | 📁 Directorios de trabajo configurados
2026-04-29 10:33:07 | INFO     | 🚀 Ejecutando modo: PRODUCTION
2026-04-29 10:33:07 | INFO     | 
============================================================
2026-04-29 10:33:07 | INFO     | MODO: PRODUCCIÓN
2026-04-29 10:33:07 | INFO     | ============================================================

2026-04-29 10:33:07 | INFO     | 📥 Cargando datos para producción...
2026-04-29 10:33:07 | INFO     | PASO 1: CARGANDO DATOS
2026-04-29 10:33:07 | INFO     | ------------------------------------------------------------
2026-04-29 10:33:07 | INFO     |   -> Símbolo 'EURUSD' cargado desde config/config.yaml
2026-04-29 10:33:07 | INFO     |   -> Timeframe 'M5' cargado desde config/config.yaml
2026-04-29 10:33:07 | INFO     | ✓ Datos cargados: 3000 filas, 6 columnas.
2026-04-29 10:33:07 | INFO     | PASO 2: LIMPIANDO DATOS
2026-04-29 10:33:07 | INFO     | ------------------------------------------------------------
2026-04-29 10:33:07 | INFO     | ✓ Datos limpios: 3000 filas restantes.
2026-04-29 10:33:07 | INFO     | PASO 3: GENERANDO FEATURES
2026-04-29 10:33:07 | INFO     | ------------------------------------------------------------
2026-04-29 10:33:07 | INFO     |   -> Retornos agregados para períodos: [1, 5, 10]
2026-04-29 10:33:07 | INFO     |   -> Indicadores técnicos agregados.
2026-04-29 10:33:07 | INFO     |   -> Lags agregados para la columna: 'Close'
2026-04-29 10:33:07 | INFO     |   -> Lags agregados para la columna: 'Volume'
2026-04-29 10:33:07 | INFO     |   -> Conteos de valores NaN generados por las features:
2026-04-29 10:33:07 | INFO     | ✓ Features generadas. Total columnas: 37.
2026-04-29 10:33:07 | INFO     | 🏆 Modelo campeón global según backtest: PROPHET
2026-04-29 10:33:07 | INFO     | 🎯 Producción configurada para operar únicamente con el modelo campeón.
2026-04-29 10:33:07 | INFO     | 📦 Release activa de producción: 20260429_063853 (activada 2026-04-29T06:41:48)
2026-04-29 10:33:07 | INFO     | Presupuesto de riesgo: total=159.57 | abierto=53.00 | restante=106.57 | por_trade=53.19
2026-04-29 10:33:07 | INFO     | 🔎 Generando señales de producción para TODOS los modelos habilitados...

2026-04-29 10:33:07 | INFO     | ➡ Procesando modelo: PROPHET | params={'changepoint_prior_scale': 0.01, 'daily_seasonality': False, 'seasonality_mode': 'additive', 'seasonality_prior_scale': 1.0, 'use_lagged_regressors': True, 'weekly_seasonality': True, 'yearly_seasonality': False}
2026-04-29 10:33:07 | INFO     |   💾 Intentando cargar el modelo desde: C:\Users\USER\Documentos\Maestria\Mark-III\outputs\models\releases\20260429_063853\prophet_best.pkl
2026-04-29 10:33:07 | INFO     | [PROPHET] Cargando artefacto desde: C:\Users\USER\Documentos\Maestria\Mark-III\outputs\models\releases\20260429_063853\prophet_best.pkl
2026-04-29 10:33:07 | INFO     | [PROPHET] Tipo de artefacto: <class 'dict'>
2026-04-29 10:33:07 | INFO     | [PROPHET] Claves del artefacto: ['model_class', 'params', 'model', 'target_name', 'feature_names']
2026-04-29 10:33:07 | INFO     | [PROPHET] Modelo cargado desde: C:\Users\USER\Documentos\Maestria\Mark-III\outputs\models\releases\20260429_063853\prophet_best.pkl
2026-04-29 10:33:07 | INFO     | [PROPHET] Regresores restaurados: ['Open', 'High', 'Low', 'Close', 'TickVolume', 'Volume', 'Return_1', 'LogReturn_1', 'Return_5', 'ReturnFwd_5', 'LogReturn_5', 'Return_10', 'ReturnFwd_10', 'LogReturn_10', 'SMA_20', 'SMA_50', 'EMA_12', 'EMA_26', 'RSI_14', 'MACD', 'MACD_Signal', 'MACD_Hist', 'BB_Upper', 'BB_Lower', 'BB_Width', 'ATR_14', 'Close_lag1', 'Close_lag2', 'Close_lag3', 'Close_lag5', 'Close_lag10', 'Volume_lag1', 'Volume_lag2', 'Volume_lag3', 'Volume_lag5', 'Volume_lag10']
2026-04-29 10:33:07 | INFO     | [PROPHET] Predicción (yhat) para 2026-04-29 18:25:00: 0.000365
2026-04-29 10:33:07 | INFO     |   📈 Modelo PROPHET -> retorno=0.000365, pips=4.27, signal=BUY, confidence=0.889, entry_plan=1.16894, SL_plan=1.16794, TP_plan=1.17094, entry_live=1.16959, SL_live=1.16859, TP_live=1.17159, lots=0.53, balance=5318.9, risk=53.00, open_risk=53.00, remaining_budget=106.57
2026-04-29 10:33:07 | INFO     | 
💾 Señales de producción guardadas en: outputs\production\production_signals.csv
2026-04-29 10:33:08 | INFO     | ✅ Orden enviada: model=PROPHET signal=BUY symbol=EURUSD lots=0.53 position_id=1845294574 SL=1.16859 TP=1.17159 protection=PROTECTED
2026-04-29 10:33:08 | INFO     | ✅ MODO PRODUCCIÓN COMPLETADO

2026-04-29 10:33:37 | INFO     | ============================================================
2026-04-29 10:33:37 | INFO     | TRADING PIPELINE INICIADO
2026-04-29 10:33:37 | INFO     | ============================================================
2026-04-29 10:33:37 | INFO     | 📁 Directorios de trabajo configurados
2026-04-29 10:33:37 | INFO     | 🚀 Ejecutando modo: SYNC_TRADES
2026-04-29 10:33:37 | INFO     | 
============================================================
2026-04-29 10:33:37 | INFO     | MODO: SYNC TRADES
2026-04-29 10:33:37 | INFO     | ============================================================

2026-04-29 10:33:37 | INFO     | 🔄 Sincronización completada. Trades cerrados registrados: 0
2026-04-29 10:33:37 | INFO     | ✅ MODO SYNC TRADES COMPLETADO

2026-04-29 10:34:37 | INFO     | ============================================================
2026-04-29 10:34:37 | INFO     | TRADING PIPELINE INICIADO
2026-04-29 10:34:37 | INFO     | ============================================================
2026-04-29 10:34:37 | INFO     | 📁 Directorios de trabajo configurados
2026-04-29 10:34:37 | INFO     | 🚀 Ejecutando modo: SYNC_TRADES
2026-04-29 10:34:37 | INFO     | 
============================================================
2026-04-29 10:34:37 | INFO     | MODO: SYNC TRADES
2026-04-29 10:34:37 | INFO     | ============================================================

2026-04-29 10:34:37 | INFO     | 🔄 Sincronización completada. Trades cerrados registrados: 0
2026-04-29 10:34:37 | INFO     | ✅ MODO SYNC TRADES COMPLETADO

2026-04-29 10:35:38 | INFO     | ============================================================
2026-04-29 10:35:38 | INFO     | TRADING PIPELINE INICIADO
2026-04-29 10:35:38 | INFO     | ============================================================
2026-04-29 10:35:38 | INFO     | 📁 Directorios de trabajo configurados
2026-04-29 10:35:38 | INFO     | 🚀 Ejecutando modo: SYNC_TRADES
2026-04-29 10:35:38 | INFO     | 
============================================================
2026-04-29 10:35:38 | INFO     | MODO: SYNC TRADES
2026-04-29 10:35:38 | INFO     | ============================================================

2026-04-29 10:35:38 | INFO     | 🔄 Sincronización completada. Trades cerrados registrados: 0
2026-04-29 10:35:38 | INFO     | ✅ MODO SYNC TRADES COMPLETADO

2026-04-29 10:36:37 | INFO     | ============================================================
2026-04-29 10:36:37 | INFO     | TRADING PIPELINE INICIADO
2026-04-29 10:36:37 | INFO     | ============================================================
2026-04-29 10:36:37 | INFO     | 📁 Directorios de trabajo configurados
2026-04-29 10:36:37 | INFO     | 🚀 Ejecutando modo: SYNC_TRADES
2026-04-29 10:36:37 | INFO     | 
============================================================
2026-04-29 10:36:37 | INFO     | MODO: SYNC TRADES
2026-04-29 10:36:37 | INFO     | ============================================================

2026-04-29 10:36:37 | INFO     | 🔄 Sincronización completada. Trades cerrados registrados: 0
2026-04-29 10:36:37 | INFO     | ✅ MODO SYNC TRADES COMPLETADO

2026-04-29 10:37:38 | INFO     | ============================================================
2026-04-29 10:37:38 | INFO     | TRADING PIPELINE INICIADO
2026-04-29 10:37:38 | INFO     | ============================================================
2026-04-29 10:37:38 | INFO     | 📁 Directorios de trabajo configurados
2026-04-29 10:37:38 | INFO     | 🚀 Ejecutando modo: SYNC_TRADES
2026-04-29 10:37:38 | INFO     | 
============================================================
2026-04-29 10:37:38 | INFO     | MODO: SYNC TRADES
2026-04-29 10:37:38 | INFO     | ============================================================

2026-04-29 10:37:38 | INFO     | 🔄 Sincronización completada. Trades cerrados registrados: 0
2026-04-29 10:37:38 | INFO     | ✅ MODO SYNC TRADES COMPLETADO

2026-04-29 10:38:07 | INFO     | ============================================================
2026-04-29 10:38:07 | INFO     | TRADING PIPELINE INICIADO
2026-04-29 10:38:07 | INFO     | ============================================================
2026-04-29 10:38:07 | INFO     | 📁 Directorios de trabajo configurados
2026-04-29 10:38:07 | INFO     | 🚀 Ejecutando modo: PRODUCTION
2026-04-29 10:38:07 | INFO     | 
============================================================
2026-04-29 10:38:07 | INFO     | MODO: PRODUCCIÓN
2026-04-29 10:38:07 | INFO     | ============================================================

2026-04-29 10:38:07 | INFO     | 📥 Cargando datos para producción...
2026-04-29 10:38:07 | INFO     | PASO 1: CARGANDO DATOS
2026-04-29 10:38:07 | INFO     | ------------------------------------------------------------
2026-04-29 10:38:07 | INFO     |   -> Símbolo 'EURUSD' cargado desde config/config.yaml
2026-04-29 10:38:07 | INFO     |   -> Timeframe 'M5' cargado desde config/config.yaml
2026-04-29 10:38:07 | INFO     | ✓ Datos cargados: 3000 filas, 6 columnas.
2026-04-29 10:38:07 | INFO     | PASO 2: LIMPIANDO DATOS
2026-04-29 10:38:07 | INFO     | ------------------------------------------------------------
2026-04-29 10:38:07 | INFO     | ✓ Datos limpios: 3000 filas restantes.
2026-04-29 10:38:07 | INFO     | PASO 3: GENERANDO FEATURES
2026-04-29 10:38:07 | INFO     | ------------------------------------------------------------
2026-04-29 10:38:07 | INFO     |   -> Retornos agregados para períodos: [1, 5, 10]
2026-04-29 10:38:07 | INFO     |   -> Indicadores técnicos agregados.
2026-04-29 10:38:07 | INFO     |   -> Lags agregados para la columna: 'Close'
2026-04-29 10:38:07 | INFO     |   -> Lags agregados para la columna: 'Volume'
2026-04-29 10:38:07 | INFO     |   -> Conteos de valores NaN generados por las features:
2026-04-29 10:38:07 | INFO     | ✓ Features generadas. Total columnas: 37.
2026-04-29 10:38:07 | INFO     | 🏆 Modelo campeón global según backtest: PROPHET
2026-04-29 10:38:07 | INFO     | 🎯 Producción configurada para operar únicamente con el modelo campeón.
2026-04-29 10:38:07 | INFO     | 📦 Release activa de producción: 20260429_063853 (activada 2026-04-29T06:41:48)
2026-04-29 10:38:07 | INFO     | Presupuesto de riesgo: total=159.57 | abierto=106.00 | restante=53.57 | por_trade=53.19
2026-04-29 10:38:07 | INFO     | 🔎 Generando señales de producción para TODOS los modelos habilitados...

2026-04-29 10:38:07 | INFO     | ➡ Procesando modelo: PROPHET | params={'changepoint_prior_scale': 0.01, 'daily_seasonality': False, 'seasonality_mode': 'additive', 'seasonality_prior_scale': 1.0, 'use_lagged_regressors': True, 'weekly_seasonality': True, 'yearly_seasonality': False}
2026-04-29 10:38:07 | INFO     |   💾 Intentando cargar el modelo desde: C:\Users\USER\Documentos\Maestria\Mark-III\outputs\models\releases\20260429_063853\prophet_best.pkl
2026-04-29 10:38:07 | INFO     | [PROPHET] Cargando artefacto desde: C:\Users\USER\Documentos\Maestria\Mark-III\outputs\models\releases\20260429_063853\prophet_best.pkl
2026-04-29 10:38:07 | INFO     | [PROPHET] Tipo de artefacto: <class 'dict'>
2026-04-29 10:38:07 | INFO     | [PROPHET] Claves del artefacto: ['model_class', 'params', 'model', 'target_name', 'feature_names']
2026-04-29 10:38:07 | INFO     | [PROPHET] Modelo cargado desde: C:\Users\USER\Documentos\Maestria\Mark-III\outputs\models\releases\20260429_063853\prophet_best.pkl
2026-04-29 10:38:07 | INFO     | [PROPHET] Regresores restaurados: ['Open', 'High', 'Low', 'Close', 'TickVolume', 'Volume', 'Return_1', 'LogReturn_1', 'Return_5', 'ReturnFwd_5', 'LogReturn_5', 'Return_10', 'ReturnFwd_10', 'LogReturn_10', 'SMA_20', 'SMA_50', 'EMA_12', 'EMA_26', 'RSI_14', 'MACD', 'MACD_Signal', 'MACD_Hist', 'BB_Upper', 'BB_Lower', 'BB_Width', 'ATR_14', 'Close_lag1', 'Close_lag2', 'Close_lag3', 'Close_lag5', 'Close_lag10', 'Volume_lag1', 'Volume_lag2', 'Volume_lag3', 'Volume_lag5', 'Volume_lag10']
2026-04-29 10:38:07 | INFO     | [PROPHET] Predicción (yhat) para 2026-04-29 18:30:00: 0.000162
2026-04-29 10:38:07 | INFO     |   📈 Modelo PROPHET -> retorno=0.000162, pips=1.90, signal=HOLD, confidence=0.610, entry_plan=nan, SL_plan=nan, TP_plan=nan, entry_live=nan, SL_live=nan, TP_live=nan, lots=0.00, balance=5318.9, risk=0.00, open_risk=106.00, remaining_budget=53.57
2026-04-29 10:38:07 | INFO     | 
💾 Señales de producción guardadas en: outputs\production\production_signals.csv
2026-04-29 10:38:07 | INFO     | ✅ MODO PRODUCCIÓN COMPLETADO

2026-04-29 10:38:37 | INFO     | ============================================================
2026-04-29 10:38:37 | INFO     | TRADING PIPELINE INICIADO
2026-04-29 10:38:37 | INFO     | ============================================================
2026-04-29 10:38:37 | INFO     | 📁 Directorios de trabajo configurados
2026-04-29 10:38:37 | INFO     | 🚀 Ejecutando modo: SYNC_TRADES
2026-04-29 10:38:37 | INFO     | 
============================================================
2026-04-29 10:38:37 | INFO     | MODO: SYNC TRADES
2026-04-29 10:38:37 | INFO     | ============================================================

2026-04-29 10:38:37 | INFO     | 🔄 Sincronización completada. Trades cerrados registrados: 0
2026-04-29 10:38:37 | INFO     | ✅ MODO SYNC TRADES COMPLETADO

2026-04-29 10:39:37 | INFO     | ============================================================
2026-04-29 10:39:37 | INFO     | TRADING PIPELINE INICIADO
2026-04-29 10:39:37 | INFO     | ============================================================
2026-04-29 10:39:37 | INFO     | 📁 Directorios de trabajo configurados
2026-04-29 10:39:37 | INFO     | 🚀 Ejecutando modo: SYNC_TRADES
2026-04-29 10:39:37 | INFO     | 
============================================================
2026-04-29 10:39:37 | INFO     | MODO: SYNC TRADES
2026-04-29 10:39:37 | INFO     | ============================================================

2026-04-29 10:39:37 | INFO     | 🔄 Sincronización completada. Trades cerrados registrados: 0
2026-04-29 10:39:37 | INFO     | ✅ MODO SYNC TRADES COMPLETADO

2026-04-29 10:40:37 | INFO     | ============================================================
2026-04-29 10:40:37 | INFO     | TRADING PIPELINE INICIADO
2026-04-29 10:40:37 | INFO     | ============================================================
2026-04-29 10:40:37 | INFO     | 📁 Directorios de trabajo configurados
2026-04-29 10:40:37 | INFO     | 🚀 Ejecutando modo: SYNC_TRADES
2026-04-29 10:40:37 | INFO     | 
============================================================
2026-04-29 10:40:37 | INFO     | MODO: SYNC TRADES
2026-04-29 10:40:37 | INFO     | ============================================================

2026-04-29 10:40:37 | INFO     | 🔄 Sincronización completada. Trades cerrados registrados: 0
2026-04-29 10:40:37 | INFO     | ✅ MODO SYNC TRADES COMPLETADO

2026-04-29 10:41:37 | INFO     | ============================================================
2026-04-29 10:41:37 | INFO     | TRADING PIPELINE INICIADO
2026-04-29 10:41:37 | INFO     | ============================================================
2026-04-29 10:41:37 | INFO     | 📁 Directorios de trabajo configurados
2026-04-29 10:41:37 | INFO     | 🚀 Ejecutando modo: SYNC_TRADES
2026-04-29 10:41:37 | INFO     | 
============================================================
2026-04-29 10:41:37 | INFO     | MODO: SYNC TRADES
2026-04-29 10:41:37 | INFO     | ============================================================

2026-04-29 10:41:37 | INFO     | 🔄 Sincronización completada. Trades cerrados registrados: 0
2026-04-29 10:41:37 | INFO     | ✅ MODO SYNC TRADES COMPLETADO

2026-04-29 10:42:37 | INFO     | ============================================================
2026-04-29 10:42:37 | INFO     | TRADING PIPELINE INICIADO
2026-04-29 10:42:37 | INFO     | ============================================================
2026-04-29 10:42:37 | INFO     | 📁 Directorios de trabajo configurados
2026-04-29 10:42:37 | INFO     | 🚀 Ejecutando modo: SYNC_TRADES
2026-04-29 10:42:37 | INFO     | 
============================================================
2026-04-29 10:42:37 | INFO     | MODO: SYNC TRADES
2026-04-29 10:42:37 | INFO     | ============================================================

2026-04-29 10:42:37 | INFO     | 🔄 Sincronización completada. Trades cerrados registrados: 0
2026-04-29 10:42:37 | INFO     | ✅ MODO SYNC TRADES COMPLETADO

2026-04-29 10:43:07 | INFO     | ============================================================
2026-04-29 10:43:07 | INFO     | TRADING PIPELINE INICIADO
2026-04-29 10:43:07 | INFO     | ============================================================
2026-04-29 10:43:07 | INFO     | 📁 Directorios de trabajo configurados
2026-04-29 10:43:07 | INFO     | 🚀 Ejecutando modo: PRODUCTION
2026-04-29 10:43:07 | INFO     | 
============================================================
2026-04-29 10:43:07 | INFO     | MODO: PRODUCCIÓN
2026-04-29 10:43:07 | INFO     | ============================================================

2026-04-29 10:43:07 | INFO     | 📥 Cargando datos para producción...
2026-04-29 10:43:07 | INFO     | PASO 1: CARGANDO DATOS
2026-04-29 10:43:07 | INFO     | ------------------------------------------------------------
2026-04-29 10:43:07 | INFO     |   -> Símbolo 'EURUSD' cargado desde config/config.yaml
2026-04-29 10:43:07 | INFO     |   -> Timeframe 'M5' cargado desde config/config.yaml
2026-04-29 10:43:07 | INFO     | ✓ Datos cargados: 3000 filas, 6 columnas.
2026-04-29 10:43:07 | INFO     | PASO 2: LIMPIANDO DATOS
2026-04-29 10:43:07 | INFO     | ------------------------------------------------------------
2026-04-29 10:43:07 | INFO     | ✓ Datos limpios: 3000 filas restantes.
2026-04-29 10:43:07 | INFO     | PASO 3: GENERANDO FEATURES
2026-04-29 10:43:07 | INFO     | ------------------------------------------------------------
2026-04-29 10:43:07 | INFO     |   -> Retornos agregados para períodos: [1, 5, 10]
2026-04-29 10:43:07 | INFO     |   -> Indicadores técnicos agregados.
2026-04-29 10:43:07 | INFO     |   -> Lags agregados para la columna: 'Close'
2026-04-29 10:43:07 | INFO     |   -> Lags agregados para la columna: 'Volume'
2026-04-29 10:43:07 | INFO     |   -> Conteos de valores NaN generados por las features:
2026-04-29 10:43:07 | INFO     | ✓ Features generadas. Total columnas: 37.
2026-04-29 10:43:07 | INFO     | 🏆 Modelo campeón global según backtest: PROPHET
2026-04-29 10:43:07 | INFO     | 🎯 Producción configurada para operar únicamente con el modelo campeón.
2026-04-29 10:43:07 | INFO     | 📦 Release activa de producción: 20260429_063853 (activada 2026-04-29T06:41:48)
2026-04-29 10:43:07 | INFO     | Presupuesto de riesgo: total=159.57 | abierto=106.00 | restante=53.57 | por_trade=53.19
2026-04-29 10:43:07 | INFO     | 🔎 Generando señales de producción para TODOS los modelos habilitados...

2026-04-29 10:43:07 | INFO     | ➡ Procesando modelo: PROPHET | params={'changepoint_prior_scale': 0.01, 'daily_seasonality': False, 'seasonality_mode': 'additive', 'seasonality_prior_scale': 1.0, 'use_lagged_regressors': True, 'weekly_seasonality': True, 'yearly_seasonality': False}
2026-04-29 10:43:07 | INFO     |   💾 Intentando cargar el modelo desde: C:\Users\USER\Documentos\Maestria\Mark-III\outputs\models\releases\20260429_063853\prophet_best.pkl
2026-04-29 10:43:07 | INFO     | [PROPHET] Cargando artefacto desde: C:\Users\USER\Documentos\Maestria\Mark-III\outputs\models\releases\20260429_063853\prophet_best.pkl
2026-04-29 10:43:07 | INFO     | [PROPHET] Tipo de artefacto: <class 'dict'>
2026-04-29 10:43:07 | INFO     | [PROPHET] Claves del artefacto: ['model_class', 'params', 'model', 'target_name', 'feature_names']
2026-04-29 10:43:07 | INFO     | [PROPHET] Modelo cargado desde: C:\Users\USER\Documentos\Maestria\Mark-III\outputs\models\releases\20260429_063853\prophet_best.pkl
2026-04-29 10:43:07 | INFO     | [PROPHET] Regresores restaurados: ['Open', 'High', 'Low', 'Close', 'TickVolume', 'Volume', 'Return_1', 'LogReturn_1', 'Return_5', 'ReturnFwd_5', 'LogReturn_5', 'Return_10', 'ReturnFwd_10', 'LogReturn_10', 'SMA_20', 'SMA_50', 'EMA_12', 'EMA_26', 'RSI_14', 'MACD', 'MACD_Signal', 'MACD_Hist', 'BB_Upper', 'BB_Lower', 'BB_Width', 'ATR_14', 'Close_lag1', 'Close_lag2', 'Close_lag3', 'Close_lag5', 'Close_lag10', 'Volume_lag1', 'Volume_lag2', 'Volume_lag3', 'Volume_lag5', 'Volume_lag10']
2026-04-29 10:43:07 | INFO     | [PROPHET] Predicción (yhat) para 2026-04-29 18:35:00: 0.000005
2026-04-29 10:43:07 | INFO     |   📈 Modelo PROPHET -> retorno=0.000005, pips=0.06, signal=HOLD, confidence=0.393, entry_plan=nan, SL_plan=nan, TP_plan=nan, entry_live=nan, SL_live=nan, TP_live=nan, lots=0.00, balance=5318.9, risk=0.00, open_risk=106.00, remaining_budget=53.57
2026-04-29 10:43:07 | INFO     | 
💾 Señales de producción guardadas en: outputs\production\production_signals.csv
2026-04-29 10:43:07 | INFO     | ✅ MODO PRODUCCIÓN COMPLETADO

2026-04-29 10:43:37 | INFO     | ============================================================
2026-04-29 10:43:37 | INFO     | TRADING PIPELINE INICIADO
2026-04-29 10:43:37 | INFO     | ============================================================
2026-04-29 10:43:37 | INFO     | 📁 Directorios de trabajo configurados
2026-04-29 10:43:37 | INFO     | 🚀 Ejecutando modo: SYNC_TRADES
2026-04-29 10:43:37 | INFO     | 
============================================================
2026-04-29 10:43:37 | INFO     | MODO: SYNC TRADES
2026-04-29 10:43:37 | INFO     | ============================================================

2026-04-29 10:43:37 | INFO     | 🔄 Sincronización completada. Trades cerrados registrados: 0
2026-04-29 10:43:37 | INFO     | ✅ MODO SYNC TRADES COMPLETADO

2026-04-29 10:44:37 | INFO     | ============================================================
2026-04-29 10:44:37 | INFO     | TRADING PIPELINE INICIADO
2026-04-29 10:44:37 | INFO     | ============================================================
2026-04-29 10:44:37 | INFO     | 📁 Directorios de trabajo configurados
2026-04-29 10:44:37 | INFO     | 🚀 Ejecutando modo: SYNC_TRADES
2026-04-29 10:44:37 | INFO     | 
============================================================
2026-04-29 10:44:37 | INFO     | MODO: SYNC TRADES
2026-04-29 10:44:37 | INFO     | ============================================================

2026-04-29 10:44:37 | INFO     | 🔄 Sincronización completada. Trades cerrados registrados: 0
2026-04-29 10:44:37 | INFO     | ✅ MODO SYNC TRADES COMPLETADO

2026-04-29 10:45:37 | INFO     | ============================================================
2026-04-29 10:45:37 | INFO     | TRADING PIPELINE INICIADO
2026-04-29 10:45:37 | INFO     | ============================================================
2026-04-29 10:45:37 | INFO     | 📁 Directorios de trabajo configurados
2026-04-29 10:45:37 | INFO     | 🚀 Ejecutando modo: SYNC_TRADES
2026-04-29 10:45:37 | INFO     | 
============================================================
2026-04-29 10:45:37 | INFO     | MODO: SYNC TRADES
2026-04-29 10:45:37 | INFO     | ============================================================

2026-04-29 10:45:37 | INFO     | 🔄 Sincronización completada. Trades cerrados registrados: 0
2026-04-29 10:45:37 | INFO     | ✅ MODO SYNC TRADES COMPLETADO

2026-04-29 10:46:37 | INFO     | ============================================================
2026-04-29 10:46:37 | INFO     | TRADING PIPELINE INICIADO
2026-04-29 10:46:37 | INFO     | ============================================================
2026-04-29 10:46:37 | INFO     | 📁 Directorios de trabajo configurados
2026-04-29 10:46:37 | INFO     | 🚀 Ejecutando modo: SYNC_TRADES
2026-04-29 10:46:37 | INFO     | 
============================================================
2026-04-29 10:46:37 | INFO     | MODO: SYNC TRADES
2026-04-29 10:46:37 | INFO     | ============================================================

2026-04-29 10:46:37 | INFO     | 🔄 Sincronización completada. Trades cerrados registrados: 0
2026-04-29 10:46:37 | INFO     | ✅ MODO SYNC TRADES COMPLETADO

2026-04-29 10:47:37 | INFO     | ============================================================
2026-04-29 10:47:37 | INFO     | TRADING PIPELINE INICIADO
2026-04-29 10:47:37 | INFO     | ============================================================
2026-04-29 10:47:37 | INFO     | 📁 Directorios de trabajo configurados
2026-04-29 10:47:37 | INFO     | 🚀 Ejecutando modo: SYNC_TRADES
2026-04-29 10:47:37 | INFO     | 
============================================================
2026-04-29 10:47:37 | INFO     | MODO: SYNC TRADES
2026-04-29 10:47:37 | INFO     | ============================================================

2026-04-29 10:47:37 | INFO     | 🔄 Sincronización completada. Trades cerrados registrados: 0
2026-04-29 10:47:37 | INFO     | ✅ MODO SYNC TRADES COMPLETADO

2026-04-29 10:48:07 | INFO     | ============================================================
2026-04-29 10:48:07 | INFO     | TRADING PIPELINE INICIADO
2026-04-29 10:48:07 | INFO     | ============================================================
2026-04-29 10:48:07 | INFO     | 📁 Directorios de trabajo configurados
2026-04-29 10:48:07 | INFO     | 🚀 Ejecutando modo: PRODUCTION
2026-04-29 10:48:07 | INFO     | 
============================================================
2026-04-29 10:48:07 | INFO     | MODO: PRODUCCIÓN
2026-04-29 10:48:07 | INFO     | ============================================================

2026-04-29 10:48:07 | INFO     | 📥 Cargando datos para producción...
2026-04-29 10:48:07 | INFO     | PASO 1: CARGANDO DATOS
2026-04-29 10:48:07 | INFO     | ------------------------------------------------------------
2026-04-29 10:48:07 | INFO     |   -> Símbolo 'EURUSD' cargado desde config/config.yaml
2026-04-29 10:48:07 | INFO     |   -> Timeframe 'M5' cargado desde config/config.yaml
2026-04-29 10:48:07 | INFO     | ✓ Datos cargados: 3000 filas, 6 columnas.
2026-04-29 10:48:07 | INFO     | PASO 2: LIMPIANDO DATOS
2026-04-29 10:48:07 | INFO     | ------------------------------------------------------------
2026-04-29 10:48:07 | INFO     | ✓ Datos limpios: 3000 filas restantes.
2026-04-29 10:48:07 | INFO     | PASO 3: GENERANDO FEATURES
2026-04-29 10:48:07 | INFO     | ------------------------------------------------------------
2026-04-29 10:48:07 | INFO     |   -> Retornos agregados para períodos: [1, 5, 10]
2026-04-29 10:48:07 | INFO     |   -> Indicadores técnicos agregados.
2026-04-29 10:48:07 | INFO     |   -> Lags agregados para la columna: 'Close'
2026-04-29 10:48:07 | INFO     |   -> Lags agregados para la columna: 'Volume'
2026-04-29 10:48:07 | INFO     |   -> Conteos de valores NaN generados por las features:
2026-04-29 10:48:07 | INFO     | ✓ Features generadas. Total columnas: 37.
2026-04-29 10:48:07 | INFO     | 🏆 Modelo campeón global según backtest: PROPHET
2026-04-29 10:48:07 | INFO     | 🎯 Producción configurada para operar únicamente con el modelo campeón.
2026-04-29 10:48:07 | INFO     | 📦 Release activa de producción: 20260429_063853 (activada 2026-04-29T06:41:48)
2026-04-29 10:48:07 | INFO     | Presupuesto de riesgo: total=159.57 | abierto=106.00 | restante=53.57 | por_trade=53.19
2026-04-29 10:48:07 | INFO     | 🔎 Generando señales de producción para TODOS los modelos habilitados...

2026-04-29 10:48:07 | INFO     | ➡ Procesando modelo: PROPHET | params={'changepoint_prior_scale': 0.01, 'daily_seasonality': False, 'seasonality_mode': 'additive', 'seasonality_prior_scale': 1.0, 'use_lagged_regressors': True, 'weekly_seasonality': True, 'yearly_seasonality': False}
2026-04-29 10:48:07 | INFO     |   💾 Intentando cargar el modelo desde: C:\Users\USER\Documentos\Maestria\Mark-III\outputs\models\releases\20260429_063853\prophet_best.pkl
2026-04-29 10:48:07 | INFO     | [PROPHET] Cargando artefacto desde: C:\Users\USER\Documentos\Maestria\Mark-III\outputs\models\releases\20260429_063853\prophet_best.pkl
2026-04-29 10:48:07 | INFO     | [PROPHET] Tipo de artefacto: <class 'dict'>
2026-04-29 10:48:07 | INFO     | [PROPHET] Claves del artefacto: ['model_class', 'params', 'model', 'target_name', 'feature_names']
2026-04-29 10:48:07 | INFO     | [PROPHET] Modelo cargado desde: C:\Users\USER\Documentos\Maestria\Mark-III\outputs\models\releases\20260429_063853\prophet_best.pkl
2026-04-29 10:48:07 | INFO     | [PROPHET] Regresores restaurados: ['Open', 'High', 'Low', 'Close', 'TickVolume', 'Volume', 'Return_1', 'LogReturn_1', 'Return_5', 'ReturnFwd_5', 'LogReturn_5', 'Return_10', 'ReturnFwd_10', 'LogReturn_10', 'SMA_20', 'SMA_50', 'EMA_12', 'EMA_26', 'RSI_14', 'MACD', 'MACD_Signal', 'MACD_Hist', 'BB_Upper', 'BB_Lower', 'BB_Width', 'ATR_14', 'Close_lag1', 'Close_lag2', 'Close_lag3', 'Close_lag5', 'Close_lag10', 'Volume_lag1', 'Volume_lag2', 'Volume_lag3', 'Volume_lag5', 'Volume_lag10']
2026-04-29 10:48:07 | INFO     | [PROPHET] Predicción (yhat) para 2026-04-29 18:40:00: 0.000079
2026-04-29 10:48:07 | INFO     |   📈 Modelo PROPHET -> retorno=0.000079, pips=0.92, signal=HOLD, confidence=0.495, entry_plan=nan, SL_plan=nan, TP_plan=nan, entry_live=nan, SL_live=nan, TP_live=nan, lots=0.00, balance=5318.9, risk=0.00, open_risk=106.00, remaining_budget=53.57
2026-04-29 10:48:07 | INFO     | 
💾 Señales de producción guardadas en: outputs\production\production_signals.csv
2026-04-29 10:48:07 | INFO     | ✅ MODO PRODUCCIÓN COMPLETADO

2026-04-29 10:48:37 | INFO     | ============================================================
2026-04-29 10:48:37 | INFO     | TRADING PIPELINE INICIADO
2026-04-29 10:48:37 | INFO     | ============================================================
2026-04-29 10:48:37 | INFO     | 📁 Directorios de trabajo configurados
2026-04-29 10:48:37 | INFO     | 🚀 Ejecutando modo: SYNC_TRADES
2026-04-29 10:48:37 | INFO     | 
============================================================
2026-04-29 10:48:37 | INFO     | MODO: SYNC TRADES
2026-04-29 10:48:37 | INFO     | ============================================================

2026-04-29 10:48:37 | INFO     | 🔄 Sincronización completada. Trades cerrados registrados: 0
2026-04-29 10:48:37 | INFO     | ✅ MODO SYNC TRADES COMPLETADO

2026-04-29 10:49:37 | INFO     | ============================================================
2026-04-29 10:49:37 | INFO     | TRADING PIPELINE INICIADO
2026-04-29 10:49:37 | INFO     | ============================================================
2026-04-29 10:49:37 | INFO     | 📁 Directorios de trabajo configurados
2026-04-29 10:49:37 | INFO     | 🚀 Ejecutando modo: SYNC_TRADES
2026-04-29 10:49:37 | INFO     | 
============================================================
2026-04-29 10:49:37 | INFO     | MODO: SYNC TRADES
2026-04-29 10:49:37 | INFO     | ============================================================

2026-04-29 10:49:37 | INFO     | 🔄 Sincronización completada. Trades cerrados registrados: 0
2026-04-29 10:49:37 | INFO     | ✅ MODO SYNC TRADES COMPLETADO

2026-04-29 10:50:37 | INFO     | ============================================================
2026-04-29 10:50:37 | INFO     | TRADING PIPELINE INICIADO
2026-04-29 10:50:37 | INFO     | ============================================================
2026-04-29 10:50:37 | INFO     | 📁 Directorios de trabajo configurados
2026-04-29 10:50:37 | INFO     | 🚀 Ejecutando modo: SYNC_TRADES
2026-04-29 10:50:37 | INFO     | 
============================================================
2026-04-29 10:50:37 | INFO     | MODO: SYNC TRADES
2026-04-29 10:50:37 | INFO     | ============================================================

2026-04-29 10:50:37 | INFO     | 🔄 Sincronización completada. Trades cerrados registrados: 0
2026-04-29 10:50:37 | INFO     | ✅ MODO SYNC TRADES COMPLETADO

2026-04-29 10:51:37 | INFO     | ============================================================
2026-04-29 10:51:37 | INFO     | TRADING PIPELINE INICIADO
2026-04-29 10:51:37 | INFO     | ============================================================
2026-04-29 10:51:37 | INFO     | 📁 Directorios de trabajo configurados
2026-04-29 10:51:37 | INFO     | 🚀 Ejecutando modo: SYNC_TRADES
2026-04-29 10:51:37 | INFO     | 
============================================================
2026-04-29 10:51:37 | INFO     | MODO: SYNC TRADES
2026-04-29 10:51:37 | INFO     | ============================================================

2026-04-29 10:51:37 | INFO     | 🔄 Sincronización completada. Trades cerrados registrados: 0
2026-04-29 10:51:37 | INFO     | ✅ MODO SYNC TRADES COMPLETADO

2026-04-29 10:52:37 | INFO     | ============================================================
2026-04-29 10:52:37 | INFO     | TRADING PIPELINE INICIADO
2026-04-29 10:52:37 | INFO     | ============================================================
2026-04-29 10:52:37 | INFO     | 📁 Directorios de trabajo configurados
2026-04-29 10:52:37 | INFO     | 🚀 Ejecutando modo: SYNC_TRADES
2026-04-29 10:52:37 | INFO     | 
============================================================
2026-04-29 10:52:37 | INFO     | MODO: SYNC TRADES
2026-04-29 10:52:37 | INFO     | ============================================================

2026-04-29 10:52:37 | INFO     | 🔄 Sincronización completada. Trades cerrados registrados: 0
2026-04-29 10:52:37 | INFO     | ✅ MODO SYNC TRADES COMPLETADO

2026-04-29 10:53:07 | INFO     | ============================================================
2026-04-29 10:53:07 | INFO     | TRADING PIPELINE INICIADO
2026-04-29 10:53:07 | INFO     | ============================================================
2026-04-29 10:53:07 | INFO     | 📁 Directorios de trabajo configurados
2026-04-29 10:53:07 | INFO     | 🚀 Ejecutando modo: PRODUCTION
2026-04-29 10:53:07 | INFO     | 
============================================================
2026-04-29 10:53:07 | INFO     | MODO: PRODUCCIÓN
2026-04-29 10:53:07 | INFO     | ============================================================

2026-04-29 10:53:07 | INFO     | 📥 Cargando datos para producción...
2026-04-29 10:53:07 | INFO     | PASO 1: CARGANDO DATOS
2026-04-29 10:53:07 | INFO     | ------------------------------------------------------------
2026-04-29 10:53:07 | INFO     |   -> Símbolo 'EURUSD' cargado desde config/config.yaml
2026-04-29 10:53:07 | INFO     |   -> Timeframe 'M5' cargado desde config/config.yaml
2026-04-29 10:53:07 | INFO     | ✓ Datos cargados: 3000 filas, 6 columnas.
2026-04-29 10:53:07 | INFO     | PASO 2: LIMPIANDO DATOS
2026-04-29 10:53:07 | INFO     | ------------------------------------------------------------
2026-04-29 10:53:07 | INFO     | ✓ Datos limpios: 3000 filas restantes.
2026-04-29 10:53:07 | INFO     | PASO 3: GENERANDO FEATURES
2026-04-29 10:53:07 | INFO     | ------------------------------------------------------------
2026-04-29 10:53:07 | INFO     |   -> Retornos agregados para períodos: [1, 5, 10]
2026-04-29 10:53:07 | INFO     |   -> Indicadores técnicos agregados.
2026-04-29 10:53:07 | INFO     |   -> Lags agregados para la columna: 'Close'
2026-04-29 10:53:07 | INFO     |   -> Lags agregados para la columna: 'Volume'
2026-04-29 10:53:07 | INFO     |   -> Conteos de valores NaN generados por las features:
2026-04-29 10:53:07 | INFO     | ✓ Features generadas. Total columnas: 37.
2026-04-29 10:53:07 | INFO     | 🏆 Modelo campeón global según backtest: PROPHET
2026-04-29 10:53:07 | INFO     | 🎯 Producción configurada para operar únicamente con el modelo campeón.
2026-04-29 10:53:07 | INFO     | 📦 Release activa de producción: 20260429_063853 (activada 2026-04-29T06:41:48)
2026-04-29 10:53:07 | INFO     | Presupuesto de riesgo: total=159.57 | abierto=106.00 | restante=53.57 | por_trade=53.19
2026-04-29 10:53:07 | INFO     | 🔎 Generando señales de producción para TODOS los modelos habilitados...

2026-04-29 10:53:07 | INFO     | ➡ Procesando modelo: PROPHET | params={'changepoint_prior_scale': 0.01, 'daily_seasonality': False, 'seasonality_mode': 'additive', 'seasonality_prior_scale': 1.0, 'use_lagged_regressors': True, 'weekly_seasonality': True, 'yearly_seasonality': False}
2026-04-29 10:53:07 | INFO     |   💾 Intentando cargar el modelo desde: C:\Users\USER\Documentos\Maestria\Mark-III\outputs\models\releases\20260429_063853\prophet_best.pkl
2026-04-29 10:53:07 | INFO     | [PROPHET] Cargando artefacto desde: C:\Users\USER\Documentos\Maestria\Mark-III\outputs\models\releases\20260429_063853\prophet_best.pkl
2026-04-29 10:53:07 | INFO     | [PROPHET] Tipo de artefacto: <class 'dict'>
2026-04-29 10:53:07 | INFO     | [PROPHET] Claves del artefacto: ['model_class', 'params', 'model', 'target_name', 'feature_names']
2026-04-29 10:53:07 | INFO     | [PROPHET] Modelo cargado desde: C:\Users\USER\Documentos\Maestria\Mark-III\outputs\models\releases\20260429_063853\prophet_best.pkl
2026-04-29 10:53:07 | INFO     | [PROPHET] Regresores restaurados: ['Open', 'High', 'Low', 'Close', 'TickVolume', 'Volume', 'Return_1', 'LogReturn_1', 'Return_5', 'ReturnFwd_5', 'LogReturn_5', 'Return_10', 'ReturnFwd_10', 'LogReturn_10', 'SMA_20', 'SMA_50', 'EMA_12', 'EMA_26', 'RSI_14', 'MACD', 'MACD_Signal', 'MACD_Hist', 'BB_Upper', 'BB_Lower', 'BB_Width', 'ATR_14', 'Close_lag1', 'Close_lag2', 'Close_lag3', 'Close_lag5', 'Close_lag10', 'Volume_lag1', 'Volume_lag2', 'Volume_lag3', 'Volume_lag5', 'Volume_lag10']
2026-04-29 10:53:07 | INFO     | [PROPHET] Predicción (yhat) para 2026-04-29 18:45:00: 0.000072
2026-04-29 10:53:07 | INFO     |   📈 Modelo PROPHET -> retorno=0.000072, pips=0.85, signal=HOLD, confidence=0.486, entry_plan=nan, SL_plan=nan, TP_plan=nan, entry_live=nan, SL_live=nan, TP_live=nan, lots=0.00, balance=5318.9, risk=0.00, open_risk=106.00, remaining_budget=53.57
2026-04-29 10:53:07 | INFO     | 
💾 Señales de producción guardadas en: outputs\production\production_signals.csv
2026-04-29 10:53:08 | INFO     | ✅ MODO PRODUCCIÓN COMPLETADO

2026-04-29 10:53:37 | INFO     | ============================================================
2026-04-29 10:53:37 | INFO     | TRADING PIPELINE INICIADO
2026-04-29 10:53:37 | INFO     | ============================================================
2026-04-29 10:53:37 | INFO     | 📁 Directorios de trabajo configurados
2026-04-29 10:53:37 | INFO     | 🚀 Ejecutando modo: SYNC_TRADES
2026-04-29 10:53:37 | INFO     | 
============================================================
2026-04-29 10:53:37 | INFO     | MODO: SYNC TRADES
2026-04-29 10:53:37 | INFO     | ============================================================

2026-04-29 10:53:37 | INFO     | 🔄 Sincronización completada. Trades cerrados registrados: 0
2026-04-29 10:53:37 | INFO     | ✅ MODO SYNC TRADES COMPLETADO

2026-04-29 10:54:37 | INFO     | ============================================================
2026-04-29 10:54:37 | INFO     | TRADING PIPELINE INICIADO
2026-04-29 10:54:37 | INFO     | ============================================================
2026-04-29 10:54:37 | INFO     | 📁 Directorios de trabajo configurados
2026-04-29 10:54:37 | INFO     | 🚀 Ejecutando modo: SYNC_TRADES
2026-04-29 10:54:37 | INFO     | 
============================================================
2026-04-29 10:54:37 | INFO     | MODO: SYNC TRADES
2026-04-29 10:54:37 | INFO     | ============================================================

2026-04-29 10:54:37 | INFO     | 🔄 Sincronización completada. Trades cerrados registrados: 0
2026-04-29 10:54:37 | INFO     | ✅ MODO SYNC TRADES COMPLETADO

2026-04-29 10:55:37 | INFO     | ============================================================
2026-04-29 10:55:37 | INFO     | TRADING PIPELINE INICIADO
2026-04-29 10:55:37 | INFO     | ============================================================
2026-04-29 10:55:37 | INFO     | 📁 Directorios de trabajo configurados
2026-04-29 10:55:37 | INFO     | 🚀 Ejecutando modo: SYNC_TRADES
2026-04-29 10:55:37 | INFO     | 
============================================================
2026-04-29 10:55:37 | INFO     | MODO: SYNC TRADES
2026-04-29 10:55:37 | INFO     | ============================================================

2026-04-29 10:55:37 | INFO     | 🔄 Sincronización completada. Trades cerrados registrados: 0
2026-04-29 10:55:37 | INFO     | ✅ MODO SYNC TRADES COMPLETADO

2026-04-29 10:56:37 | INFO     | ============================================================
2026-04-29 10:56:37 | INFO     | TRADING PIPELINE INICIADO
2026-04-29 10:56:37 | INFO     | ============================================================
2026-04-29 10:56:37 | INFO     | 📁 Directorios de trabajo configurados
2026-04-29 10:56:37 | INFO     | 🚀 Ejecutando modo: SYNC_TRADES
2026-04-29 10:56:37 | INFO     | 
============================================================
2026-04-29 10:56:37 | INFO     | MODO: SYNC TRADES
2026-04-29 10:56:37 | INFO     | ============================================================

2026-04-29 10:56:37 | INFO     | 🔄 Sincronización completada. Trades cerrados registrados: 0
2026-04-29 10:56:37 | INFO     | ✅ MODO SYNC TRADES COMPLETADO

2026-04-29 10:57:37 | INFO     | ============================================================
2026-04-29 10:57:37 | INFO     | TRADING PIPELINE INICIADO
2026-04-29 10:57:37 | INFO     | ============================================================
2026-04-29 10:57:37 | INFO     | 📁 Directorios de trabajo configurados
2026-04-29 10:57:37 | INFO     | 🚀 Ejecutando modo: SYNC_TRADES
2026-04-29 10:57:37 | INFO     | 
============================================================
2026-04-29 10:57:37 | INFO     | MODO: SYNC TRADES
2026-04-29 10:57:37 | INFO     | ============================================================

2026-04-29 10:57:37 | INFO     | 🔄 Sincronización completada. Trades cerrados registrados: 0
2026-04-29 10:57:37 | INFO     | ✅ MODO SYNC TRADES COMPLETADO

2026-04-29 10:58:07 | INFO     | ============================================================
2026-04-29 10:58:07 | INFO     | TRADING PIPELINE INICIADO
2026-04-29 10:58:07 | INFO     | ============================================================
2026-04-29 10:58:07 | INFO     | 📁 Directorios de trabajo configurados
2026-04-29 10:58:07 | INFO     | 🚀 Ejecutando modo: PRODUCTION
2026-04-29 10:58:07 | INFO     | 
============================================================
2026-04-29 10:58:07 | INFO     | MODO: PRODUCCIÓN
2026-04-29 10:58:07 | INFO     | ============================================================

2026-04-29 10:58:07 | INFO     | 📥 Cargando datos para producción...
2026-04-29 10:58:07 | INFO     | PASO 1: CARGANDO DATOS
2026-04-29 10:58:07 | INFO     | ------------------------------------------------------------
2026-04-29 10:58:07 | INFO     |   -> Símbolo 'EURUSD' cargado desde config/config.yaml
2026-04-29 10:58:07 | INFO     |   -> Timeframe 'M5' cargado desde config/config.yaml
2026-04-29 10:58:07 | INFO     | ✓ Datos cargados: 3000 filas, 6 columnas.
2026-04-29 10:58:07 | INFO     | PASO 2: LIMPIANDO DATOS
2026-04-29 10:58:07 | INFO     | ------------------------------------------------------------
2026-04-29 10:58:07 | INFO     | ✓ Datos limpios: 3000 filas restantes.
2026-04-29 10:58:07 | INFO     | PASO 3: GENERANDO FEATURES
2026-04-29 10:58:07 | INFO     | ------------------------------------------------------------
2026-04-29 10:58:07 | INFO     |   -> Retornos agregados para períodos: [1, 5, 10]
2026-04-29 10:58:07 | INFO     |   -> Indicadores técnicos agregados.
2026-04-29 10:58:07 | INFO     |   -> Lags agregados para la columna: 'Close'
2026-04-29 10:58:07 | INFO     |   -> Lags agregados para la columna: 'Volume'
2026-04-29 10:58:07 | INFO     |   -> Conteos de valores NaN generados por las features:
2026-04-29 10:58:07 | INFO     | ✓ Features generadas. Total columnas: 37.
2026-04-29 10:58:07 | INFO     | 🏆 Modelo campeón global según backtest: PROPHET
2026-04-29 10:58:07 | INFO     | 🎯 Producción configurada para operar únicamente con el modelo campeón.
2026-04-29 10:58:07 | INFO     | 📦 Release activa de producción: 20260429_063853 (activada 2026-04-29T06:41:48)
2026-04-29 10:58:07 | INFO     | Presupuesto de riesgo: total=159.57 | abierto=106.00 | restante=53.57 | por_trade=53.19
2026-04-29 10:58:07 | INFO     | 🔎 Generando señales de producción para TODOS los modelos habilitados...

2026-04-29 10:58:07 | INFO     | ➡ Procesando modelo: PROPHET | params={'changepoint_prior_scale': 0.01, 'daily_seasonality': False, 'seasonality_mode': 'additive', 'seasonality_prior_scale': 1.0, 'use_lagged_regressors': True, 'weekly_seasonality': True, 'yearly_seasonality': False}
2026-04-29 10:58:07 | INFO     |   💾 Intentando cargar el modelo desde: C:\Users\USER\Documentos\Maestria\Mark-III\outputs\models\releases\20260429_063853\prophet_best.pkl
2026-04-29 10:58:07 | INFO     | [PROPHET] Cargando artefacto desde: C:\Users\USER\Documentos\Maestria\Mark-III\outputs\models\releases\20260429_063853\prophet_best.pkl
2026-04-29 10:58:07 | INFO     | [PROPHET] Tipo de artefacto: <class 'dict'>
2026-04-29 10:58:07 | INFO     | [PROPHET] Claves del artefacto: ['model_class', 'params', 'model', 'target_name', 'feature_names']
2026-04-29 10:58:07 | INFO     | [PROPHET] Modelo cargado desde: C:\Users\USER\Documentos\Maestria\Mark-III\outputs\models\releases\20260429_063853\prophet_best.pkl
2026-04-29 10:58:07 | INFO     | [PROPHET] Regresores restaurados: ['Open', 'High', 'Low', 'Close', 'TickVolume', 'Volume', 'Return_1', 'LogReturn_1', 'Return_5', 'ReturnFwd_5', 'LogReturn_5', 'Return_10', 'ReturnFwd_10', 'LogReturn_10', 'SMA_20', 'SMA_50', 'EMA_12', 'EMA_26', 'RSI_14', 'MACD', 'MACD_Signal', 'MACD_Hist', 'BB_Upper', 'BB_Lower', 'BB_Width', 'ATR_14', 'Close_lag1', 'Close_lag2', 'Close_lag3', 'Close_lag5', 'Close_lag10', 'Volume_lag1', 'Volume_lag2', 'Volume_lag3', 'Volume_lag5', 'Volume_lag10']
2026-04-29 10:58:07 | INFO     | [PROPHET] Predicción (yhat) para 2026-04-29 18:50:00: 0.000364
2026-04-29 10:58:07 | INFO     |   📈 Modelo PROPHET -> retorno=0.000364, pips=4.25, signal=BUY, confidence=0.886, entry_plan=1.16856, SL_plan=1.16756, TP_plan=1.17056, entry_live=1.16944, SL_live=1.16844, TP_live=1.17144, lots=0.53, balance=5318.9, risk=53.00, open_risk=106.00, remaining_budget=53.57
2026-04-29 10:58:07 | INFO     | 
💾 Señales de producción guardadas en: outputs\production\production_signals.csv
2026-04-29 10:58:08 | INFO     | ✅ Orden enviada: model=PROPHET signal=BUY symbol=EURUSD lots=0.53 position_id=1845489947 SL=1.16844 TP=1.17144 protection=PROTECTED
2026-04-29 10:58:08 | INFO     | ✅ MODO PRODUCCIÓN COMPLETADO

2026-04-29 10:58:37 | INFO     | ============================================================
2026-04-29 10:58:37 | INFO     | TRADING PIPELINE INICIADO
2026-04-29 10:58:37 | INFO     | ============================================================
2026-04-29 10:58:37 | INFO     | 📁 Directorios de trabajo configurados
2026-04-29 10:58:37 | INFO     | 🚀 Ejecutando modo: SYNC_TRADES
2026-04-29 10:58:37 | INFO     | 
============================================================
2026-04-29 10:58:37 | INFO     | MODO: SYNC TRADES
2026-04-29 10:58:37 | INFO     | ============================================================

2026-04-29 10:58:37 | INFO     | 🔄 Sincronización completada. Trades cerrados registrados: 0
2026-04-29 10:58:37 | INFO     | ✅ MODO SYNC TRADES COMPLETADO

2026-04-29 10:59:44 | INFO     | ============================================================
2026-04-29 10:59:44 | INFO     | TRADING PIPELINE INICIADO
2026-04-29 10:59:44 | INFO     | ============================================================
2026-04-29 10:59:44 | INFO     | 📁 Directorios de trabajo configurados
2026-04-29 10:59:44 | INFO     | 🚀 Ejecutando modo: SYNC_TRADES
2026-04-29 10:59:44 | INFO     | 
============================================================
2026-04-29 10:59:44 | INFO     | MODO: SYNC TRADES
2026-04-29 10:59:44 | INFO     | ============================================================

2026-04-29 10:59:44 | INFO     | 🔄 Sincronización completada. Trades cerrados registrados: 0
2026-04-29 10:59:44 | INFO     | ✅ MODO SYNC TRADES COMPLETADO

2026-04-29 11:00:37 | INFO     | ============================================================
2026-04-29 11:00:37 | INFO     | TRADING PIPELINE INICIADO
2026-04-29 11:00:37 | INFO     | ============================================================
2026-04-29 11:00:37 | INFO     | 📁 Directorios de trabajo configurados
2026-04-29 11:00:37 | INFO     | 🚀 Ejecutando modo: SYNC_TRADES
2026-04-29 11:00:37 | INFO     | 
============================================================
2026-04-29 11:00:37 | INFO     | MODO: SYNC TRADES
2026-04-29 11:00:37 | INFO     | ============================================================

2026-04-29 11:00:37 | INFO     | 🔄 Sincronización completada. Trades cerrados registrados: 0
2026-04-29 11:00:37 | INFO     | ✅ MODO SYNC TRADES COMPLETADO

2026-04-29 11:01:37 | INFO     | ============================================================
2026-04-29 11:01:37 | INFO     | TRADING PIPELINE INICIADO
2026-04-29 11:01:37 | INFO     | ============================================================
2026-04-29 11:01:37 | INFO     | 📁 Directorios de trabajo configurados
2026-04-29 11:01:37 | INFO     | 🚀 Ejecutando modo: SYNC_TRADES
2026-04-29 11:01:37 | INFO     | 
============================================================
2026-04-29 11:01:37 | INFO     | MODO: SYNC TRADES
2026-04-29 11:01:37 | INFO     | ============================================================

2026-04-29 11:01:37 | INFO     | 🔄 Sincronización completada. Trades cerrados registrados: 0
2026-04-29 11:01:37 | INFO     | ✅ MODO SYNC TRADES COMPLETADO

2026-04-29 11:02:37 | INFO     | ============================================================
2026-04-29 11:02:37 | INFO     | TRADING PIPELINE INICIADO
2026-04-29 11:02:37 | INFO     | ============================================================
2026-04-29 11:02:37 | INFO     | 📁 Directorios de trabajo configurados
2026-04-29 11:02:37 | INFO     | 🚀 Ejecutando modo: SYNC_TRADES
2026-04-29 11:02:37 | INFO     | 
============================================================
2026-04-29 11:02:37 | INFO     | MODO: SYNC TRADES
2026-04-29 11:02:37 | INFO     | ============================================================

2026-04-29 11:02:37 | INFO     | 🔄 Sincronización completada. Trades cerrados registrados: 0
2026-04-29 11:02:37 | INFO     | ✅ MODO SYNC TRADES COMPLETADO

2026-04-29 11:03:07 | INFO     | ============================================================
2026-04-29 11:03:07 | INFO     | TRADING PIPELINE INICIADO
2026-04-29 11:03:07 | INFO     | ============================================================
2026-04-29 11:03:07 | INFO     | 📁 Directorios de trabajo configurados
2026-04-29 11:03:07 | INFO     | 🚀 Ejecutando modo: PRODUCTION
2026-04-29 11:03:07 | INFO     | 
============================================================
2026-04-29 11:03:07 | INFO     | MODO: PRODUCCIÓN
2026-04-29 11:03:07 | INFO     | ============================================================

2026-04-29 11:03:07 | INFO     | 📥 Cargando datos para producción...
2026-04-29 11:03:07 | INFO     | PASO 1: CARGANDO DATOS
2026-04-29 11:03:07 | INFO     | ------------------------------------------------------------
2026-04-29 11:03:07 | INFO     |   -> Símbolo 'EURUSD' cargado desde config/config.yaml
2026-04-29 11:03:07 | INFO     |   -> Timeframe 'M5' cargado desde config/config.yaml
2026-04-29 11:03:07 | INFO     | ✓ Datos cargados: 3000 filas, 6 columnas.
2026-04-29 11:03:07 | INFO     | PASO 2: LIMPIANDO DATOS
2026-04-29 11:03:07 | INFO     | ------------------------------------------------------------
2026-04-29 11:03:07 | INFO     | ✓ Datos limpios: 3000 filas restantes.
2026-04-29 11:03:07 | INFO     | PASO 3: GENERANDO FEATURES
2026-04-29 11:03:07 | INFO     | ------------------------------------------------------------
2026-04-29 11:03:07 | INFO     |   -> Retornos agregados para períodos: [1, 5, 10]
2026-04-29 11:03:07 | INFO     |   -> Indicadores técnicos agregados.
2026-04-29 11:03:07 | INFO     |   -> Lags agregados para la columna: 'Close'
2026-04-29 11:03:07 | INFO     |   -> Lags agregados para la columna: 'Volume'
2026-04-29 11:03:07 | INFO     |   -> Conteos de valores NaN generados por las features:
2026-04-29 11:03:07 | INFO     | ✓ Features generadas. Total columnas: 37.
2026-04-29 11:03:07 | INFO     | 🏆 Modelo campeón global según backtest: PROPHET
2026-04-29 11:03:07 | INFO     | 🎯 Producción configurada para operar únicamente con el modelo campeón.
2026-04-29 11:03:07 | INFO     | 📦 Release activa de producción: 20260429_063853 (activada 2026-04-29T06:41:48)
2026-04-29 11:03:07 | INFO     | Presupuesto de riesgo: total=159.57 | abierto=158.47 | restante=1.10 | por_trade=53.19
2026-04-29 11:03:07 | INFO     | 🔎 Generando señales de producción para TODOS los modelos habilitados...

2026-04-29 11:03:07 | INFO     | ➡ Procesando modelo: PROPHET | params={'changepoint_prior_scale': 0.01, 'daily_seasonality': False, 'seasonality_mode': 'additive', 'seasonality_prior_scale': 1.0, 'use_lagged_regressors': True, 'weekly_seasonality': True, 'yearly_seasonality': False}
2026-04-29 11:03:07 | INFO     |   💾 Intentando cargar el modelo desde: C:\Users\USER\Documentos\Maestria\Mark-III\outputs\models\releases\20260429_063853\prophet_best.pkl
2026-04-29 11:03:07 | INFO     | [PROPHET] Cargando artefacto desde: C:\Users\USER\Documentos\Maestria\Mark-III\outputs\models\releases\20260429_063853\prophet_best.pkl
2026-04-29 11:03:07 | INFO     | [PROPHET] Tipo de artefacto: <class 'dict'>
2026-04-29 11:03:07 | INFO     | [PROPHET] Claves del artefacto: ['model_class', 'params', 'model', 'target_name', 'feature_names']
2026-04-29 11:03:07 | INFO     | [PROPHET] Modelo cargado desde: C:\Users\USER\Documentos\Maestria\Mark-III\outputs\models\releases\20260429_063853\prophet_best.pkl
2026-04-29 11:03:07 | INFO     | [PROPHET] Regresores restaurados: ['Open', 'High', 'Low', 'Close', 'TickVolume', 'Volume', 'Return_1', 'LogReturn_1', 'Return_5', 'ReturnFwd_5', 'LogReturn_5', 'Return_10', 'ReturnFwd_10', 'LogReturn_10', 'SMA_20', 'SMA_50', 'EMA_12', 'EMA_26', 'RSI_14', 'MACD', 'MACD_Signal', 'MACD_Hist', 'BB_Upper', 'BB_Lower', 'BB_Width', 'ATR_14', 'Close_lag1', 'Close_lag2', 'Close_lag3', 'Close_lag5', 'Close_lag10', 'Volume_lag1', 'Volume_lag2', 'Volume_lag3', 'Volume_lag5', 'Volume_lag10']
2026-04-29 11:03:07 | INFO     | [PROPHET] Predicción (yhat) para 2026-04-29 18:55:00: 0.000226
2026-04-29 11:03:07 | INFO     |   📈 Modelo PROPHET -> retorno=0.000226, pips=2.64, signal=BUY, confidence=0.697, entry_plan=1.16913, SL_plan=1.16813, TP_plan=1.17113, entry_live=1.16976, SL_live=1.16876, TP_live=1.17176, lots=0.01, balance=5318.9, risk=1.00, open_risk=158.47, remaining_budget=1.10
2026-04-29 11:03:07 | INFO     | 
💾 Señales de producción guardadas en: outputs\production\production_signals.csv
2026-04-29 11:03:08 | INFO     | ✅ Orden enviada: model=PROPHET signal=BUY symbol=EURUSD lots=0.01 position_id=1845544063 SL=1.16876 TP=1.17176 protection=PROTECTED
2026-04-29 11:03:08 | INFO     | ✅ MODO PRODUCCIÓN COMPLETADO

2026-04-29 11:03:37 | INFO     | ============================================================
2026-04-29 11:03:37 | INFO     | TRADING PIPELINE INICIADO
2026-04-29 11:03:37 | INFO     | ============================================================
2026-04-29 11:03:37 | INFO     | 📁 Directorios de trabajo configurados
2026-04-29 11:03:37 | INFO     | 🚀 Ejecutando modo: SYNC_TRADES
2026-04-29 11:03:37 | INFO     | 
============================================================
2026-04-29 11:03:37 | INFO     | MODO: SYNC TRADES
2026-04-29 11:03:37 | INFO     | ============================================================

2026-04-29 11:03:37 | INFO     | 🔄 Sincronización completada. Trades cerrados registrados: 0
2026-04-29 11:03:37 | INFO     | ✅ MODO SYNC TRADES COMPLETADO

2026-04-29 11:04:37 | INFO     | ============================================================
2026-04-29 11:04:37 | INFO     | TRADING PIPELINE INICIADO
2026-04-29 11:04:37 | INFO     | ============================================================
2026-04-29 11:04:37 | INFO     | 📁 Directorios de trabajo configurados
2026-04-29 11:04:37 | INFO     | 🚀 Ejecutando modo: SYNC_TRADES
2026-04-29 11:04:37 | INFO     | 
============================================================
2026-04-29 11:04:37 | INFO     | MODO: SYNC TRADES
2026-04-29 11:04:37 | INFO     | ============================================================

2026-04-29 11:04:37 | INFO     | 🔄 Sincronización completada. Trades cerrados registrados: 0
2026-04-29 11:04:37 | INFO     | ✅ MODO SYNC TRADES COMPLETADO

2026-04-29 11:05:37 | INFO     | ============================================================
2026-04-29 11:05:37 | INFO     | TRADING PIPELINE INICIADO
2026-04-29 11:05:37 | INFO     | ============================================================
2026-04-29 11:05:37 | INFO     | 📁 Directorios de trabajo configurados
2026-04-29 11:05:37 | INFO     | 🚀 Ejecutando modo: SYNC_TRADES
2026-04-29 11:05:37 | INFO     | 
============================================================
2026-04-29 11:05:37 | INFO     | MODO: SYNC TRADES
2026-04-29 11:05:37 | INFO     | ============================================================

2026-04-29 11:05:37 | INFO     | 🔄 Sincronización completada. Trades cerrados registrados: 0
2026-04-29 11:05:37 | INFO     | ✅ MODO SYNC TRADES COMPLETADO

2026-04-29 11:06:37 | INFO     | ============================================================
2026-04-29 11:06:37 | INFO     | TRADING PIPELINE INICIADO
2026-04-29 11:06:37 | INFO     | ============================================================
2026-04-29 11:06:37 | INFO     | 📁 Directorios de trabajo configurados
2026-04-29 11:06:37 | INFO     | 🚀 Ejecutando modo: SYNC_TRADES
2026-04-29 11:06:37 | INFO     | 
============================================================
2026-04-29 11:06:37 | INFO     | MODO: SYNC TRADES
2026-04-29 11:06:37 | INFO     | ============================================================

2026-04-29 11:06:37 | INFO     | 🔄 Sincronización completada. Trades cerrados registrados: 0
2026-04-29 11:06:37 | INFO     | ✅ MODO SYNC TRADES COMPLETADO

2026-04-29 11:07:38 | INFO     | ============================================================
2026-04-29 11:07:38 | INFO     | TRADING PIPELINE INICIADO
2026-04-29 11:07:38 | INFO     | ============================================================
2026-04-29 11:07:38 | INFO     | 📁 Directorios de trabajo configurados
2026-04-29 11:07:38 | INFO     | 🚀 Ejecutando modo: SYNC_TRADES
2026-04-29 11:07:38 | INFO     | 
============================================================
2026-04-29 11:07:38 | INFO     | MODO: SYNC TRADES
2026-04-29 11:07:38 | INFO     | ============================================================

2026-04-29 11:07:38 | INFO     | 🔄 Sincronización completada. Trades cerrados registrados: 0
2026-04-29 11:07:38 | INFO     | ✅ MODO SYNC TRADES COMPLETADO

2026-04-29 11:08:07 | INFO     | ============================================================
2026-04-29 11:08:07 | INFO     | TRADING PIPELINE INICIADO
2026-04-29 11:08:07 | INFO     | ============================================================
2026-04-29 11:08:07 | INFO     | 📁 Directorios de trabajo configurados
2026-04-29 11:08:07 | INFO     | 🚀 Ejecutando modo: PRODUCTION
2026-04-29 11:08:07 | INFO     | 
============================================================
2026-04-29 11:08:07 | INFO     | MODO: PRODUCCIÓN
2026-04-29 11:08:07 | INFO     | ============================================================

2026-04-29 11:08:07 | INFO     | 📥 Cargando datos para producción...
2026-04-29 11:08:07 | INFO     | PASO 1: CARGANDO DATOS
2026-04-29 11:08:07 | INFO     | ------------------------------------------------------------
2026-04-29 11:08:07 | INFO     |   -> Símbolo 'EURUSD' cargado desde config/config.yaml
2026-04-29 11:08:07 | INFO     |   -> Timeframe 'M5' cargado desde config/config.yaml
2026-04-29 11:08:07 | INFO     | ✓ Datos cargados: 3000 filas, 6 columnas.
2026-04-29 11:08:07 | INFO     | PASO 2: LIMPIANDO DATOS
2026-04-29 11:08:07 | INFO     | ------------------------------------------------------------
2026-04-29 11:08:07 | INFO     | ✓ Datos limpios: 3000 filas restantes.
2026-04-29 11:08:07 | INFO     | PASO 3: GENERANDO FEATURES
2026-04-29 11:08:07 | INFO     | ------------------------------------------------------------
2026-04-29 11:08:07 | INFO     |   -> Retornos agregados para períodos: [1, 5, 10]
2026-04-29 11:08:07 | INFO     |   -> Indicadores técnicos agregados.
2026-04-29 11:08:07 | INFO     |   -> Lags agregados para la columna: 'Close'
2026-04-29 11:08:07 | INFO     |   -> Lags agregados para la columna: 'Volume'
2026-04-29 11:08:07 | INFO     |   -> Conteos de valores NaN generados por las features:
2026-04-29 11:08:07 | INFO     | ✓ Features generadas. Total columnas: 37.
2026-04-29 11:08:07 | INFO     | 🏆 Modelo campeón global según backtest: PROPHET
2026-04-29 11:08:07 | INFO     | 🎯 Producción configurada para operar únicamente con el modelo campeón.
2026-04-29 11:08:07 | INFO     | 📦 Release activa de producción: 20260429_063853 (activada 2026-04-29T06:41:48)
2026-04-29 11:08:07 | INFO     | Presupuesto de riesgo: total=159.57 | abierto=159.47 | restante=0.10 | por_trade=53.19
2026-04-29 11:08:07 | INFO     | 🔎 Generando señales de producción para TODOS los modelos habilitados...

2026-04-29 11:08:07 | INFO     | ➡ Procesando modelo: PROPHET | params={'changepoint_prior_scale': 0.01, 'daily_seasonality': False, 'seasonality_mode': 'additive', 'seasonality_prior_scale': 1.0, 'use_lagged_regressors': True, 'weekly_seasonality': True, 'yearly_seasonality': False}
2026-04-29 11:08:07 | INFO     |   💾 Intentando cargar el modelo desde: C:\Users\USER\Documentos\Maestria\Mark-III\outputs\models\releases\20260429_063853\prophet_best.pkl
2026-04-29 11:08:07 | INFO     | [PROPHET] Cargando artefacto desde: C:\Users\USER\Documentos\Maestria\Mark-III\outputs\models\releases\20260429_063853\prophet_best.pkl
2026-04-29 11:08:07 | INFO     | [PROPHET] Tipo de artefacto: <class 'dict'>
2026-04-29 11:08:07 | INFO     | [PROPHET] Claves del artefacto: ['model_class', 'params', 'model', 'target_name', 'feature_names']
2026-04-29 11:08:07 | INFO     | [PROPHET] Modelo cargado desde: C:\Users\USER\Documentos\Maestria\Mark-III\outputs\models\releases\20260429_063853\prophet_best.pkl
2026-04-29 11:08:07 | INFO     | [PROPHET] Regresores restaurados: ['Open', 'High', 'Low', 'Close', 'TickVolume', 'Volume', 'Return_1', 'LogReturn_1', 'Return_5', 'ReturnFwd_5', 'LogReturn_5', 'Return_10', 'ReturnFwd_10', 'LogReturn_10', 'SMA_20', 'SMA_50', 'EMA_12', 'EMA_26', 'RSI_14', 'MACD', 'MACD_Signal', 'MACD_Hist', 'BB_Upper', 'BB_Lower', 'BB_Width', 'ATR_14', 'Close_lag1', 'Close_lag2', 'Close_lag3', 'Close_lag5', 'Close_lag10', 'Volume_lag1', 'Volume_lag2', 'Volume_lag3', 'Volume_lag5', 'Volume_lag10']
2026-04-29 11:08:07 | INFO     | [PROPHET] Predicción (yhat) para 2026-04-29 19:00:00: -0.000047
2026-04-29 11:08:07 | INFO     |   📈 Modelo PROPHET -> retorno=-0.000047, pips=-0.55, signal=HOLD, confidence=0.452, entry_plan=nan, SL_plan=nan, TP_plan=nan, entry_live=nan, SL_live=nan, TP_live=nan, lots=0.00, balance=5318.9, risk=0.00, open_risk=159.47, remaining_budget=0.10
2026-04-29 11:08:07 | INFO     | 
💾 Señales de producción guardadas en: outputs\production\production_signals.csv
2026-04-29 11:08:07 | INFO     | ✅ MODO PRODUCCIÓN COMPLETADO

2026-04-29 11:08:37 | INFO     | ============================================================
2026-04-29 11:08:37 | INFO     | TRADING PIPELINE INICIADO
2026-04-29 11:08:37 | INFO     | ============================================================
2026-04-29 11:08:37 | INFO     | 📁 Directorios de trabajo configurados
2026-04-29 11:08:37 | INFO     | 🚀 Ejecutando modo: SYNC_TRADES
2026-04-29 11:08:37 | INFO     | 
============================================================
2026-04-29 11:08:37 | INFO     | MODO: SYNC TRADES
2026-04-29 11:08:37 | INFO     | ============================================================

2026-04-29 11:08:37 | INFO     | 🔄 Sincronización completada. Trades cerrados registrados: 0
2026-04-29 11:08:37 | INFO     | ✅ MODO SYNC TRADES COMPLETADO

2026-04-29 11:09:37 | INFO     | ============================================================
2026-04-29 11:09:37 | INFO     | TRADING PIPELINE INICIADO
2026-04-29 11:09:37 | INFO     | ============================================================
2026-04-29 11:09:37 | INFO     | 📁 Directorios de trabajo configurados
2026-04-29 11:09:37 | INFO     | 🚀 Ejecutando modo: SYNC_TRADES
2026-04-29 11:09:37 | INFO     | 
============================================================
2026-04-29 11:09:37 | INFO     | MODO: SYNC TRADES
2026-04-29 11:09:37 | INFO     | ============================================================

2026-04-29 11:09:37 | INFO     | 🔄 Sincronización completada. Trades cerrados registrados: 0
2026-04-29 11:09:37 | INFO     | ✅ MODO SYNC TRADES COMPLETADO

2026-04-29 11:10:37 | INFO     | ============================================================
2026-04-29 11:10:37 | INFO     | TRADING PIPELINE INICIADO
2026-04-29 11:10:37 | INFO     | ============================================================
2026-04-29 11:10:37 | INFO     | 📁 Directorios de trabajo configurados
2026-04-29 11:10:37 | INFO     | 🚀 Ejecutando modo: SYNC_TRADES
2026-04-29 11:10:37 | INFO     | 
============================================================
2026-04-29 11:10:37 | INFO     | MODO: SYNC TRADES
2026-04-29 11:10:37 | INFO     | ============================================================

2026-04-29 11:10:37 | INFO     | 🔄 Sincronización completada. Trades cerrados registrados: 0
2026-04-29 11:10:37 | INFO     | ✅ MODO SYNC TRADES COMPLETADO

2026-04-29 11:11:37 | INFO     | ============================================================
2026-04-29 11:11:37 | INFO     | TRADING PIPELINE INICIADO
2026-04-29 11:11:37 | INFO     | ============================================================
2026-04-29 11:11:37 | INFO     | 📁 Directorios de trabajo configurados
2026-04-29 11:11:37 | INFO     | 🚀 Ejecutando modo: SYNC_TRADES
2026-04-29 11:11:37 | INFO     | 
============================================================
2026-04-29 11:11:37 | INFO     | MODO: SYNC TRADES
2026-04-29 11:11:37 | INFO     | ============================================================

2026-04-29 11:11:37 | INFO     | 🔄 Sincronización completada. Trades cerrados registrados: 0
2026-04-29 11:11:37 | INFO     | ✅ MODO SYNC TRADES COMPLETADO

2026-04-29 11:12:37 | INFO     | ============================================================
2026-04-29 11:12:37 | INFO     | TRADING PIPELINE INICIADO
2026-04-29 11:12:37 | INFO     | ============================================================
2026-04-29 11:12:37 | INFO     | 📁 Directorios de trabajo configurados
2026-04-29 11:12:37 | INFO     | 🚀 Ejecutando modo: SYNC_TRADES
2026-04-29 11:12:37 | INFO     | 
============================================================
2026-04-29 11:12:37 | INFO     | MODO: SYNC TRADES
2026-04-29 11:12:37 | INFO     | ============================================================

2026-04-29 11:12:37 | INFO     | 🔄 Sincronización completada. Trades cerrados registrados: 0
2026-04-29 11:12:37 | INFO     | ✅ MODO SYNC TRADES COMPLETADO

2026-04-29 11:13:07 | INFO     | ============================================================
2026-04-29 11:13:07 | INFO     | TRADING PIPELINE INICIADO
2026-04-29 11:13:07 | INFO     | ============================================================
2026-04-29 11:13:07 | INFO     | 📁 Directorios de trabajo configurados
2026-04-29 11:13:07 | INFO     | 🚀 Ejecutando modo: PRODUCTION
2026-04-29 11:13:07 | INFO     | 
============================================================
2026-04-29 11:13:07 | INFO     | MODO: PRODUCCIÓN
2026-04-29 11:13:07 | INFO     | ============================================================

2026-04-29 11:13:07 | INFO     | 📥 Cargando datos para producción...
2026-04-29 11:13:07 | INFO     | PASO 1: CARGANDO DATOS
2026-04-29 11:13:07 | INFO     | ------------------------------------------------------------
2026-04-29 11:13:07 | INFO     |   -> Símbolo 'EURUSD' cargado desde config/config.yaml
2026-04-29 11:13:07 | INFO     |   -> Timeframe 'M5' cargado desde config/config.yaml
2026-04-29 11:13:07 | INFO     | ✓ Datos cargados: 3000 filas, 6 columnas.
2026-04-29 11:13:07 | INFO     | PASO 2: LIMPIANDO DATOS
2026-04-29 11:13:07 | INFO     | ------------------------------------------------------------
2026-04-29 11:13:07 | INFO     | ✓ Datos limpios: 3000 filas restantes.
2026-04-29 11:13:07 | INFO     | PASO 3: GENERANDO FEATURES
2026-04-29 11:13:07 | INFO     | ------------------------------------------------------------
2026-04-29 11:13:07 | INFO     |   -> Retornos agregados para períodos: [1, 5, 10]
2026-04-29 11:13:07 | INFO     |   -> Indicadores técnicos agregados.
2026-04-29 11:13:07 | INFO     |   -> Lags agregados para la columna: 'Close'
2026-04-29 11:13:07 | INFO     |   -> Lags agregados para la columna: 'Volume'
2026-04-29 11:13:07 | INFO     |   -> Conteos de valores NaN generados por las features:
2026-04-29 11:13:07 | INFO     | ✓ Features generadas. Total columnas: 37.
2026-04-29 11:13:07 | INFO     | 🏆 Modelo campeón global según backtest: PROPHET
2026-04-29 11:13:07 | INFO     | 🎯 Producción configurada para operar únicamente con el modelo campeón.
2026-04-29 11:13:07 | INFO     | 📦 Release activa de producción: 20260429_063853 (activada 2026-04-29T06:41:48)
2026-04-29 11:13:07 | INFO     | Presupuesto de riesgo: total=159.57 | abierto=159.47 | restante=0.10 | por_trade=53.19
2026-04-29 11:13:07 | INFO     | 🔎 Generando señales de producción para TODOS los modelos habilitados...

2026-04-29 11:13:07 | INFO     | ➡ Procesando modelo: PROPHET | params={'changepoint_prior_scale': 0.01, 'daily_seasonality': False, 'seasonality_mode': 'additive', 'seasonality_prior_scale': 1.0, 'use_lagged_regressors': True, 'weekly_seasonality': True, 'yearly_seasonality': False}
2026-04-29 11:13:07 | INFO     |   💾 Intentando cargar el modelo desde: C:\Users\USER\Documentos\Maestria\Mark-III\outputs\models\releases\20260429_063853\prophet_best.pkl
2026-04-29 11:13:07 | INFO     | [PROPHET] Cargando artefacto desde: C:\Users\USER\Documentos\Maestria\Mark-III\outputs\models\releases\20260429_063853\prophet_best.pkl
2026-04-29 11:13:07 | INFO     | [PROPHET] Tipo de artefacto: <class 'dict'>
2026-04-29 11:13:07 | INFO     | [PROPHET] Claves del artefacto: ['model_class', 'params', 'model', 'target_name', 'feature_names']
2026-04-29 11:13:07 | INFO     | [PROPHET] Modelo cargado desde: C:\Users\USER\Documentos\Maestria\Mark-III\outputs\models\releases\20260429_063853\prophet_best.pkl
2026-04-29 11:13:07 | INFO     | [PROPHET] Regresores restaurados: ['Open', 'High', 'Low', 'Close', 'TickVolume', 'Volume', 'Return_1', 'LogReturn_1', 'Return_5', 'ReturnFwd_5', 'LogReturn_5', 'Return_10', 'ReturnFwd_10', 'LogReturn_10', 'SMA_20', 'SMA_50', 'EMA_12', 'EMA_26', 'RSI_14', 'MACD', 'MACD_Signal', 'MACD_Hist', 'BB_Upper', 'BB_Lower', 'BB_Width', 'ATR_14', 'Close_lag1', 'Close_lag2', 'Close_lag3', 'Close_lag5', 'Close_lag10', 'Volume_lag1', 'Volume_lag2', 'Volume_lag3', 'Volume_lag5', 'Volume_lag10']
2026-04-29 11:13:07 | INFO     | [PROPHET] Predicción (yhat) para 2026-04-29 19:05:00: -0.000497
2026-04-29 11:13:07 | INFO     |   📈 Modelo PROPHET -> retorno=-0.000497, pips=-5.82, signal=SELL, confidence=0.936, entry_plan=1.16978, SL_plan=1.17078, TP_plan=1.16778, entry_live=1.16909, SL_live=1.17009, TP_live=1.16709, lots=0.00, balance=5318.9, risk=0.00, open_risk=159.47, remaining_budget=0.10
2026-04-29 11:13:07 | INFO     | 
💾 Señales de producción guardadas en: outputs\production\production_signals.csv
2026-04-29 11:13:07 | INFO     | ✅ MODO PRODUCCIÓN COMPLETADO

2026-04-29 11:13:37 | INFO     | ============================================================
2026-04-29 11:13:37 | INFO     | TRADING PIPELINE INICIADO
2026-04-29 11:13:37 | INFO     | ============================================================
2026-04-29 11:13:37 | INFO     | 📁 Directorios de trabajo configurados
2026-04-29 11:13:37 | INFO     | 🚀 Ejecutando modo: SYNC_TRADES
2026-04-29 11:13:37 | INFO     | 
============================================================
2026-04-29 11:13:37 | INFO     | MODO: SYNC TRADES
2026-04-29 11:13:37 | INFO     | ============================================================

2026-04-29 11:13:37 | INFO     | 🔄 Sincronización completada. Trades cerrados registrados: 0
2026-04-29 11:13:37 | INFO     | ✅ MODO SYNC TRADES COMPLETADO

2026-04-29 11:14:37 | INFO     | ============================================================
2026-04-29 11:14:37 | INFO     | TRADING PIPELINE INICIADO
2026-04-29 11:14:37 | INFO     | ============================================================
2026-04-29 11:14:37 | INFO     | 📁 Directorios de trabajo configurados
2026-04-29 11:14:37 | INFO     | 🚀 Ejecutando modo: SYNC_TRADES
2026-04-29 11:14:37 | INFO     | 
============================================================
2026-04-29 11:14:37 | INFO     | MODO: SYNC TRADES
2026-04-29 11:14:37 | INFO     | ============================================================

2026-04-29 11:14:37 | INFO     | 🔄 Sincronización completada. Trades cerrados registrados: 0
2026-04-29 11:14:37 | INFO     | ✅ MODO SYNC TRADES COMPLETADO

2026-04-29 11:15:37 | INFO     | ============================================================
2026-04-29 11:15:37 | INFO     | TRADING PIPELINE INICIADO
2026-04-29 11:15:37 | INFO     | ============================================================
2026-04-29 11:15:37 | INFO     | 📁 Directorios de trabajo configurados
2026-04-29 11:15:37 | INFO     | 🚀 Ejecutando modo: SYNC_TRADES
2026-04-29 11:15:37 | INFO     | 
============================================================
2026-04-29 11:15:37 | INFO     | MODO: SYNC TRADES
2026-04-29 11:15:37 | INFO     | ============================================================

2026-04-29 11:15:37 | INFO     | 🔄 Sincronización completada. Trades cerrados registrados: 0
2026-04-29 11:15:37 | INFO     | ✅ MODO SYNC TRADES COMPLETADO

2026-04-29 11:16:37 | INFO     | ============================================================
2026-04-29 11:16:37 | INFO     | TRADING PIPELINE INICIADO
2026-04-29 11:16:37 | INFO     | ============================================================
2026-04-29 11:16:37 | INFO     | 📁 Directorios de trabajo configurados
2026-04-29 11:16:37 | INFO     | 🚀 Ejecutando modo: SYNC_TRADES
2026-04-29 11:16:37 | INFO     | 
============================================================
2026-04-29 11:16:37 | INFO     | MODO: SYNC TRADES
2026-04-29 11:16:37 | INFO     | ============================================================

2026-04-29 11:16:37 | INFO     | 🔄 Sincronización completada. Trades cerrados registrados: 0
2026-04-29 11:16:37 | INFO     | ✅ MODO SYNC TRADES COMPLETADO

2026-04-29 11:17:37 | INFO     | ============================================================
2026-04-29 11:17:37 | INFO     | TRADING PIPELINE INICIADO
2026-04-29 11:17:37 | INFO     | ============================================================
2026-04-29 11:17:37 | INFO     | 📁 Directorios de trabajo configurados
2026-04-29 11:17:37 | INFO     | 🚀 Ejecutando modo: SYNC_TRADES
2026-04-29 11:17:37 | INFO     | 
============================================================
2026-04-29 11:17:37 | INFO     | MODO: SYNC TRADES
2026-04-29 11:17:37 | INFO     | ============================================================

2026-04-29 11:17:37 | INFO     | 🔄 Sincronización completada. Trades cerrados registrados: 0
2026-04-29 11:17:37 | INFO     | ✅ MODO SYNC TRADES COMPLETADO

2026-04-29 11:18:07 | INFO     | ============================================================
2026-04-29 11:18:07 | INFO     | TRADING PIPELINE INICIADO
2026-04-29 11:18:07 | INFO     | ============================================================
2026-04-29 11:18:07 | INFO     | 📁 Directorios de trabajo configurados
2026-04-29 11:18:07 | INFO     | 🚀 Ejecutando modo: PRODUCTION
2026-04-29 11:18:07 | INFO     | 
============================================================
2026-04-29 11:18:07 | INFO     | MODO: PRODUCCIÓN
2026-04-29 11:18:07 | INFO     | ============================================================

2026-04-29 11:18:07 | INFO     | 📥 Cargando datos para producción...
2026-04-29 11:18:07 | INFO     | PASO 1: CARGANDO DATOS
2026-04-29 11:18:07 | INFO     | ------------------------------------------------------------
2026-04-29 11:18:07 | INFO     |   -> Símbolo 'EURUSD' cargado desde config/config.yaml
2026-04-29 11:18:07 | INFO     |   -> Timeframe 'M5' cargado desde config/config.yaml
2026-04-29 11:18:07 | INFO     | ✓ Datos cargados: 3000 filas, 6 columnas.
2026-04-29 11:18:07 | INFO     | PASO 2: LIMPIANDO DATOS
2026-04-29 11:18:07 | INFO     | ------------------------------------------------------------
2026-04-29 11:18:07 | INFO     | ✓ Datos limpios: 3000 filas restantes.
2026-04-29 11:18:07 | INFO     | PASO 3: GENERANDO FEATURES
2026-04-29 11:18:07 | INFO     | ------------------------------------------------------------
2026-04-29 11:18:07 | INFO     |   -> Retornos agregados para períodos: [1, 5, 10]
2026-04-29 11:18:07 | INFO     |   -> Indicadores técnicos agregados.
2026-04-29 11:18:07 | INFO     |   -> Lags agregados para la columna: 'Close'
2026-04-29 11:18:07 | INFO     |   -> Lags agregados para la columna: 'Volume'
2026-04-29 11:18:07 | INFO     |   -> Conteos de valores NaN generados por las features:
2026-04-29 11:18:07 | INFO     | ✓ Features generadas. Total columnas: 37.
2026-04-29 11:18:07 | INFO     | 🏆 Modelo campeón global según backtest: PROPHET
2026-04-29 11:18:07 | INFO     | 🎯 Producción configurada para operar únicamente con el modelo campeón.
2026-04-29 11:18:07 | INFO     | 📦 Release activa de producción: 20260429_063853 (activada 2026-04-29T06:41:48)
2026-04-29 11:18:07 | INFO     | Presupuesto de riesgo: total=159.57 | abierto=159.47 | restante=0.10 | por_trade=53.19
2026-04-29 11:18:07 | INFO     | 🔎 Generando señales de producción para TODOS los modelos habilitados...

2026-04-29 11:18:07 | INFO     | ➡ Procesando modelo: PROPHET | params={'changepoint_prior_scale': 0.01, 'daily_seasonality': False, 'seasonality_mode': 'additive', 'seasonality_prior_scale': 1.0, 'use_lagged_regressors': True, 'weekly_seasonality': True, 'yearly_seasonality': False}
2026-04-29 11:18:07 | INFO     |   💾 Intentando cargar el modelo desde: C:\Users\USER\Documentos\Maestria\Mark-III\outputs\models\releases\20260429_063853\prophet_best.pkl
2026-04-29 11:18:07 | INFO     | [PROPHET] Cargando artefacto desde: C:\Users\USER\Documentos\Maestria\Mark-III\outputs\models\releases\20260429_063853\prophet_best.pkl
2026-04-29 11:18:07 | INFO     | [PROPHET] Tipo de artefacto: <class 'dict'>
2026-04-29 11:18:07 | INFO     | [PROPHET] Claves del artefacto: ['model_class', 'params', 'model', 'target_name', 'feature_names']
2026-04-29 11:18:07 | INFO     | [PROPHET] Modelo cargado desde: C:\Users\USER\Documentos\Maestria\Mark-III\outputs\models\releases\20260429_063853\prophet_best.pkl
2026-04-29 11:18:07 | INFO     | [PROPHET] Regresores restaurados: ['Open', 'High', 'Low', 'Close', 'TickVolume', 'Volume', 'Return_1', 'LogReturn_1', 'Return_5', 'ReturnFwd_5', 'LogReturn_5', 'Return_10', 'ReturnFwd_10', 'LogReturn_10', 'SMA_20', 'SMA_50', 'EMA_12', 'EMA_26', 'RSI_14', 'MACD', 'MACD_Signal', 'MACD_Hist', 'BB_Upper', 'BB_Lower', 'BB_Width', 'ATR_14', 'Close_lag1', 'Close_lag2', 'Close_lag3', 'Close_lag5', 'Close_lag10', 'Volume_lag1', 'Volume_lag2', 'Volume_lag3', 'Volume_lag5', 'Volume_lag10']
2026-04-29 11:18:07 | INFO     | [PROPHET] Predicción (yhat) para 2026-04-29 19:10:00: 0.000284
2026-04-29 11:18:07 | INFO     |   📈 Modelo PROPHET -> retorno=0.000284, pips=3.32, signal=BUY, confidence=0.777, entry_plan=1.16886, SL_plan=1.16786, TP_plan=1.17086, entry_live=1.1692, SL_live=1.1682, TP_live=1.1712, lots=0.00, balance=5318.9, risk=0.00, open_risk=159.47, remaining_budget=0.10
2026-04-29 11:18:07 | INFO     | 
💾 Señales de producción guardadas en: outputs\production\production_signals.csv
2026-04-29 11:18:07 | INFO     | ✅ MODO PRODUCCIÓN COMPLETADO

2026-04-29 11:18:37 | INFO     | ============================================================
2026-04-29 11:18:37 | INFO     | TRADING PIPELINE INICIADO
2026-04-29 11:18:37 | INFO     | ============================================================
2026-04-29 11:18:37 | INFO     | 📁 Directorios de trabajo configurados
2026-04-29 11:18:37 | INFO     | 🚀 Ejecutando modo: SYNC_TRADES
2026-04-29 11:18:37 | INFO     | 
============================================================
2026-04-29 11:18:37 | INFO     | MODO: SYNC TRADES
2026-04-29 11:18:37 | INFO     | ============================================================

2026-04-29 11:18:37 | INFO     | 🔄 Sincronización completada. Trades cerrados registrados: 0
2026-04-29 11:18:37 | INFO     | ✅ MODO SYNC TRADES COMPLETADO

2026-04-29 11:19:37 | INFO     | ============================================================
2026-04-29 11:19:37 | INFO     | TRADING PIPELINE INICIADO
2026-04-29 11:19:37 | INFO     | ============================================================
2026-04-29 11:19:37 | INFO     | 📁 Directorios de trabajo configurados
2026-04-29 11:19:37 | INFO     | 🚀 Ejecutando modo: SYNC_TRADES
2026-04-29 11:19:37 | INFO     | 
============================================================
2026-04-29 11:19:37 | INFO     | MODO: SYNC TRADES
2026-04-29 11:19:37 | INFO     | ============================================================

2026-04-29 11:19:37 | INFO     | 🔄 Sincronización completada. Trades cerrados registrados: 0
2026-04-29 11:19:37 | INFO     | ✅ MODO SYNC TRADES COMPLETADO

2026-04-29 11:20:37 | INFO     | ============================================================
2026-04-29 11:20:37 | INFO     | TRADING PIPELINE INICIADO
2026-04-29 11:20:37 | INFO     | ============================================================
2026-04-29 11:20:37 | INFO     | 📁 Directorios de trabajo configurados
2026-04-29 11:20:37 | INFO     | 🚀 Ejecutando modo: SYNC_TRADES
2026-04-29 11:20:37 | INFO     | 
============================================================
2026-04-29 11:20:37 | INFO     | MODO: SYNC TRADES
2026-04-29 11:20:37 | INFO     | ============================================================

2026-04-29 11:20:37 | INFO     | 🔄 Sincronización completada. Trades cerrados registrados: 0
2026-04-29 11:20:37 | INFO     | ✅ MODO SYNC TRADES COMPLETADO

2026-04-29 11:21:37 | INFO     | ============================================================
2026-04-29 11:21:37 | INFO     | TRADING PIPELINE INICIADO
2026-04-29 11:21:37 | INFO     | ============================================================
2026-04-29 11:21:37 | INFO     | 📁 Directorios de trabajo configurados
2026-04-29 11:21:37 | INFO     | 🚀 Ejecutando modo: SYNC_TRADES
2026-04-29 11:21:37 | INFO     | 
============================================================
2026-04-29 11:21:37 | INFO     | MODO: SYNC TRADES
2026-04-29 11:21:37 | INFO     | ============================================================

2026-04-29 11:21:37 | INFO     | 🔄 Sincronización completada. Trades cerrados registrados: 0
2026-04-29 11:21:37 | INFO     | ✅ MODO SYNC TRADES COMPLETADO

2026-04-29 11:22:37 | INFO     | ============================================================
2026-04-29 11:22:37 | INFO     | TRADING PIPELINE INICIADO
2026-04-29 11:22:37 | INFO     | ============================================================
2026-04-29 11:22:37 | INFO     | 📁 Directorios de trabajo configurados
2026-04-29 11:22:37 | INFO     | 🚀 Ejecutando modo: SYNC_TRADES
2026-04-29 11:22:37 | INFO     | 
============================================================
2026-04-29 11:22:37 | INFO     | MODO: SYNC TRADES
2026-04-29 11:22:37 | INFO     | ============================================================

2026-04-29 11:22:37 | INFO     | 🔄 Sincronización completada. Trades cerrados registrados: 0
2026-04-29 11:22:37 | INFO     | ✅ MODO SYNC TRADES COMPLETADO

2026-04-29 11:23:07 | INFO     | ============================================================
2026-04-29 11:23:07 | INFO     | TRADING PIPELINE INICIADO
2026-04-29 11:23:07 | INFO     | ============================================================
2026-04-29 11:23:07 | INFO     | 📁 Directorios de trabajo configurados
2026-04-29 11:23:07 | INFO     | 🚀 Ejecutando modo: PRODUCTION
2026-04-29 11:23:07 | INFO     | 
============================================================
2026-04-29 11:23:07 | INFO     | MODO: PRODUCCIÓN
2026-04-29 11:23:07 | INFO     | ============================================================

2026-04-29 11:23:07 | INFO     | 📥 Cargando datos para producción...
2026-04-29 11:23:07 | INFO     | PASO 1: CARGANDO DATOS
2026-04-29 11:23:07 | INFO     | ------------------------------------------------------------
2026-04-29 11:23:07 | INFO     |   -> Símbolo 'EURUSD' cargado desde config/config.yaml
2026-04-29 11:23:07 | INFO     |   -> Timeframe 'M5' cargado desde config/config.yaml
2026-04-29 11:23:07 | INFO     | ✓ Datos cargados: 3000 filas, 6 columnas.
2026-04-29 11:23:07 | INFO     | PASO 2: LIMPIANDO DATOS
2026-04-29 11:23:07 | INFO     | ------------------------------------------------------------
2026-04-29 11:23:07 | INFO     | ✓ Datos limpios: 3000 filas restantes.
2026-04-29 11:23:07 | INFO     | PASO 3: GENERANDO FEATURES
2026-04-29 11:23:07 | INFO     | ------------------------------------------------------------
2026-04-29 11:23:07 | INFO     |   -> Retornos agregados para períodos: [1, 5, 10]
2026-04-29 11:23:07 | INFO     |   -> Indicadores técnicos agregados.
2026-04-29 11:23:07 | INFO     |   -> Lags agregados para la columna: 'Close'
2026-04-29 11:23:07 | INFO     |   -> Lags agregados para la columna: 'Volume'
2026-04-29 11:23:07 | INFO     |   -> Conteos de valores NaN generados por las features:
2026-04-29 11:23:07 | INFO     | ✓ Features generadas. Total columnas: 37.
2026-04-29 11:23:07 | INFO     | 🏆 Modelo campeón global según backtest: PROPHET
2026-04-29 11:23:07 | INFO     | 🎯 Producción configurada para operar únicamente con el modelo campeón.
2026-04-29 11:23:07 | INFO     | 📦 Release activa de producción: 20260429_063853 (activada 2026-04-29T06:41:48)
2026-04-29 11:23:07 | INFO     | Presupuesto de riesgo: total=159.57 | abierto=159.47 | restante=0.10 | por_trade=53.19
2026-04-29 11:23:07 | INFO     | 🔎 Generando señales de producción para TODOS los modelos habilitados...

2026-04-29 11:23:07 | INFO     | ➡ Procesando modelo: PROPHET | params={'changepoint_prior_scale': 0.01, 'daily_seasonality': False, 'seasonality_mode': 'additive', 'seasonality_prior_scale': 1.0, 'use_lagged_regressors': True, 'weekly_seasonality': True, 'yearly_seasonality': False}
2026-04-29 11:23:07 | INFO     |   💾 Intentando cargar el modelo desde: C:\Users\USER\Documentos\Maestria\Mark-III\outputs\models\releases\20260429_063853\prophet_best.pkl
2026-04-29 11:23:07 | INFO     | [PROPHET] Cargando artefacto desde: C:\Users\USER\Documentos\Maestria\Mark-III\outputs\models\releases\20260429_063853\prophet_best.pkl
2026-04-29 11:23:07 | INFO     | [PROPHET] Tipo de artefacto: <class 'dict'>
2026-04-29 11:23:07 | INFO     | [PROPHET] Claves del artefacto: ['model_class', 'params', 'model', 'target_name', 'feature_names']
2026-04-29 11:23:07 | INFO     | [PROPHET] Modelo cargado desde: C:\Users\USER\Documentos\Maestria\Mark-III\outputs\models\releases\20260429_063853\prophet_best.pkl
2026-04-29 11:23:07 | INFO     | [PROPHET] Regresores restaurados: ['Open', 'High', 'Low', 'Close', 'TickVolume', 'Volume', 'Return_1', 'LogReturn_1', 'Return_5', 'ReturnFwd_5', 'LogReturn_5', 'Return_10', 'ReturnFwd_10', 'LogReturn_10', 'SMA_20', 'SMA_50', 'EMA_12', 'EMA_26', 'RSI_14', 'MACD', 'MACD_Signal', 'MACD_Hist', 'BB_Upper', 'BB_Lower', 'BB_Width', 'ATR_14', 'Close_lag1', 'Close_lag2', 'Close_lag3', 'Close_lag5', 'Close_lag10', 'Volume_lag1', 'Volume_lag2', 'Volume_lag3', 'Volume_lag5', 'Volume_lag10']
2026-04-29 11:23:07 | INFO     | [PROPHET] Predicción (yhat) para 2026-04-29 19:15:00: 0.000170
2026-04-29 11:23:07 | INFO     |   📈 Modelo PROPHET -> retorno=0.000170, pips=1.98, signal=HOLD, confidence=0.620, entry_plan=nan, SL_plan=nan, TP_plan=nan, entry_live=nan, SL_live=nan, TP_live=nan, lots=0.00, balance=5318.9, risk=0.00, open_risk=159.47, remaining_budget=0.10
2026-04-29 11:23:07 | INFO     | 
💾 Señales de producción guardadas en: outputs\production\production_signals.csv
2026-04-29 11:23:07 | INFO     | ✅ MODO PRODUCCIÓN COMPLETADO

2026-04-29 11:23:37 | INFO     | ============================================================
2026-04-29 11:23:37 | INFO     | TRADING PIPELINE INICIADO
2026-04-29 11:23:37 | INFO     | ============================================================
2026-04-29 11:23:37 | INFO     | 📁 Directorios de trabajo configurados
2026-04-29 11:23:37 | INFO     | 🚀 Ejecutando modo: SYNC_TRADES
2026-04-29 11:23:37 | INFO     | 
============================================================
2026-04-29 11:23:37 | INFO     | MODO: SYNC TRADES
2026-04-29 11:23:37 | INFO     | ============================================================

2026-04-29 11:23:37 | INFO     | 🔄 Sincronización completada. Trades cerrados registrados: 0
2026-04-29 11:23:37 | INFO     | ✅ MODO SYNC TRADES COMPLETADO

2026-04-29 11:24:37 | INFO     | ============================================================
2026-04-29 11:24:37 | INFO     | TRADING PIPELINE INICIADO
2026-04-29 11:24:37 | INFO     | ============================================================
2026-04-29 11:24:37 | INFO     | 📁 Directorios de trabajo configurados
2026-04-29 11:24:37 | INFO     | 🚀 Ejecutando modo: SYNC_TRADES
2026-04-29 11:24:37 | INFO     | 
============================================================
2026-04-29 11:24:37 | INFO     | MODO: SYNC TRADES
2026-04-29 11:24:37 | INFO     | ============================================================

2026-04-29 11:24:37 | INFO     | 🔄 Sincronización completada. Trades cerrados registrados: 0
2026-04-29 11:24:37 | INFO     | ✅ MODO SYNC TRADES COMPLETADO

2026-04-29 11:25:37 | INFO     | ============================================================
2026-04-29 11:25:37 | INFO     | TRADING PIPELINE INICIADO
2026-04-29 11:25:37 | INFO     | ============================================================
2026-04-29 11:25:37 | INFO     | 📁 Directorios de trabajo configurados
2026-04-29 11:25:37 | INFO     | 🚀 Ejecutando modo: SYNC_TRADES
2026-04-29 11:25:37 | INFO     | 
============================================================
2026-04-29 11:25:37 | INFO     | MODO: SYNC TRADES
2026-04-29 11:25:37 | INFO     | ============================================================

2026-04-29 11:25:37 | INFO     | 🔄 Sincronización completada. Trades cerrados registrados: 0
2026-04-29 11:25:37 | INFO     | ✅ MODO SYNC TRADES COMPLETADO

2026-04-29 11:26:37 | INFO     | ============================================================
2026-04-29 11:26:37 | INFO     | TRADING PIPELINE INICIADO
2026-04-29 11:26:37 | INFO     | ============================================================
2026-04-29 11:26:37 | INFO     | 📁 Directorios de trabajo configurados
2026-04-29 11:26:37 | INFO     | 🚀 Ejecutando modo: SYNC_TRADES
2026-04-29 11:26:37 | INFO     | 
============================================================
2026-04-29 11:26:37 | INFO     | MODO: SYNC TRADES
2026-04-29 11:26:37 | INFO     | ============================================================

2026-04-29 11:26:37 | INFO     | 🔄 Sincronización completada. Trades cerrados registrados: 0
2026-04-29 11:26:37 | INFO     | ✅ MODO SYNC TRADES COMPLETADO

2026-04-29 11:27:37 | INFO     | ============================================================
2026-04-29 11:27:37 | INFO     | TRADING PIPELINE INICIADO
2026-04-29 11:27:37 | INFO     | ============================================================
2026-04-29 11:27:37 | INFO     | 📁 Directorios de trabajo configurados
2026-04-29 11:27:37 | INFO     | 🚀 Ejecutando modo: SYNC_TRADES
2026-04-29 11:27:37 | INFO     | 
============================================================
2026-04-29 11:27:37 | INFO     | MODO: SYNC TRADES
2026-04-29 11:27:37 | INFO     | ============================================================

2026-04-29 11:27:37 | INFO     | 🔄 Sincronización completada. Trades cerrados registrados: 0
2026-04-29 11:27:37 | INFO     | ✅ MODO SYNC TRADES COMPLETADO

2026-04-29 11:28:07 | INFO     | ============================================================
2026-04-29 11:28:07 | INFO     | TRADING PIPELINE INICIADO
2026-04-29 11:28:07 | INFO     | ============================================================
2026-04-29 11:28:07 | INFO     | 📁 Directorios de trabajo configurados
2026-04-29 11:28:07 | INFO     | 🚀 Ejecutando modo: PRODUCTION
2026-04-29 11:28:07 | INFO     | 
============================================================
2026-04-29 11:28:07 | INFO     | MODO: PRODUCCIÓN
2026-04-29 11:28:07 | INFO     | ============================================================

2026-04-29 11:28:07 | INFO     | 📥 Cargando datos para producción...
2026-04-29 11:28:07 | INFO     | PASO 1: CARGANDO DATOS
2026-04-29 11:28:07 | INFO     | ------------------------------------------------------------
2026-04-29 11:28:07 | INFO     |   -> Símbolo 'EURUSD' cargado desde config/config.yaml
2026-04-29 11:28:07 | INFO     |   -> Timeframe 'M5' cargado desde config/config.yaml
2026-04-29 11:28:07 | INFO     | ✓ Datos cargados: 3000 filas, 6 columnas.
2026-04-29 11:28:07 | INFO     | PASO 2: LIMPIANDO DATOS
2026-04-29 11:28:07 | INFO     | ------------------------------------------------------------
2026-04-29 11:28:07 | INFO     | ✓ Datos limpios: 3000 filas restantes.
2026-04-29 11:28:07 | INFO     | PASO 3: GENERANDO FEATURES
2026-04-29 11:28:07 | INFO     | ------------------------------------------------------------
2026-04-29 11:28:07 | INFO     |   -> Retornos agregados para períodos: [1, 5, 10]
2026-04-29 11:28:07 | INFO     |   -> Indicadores técnicos agregados.
2026-04-29 11:28:07 | INFO     |   -> Lags agregados para la columna: 'Close'
2026-04-29 11:28:07 | INFO     |   -> Lags agregados para la columna: 'Volume'
2026-04-29 11:28:07 | INFO     |   -> Conteos de valores NaN generados por las features:
2026-04-29 11:28:07 | INFO     | ✓ Features generadas. Total columnas: 37.
2026-04-29 11:28:07 | INFO     | 🏆 Modelo campeón global según backtest: PROPHET
2026-04-29 11:28:07 | INFO     | 🎯 Producción configurada para operar únicamente con el modelo campeón.
2026-04-29 11:28:07 | INFO     | 📦 Release activa de producción: 20260429_063853 (activada 2026-04-29T06:41:48)
2026-04-29 11:28:07 | INFO     | Presupuesto de riesgo: total=159.57 | abierto=159.47 | restante=0.10 | por_trade=53.19
2026-04-29 11:28:07 | INFO     | 🔎 Generando señales de producción para TODOS los modelos habilitados...

2026-04-29 11:28:07 | INFO     | ➡ Procesando modelo: PROPHET | params={'changepoint_prior_scale': 0.01, 'daily_seasonality': False, 'seasonality_mode': 'additive', 'seasonality_prior_scale': 1.0, 'use_lagged_regressors': True, 'weekly_seasonality': True, 'yearly_seasonality': False}
2026-04-29 11:28:07 | INFO     |   💾 Intentando cargar el modelo desde: C:\Users\USER\Documentos\Maestria\Mark-III\outputs\models\releases\20260429_063853\prophet_best.pkl
2026-04-29 11:28:07 | INFO     | [PROPHET] Cargando artefacto desde: C:\Users\USER\Documentos\Maestria\Mark-III\outputs\models\releases\20260429_063853\prophet_best.pkl
2026-04-29 11:28:07 | INFO     | [PROPHET] Tipo de artefacto: <class 'dict'>
2026-04-29 11:28:07 | INFO     | [PROPHET] Claves del artefacto: ['model_class', 'params', 'model', 'target_name', 'feature_names']
2026-04-29 11:28:07 | INFO     | [PROPHET] Modelo cargado desde: C:\Users\USER\Documentos\Maestria\Mark-III\outputs\models\releases\20260429_063853\prophet_best.pkl
2026-04-29 11:28:07 | INFO     | [PROPHET] Regresores restaurados: ['Open', 'High', 'Low', 'Close', 'TickVolume', 'Volume', 'Return_1', 'LogReturn_1', 'Return_5', 'ReturnFwd_5', 'LogReturn_5', 'Return_10', 'ReturnFwd_10', 'LogReturn_10', 'SMA_20', 'SMA_50', 'EMA_12', 'EMA_26', 'RSI_14', 'MACD', 'MACD_Signal', 'MACD_Hist', 'BB_Upper', 'BB_Lower', 'BB_Width', 'ATR_14', 'Close_lag1', 'Close_lag2', 'Close_lag3', 'Close_lag5', 'Close_lag10', 'Volume_lag1', 'Volume_lag2', 'Volume_lag3', 'Volume_lag5', 'Volume_lag10']
2026-04-29 11:28:07 | INFO     | [PROPHET] Predicción (yhat) para 2026-04-29 19:20:00: 0.000235
2026-04-29 11:28:07 | INFO     |   📈 Modelo PROPHET -> retorno=0.000235, pips=2.75, signal=BUY, confidence=0.710, entry_plan=1.16881, SL_plan=1.16781, TP_plan=1.17081, entry_live=1.16948, SL_live=1.16848, TP_live=1.17148, lots=0.00, balance=5318.9, risk=0.00, open_risk=159.47, remaining_budget=0.10
2026-04-29 11:28:07 | INFO     | 
💾 Señales de producción guardadas en: outputs\production\production_signals.csv
2026-04-29 11:28:07 | INFO     | ✅ MODO PRODUCCIÓN COMPLETADO

2026-04-29 11:28:37 | INFO     | ============================================================
2026-04-29 11:28:37 | INFO     | TRADING PIPELINE INICIADO
2026-04-29 11:28:37 | INFO     | ============================================================
2026-04-29 11:28:37 | INFO     | 📁 Directorios de trabajo configurados
2026-04-29 11:28:37 | INFO     | 🚀 Ejecutando modo: SYNC_TRADES
2026-04-29 11:28:37 | INFO     | 
============================================================
2026-04-29 11:28:37 | INFO     | MODO: SYNC TRADES
2026-04-29 11:28:37 | INFO     | ============================================================

2026-04-29 11:28:37 | INFO     | 🔄 Sincronización completada. Trades cerrados registrados: 0
2026-04-29 11:28:37 | INFO     | ✅ MODO SYNC TRADES COMPLETADO

2026-04-29 11:29:37 | INFO     | ============================================================
2026-04-29 11:29:37 | INFO     | TRADING PIPELINE INICIADO
2026-04-29 11:29:37 | INFO     | ============================================================
2026-04-29 11:29:37 | INFO     | 📁 Directorios de trabajo configurados
2026-04-29 11:29:37 | INFO     | 🚀 Ejecutando modo: SYNC_TRADES
2026-04-29 11:29:37 | INFO     | 
============================================================
2026-04-29 11:29:37 | INFO     | MODO: SYNC TRADES
2026-04-29 11:29:37 | INFO     | ============================================================

2026-04-29 11:29:37 | INFO     | 🔄 Sincronización completada. Trades cerrados registrados: 0
2026-04-29 11:29:37 | INFO     | ✅ MODO SYNC TRADES COMPLETADO

2026-04-29 11:30:37 | INFO     | ============================================================
2026-04-29 11:30:37 | INFO     | TRADING PIPELINE INICIADO
2026-04-29 11:30:37 | INFO     | ============================================================
2026-04-29 11:30:37 | INFO     | 📁 Directorios de trabajo configurados
2026-04-29 11:30:37 | INFO     | 🚀 Ejecutando modo: SYNC_TRADES
2026-04-29 11:30:37 | INFO     | 
============================================================
2026-04-29 11:30:37 | INFO     | MODO: SYNC TRADES
2026-04-29 11:30:37 | INFO     | ============================================================

2026-04-29 11:30:37 | INFO     | 🔄 Sincronización completada. Trades cerrados registrados: 0
2026-04-29 11:30:37 | INFO     | ✅ MODO SYNC TRADES COMPLETADO

2026-04-29 11:31:37 | INFO     | ============================================================
2026-04-29 11:31:37 | INFO     | TRADING PIPELINE INICIADO
2026-04-29 11:31:37 | INFO     | ============================================================
2026-04-29 11:31:37 | INFO     | 📁 Directorios de trabajo configurados
2026-04-29 11:31:37 | INFO     | 🚀 Ejecutando modo: SYNC_TRADES
2026-04-29 11:31:37 | INFO     | 
============================================================
2026-04-29 11:31:37 | INFO     | MODO: SYNC TRADES
2026-04-29 11:31:37 | INFO     | ============================================================

2026-04-29 11:31:37 | INFO     | 🔄 Sincronización completada. Trades cerrados registrados: 0
2026-04-29 11:31:37 | INFO     | ✅ MODO SYNC TRADES COMPLETADO

2026-04-29 11:32:37 | INFO     | ============================================================
2026-04-29 11:32:37 | INFO     | TRADING PIPELINE INICIADO
2026-04-29 11:32:37 | INFO     | ============================================================
2026-04-29 11:32:37 | INFO     | 📁 Directorios de trabajo configurados
2026-04-29 11:32:37 | INFO     | 🚀 Ejecutando modo: SYNC_TRADES
2026-04-29 11:32:37 | INFO     | 
============================================================
2026-04-29 11:32:37 | INFO     | MODO: SYNC TRADES
2026-04-29 11:32:37 | INFO     | ============================================================

2026-04-29 11:32:37 | INFO     | 🔄 Sincronización completada. Trades cerrados registrados: 0
2026-04-29 11:32:37 | INFO     | ✅ MODO SYNC TRADES COMPLETADO

2026-04-29 11:33:07 | INFO     | ============================================================
2026-04-29 11:33:07 | INFO     | TRADING PIPELINE INICIADO
2026-04-29 11:33:07 | INFO     | ============================================================
2026-04-29 11:33:07 | INFO     | 📁 Directorios de trabajo configurados
2026-04-29 11:33:07 | INFO     | 🚀 Ejecutando modo: PRODUCTION
2026-04-29 11:33:07 | INFO     | 
============================================================
2026-04-29 11:33:07 | INFO     | MODO: PRODUCCIÓN
2026-04-29 11:33:07 | INFO     | ============================================================

2026-04-29 11:33:07 | INFO     | 📥 Cargando datos para producción...
2026-04-29 11:33:07 | INFO     | PASO 1: CARGANDO DATOS
2026-04-29 11:33:07 | INFO     | ------------------------------------------------------------
2026-04-29 11:33:07 | INFO     |   -> Símbolo 'EURUSD' cargado desde config/config.yaml
2026-04-29 11:33:07 | INFO     |   -> Timeframe 'M5' cargado desde config/config.yaml
2026-04-29 11:33:07 | INFO     | ✓ Datos cargados: 3000 filas, 6 columnas.
2026-04-29 11:33:07 | INFO     | PASO 2: LIMPIANDO DATOS
2026-04-29 11:33:07 | INFO     | ------------------------------------------------------------
2026-04-29 11:33:07 | INFO     | ✓ Datos limpios: 3000 filas restantes.
2026-04-29 11:33:07 | INFO     | PASO 3: GENERANDO FEATURES
2026-04-29 11:33:07 | INFO     | ------------------------------------------------------------
2026-04-29 11:33:07 | INFO     |   -> Retornos agregados para períodos: [1, 5, 10]
2026-04-29 11:33:07 | INFO     |   -> Indicadores técnicos agregados.
2026-04-29 11:33:07 | INFO     |   -> Lags agregados para la columna: 'Close'
2026-04-29 11:33:07 | INFO     |   -> Lags agregados para la columna: 'Volume'
2026-04-29 11:33:07 | INFO     |   -> Conteos de valores NaN generados por las features:
2026-04-29 11:33:07 | INFO     | ✓ Features generadas. Total columnas: 37.
2026-04-29 11:33:07 | INFO     | 🏆 Modelo campeón global según backtest: PROPHET
2026-04-29 11:33:07 | INFO     | 🎯 Producción configurada para operar únicamente con el modelo campeón.
2026-04-29 11:33:07 | INFO     | 📦 Release activa de producción: 20260429_063853 (activada 2026-04-29T06:41:48)
2026-04-29 11:33:07 | INFO     | Presupuesto de riesgo: total=159.57 | abierto=159.47 | restante=0.10 | por_trade=53.19
2026-04-29 11:33:07 | INFO     | 🔎 Generando señales de producción para TODOS los modelos habilitados...

2026-04-29 11:33:07 | INFO     | ➡ Procesando modelo: PROPHET | params={'changepoint_prior_scale': 0.01, 'daily_seasonality': False, 'seasonality_mode': 'additive', 'seasonality_prior_scale': 1.0, 'use_lagged_regressors': True, 'weekly_seasonality': True, 'yearly_seasonality': False}
2026-04-29 11:33:07 | INFO     |   💾 Intentando cargar el modelo desde: C:\Users\USER\Documentos\Maestria\Mark-III\outputs\models\releases\20260429_063853\prophet_best.pkl
2026-04-29 11:33:07 | INFO     | [PROPHET] Cargando artefacto desde: C:\Users\USER\Documentos\Maestria\Mark-III\outputs\models\releases\20260429_063853\prophet_best.pkl
2026-04-29 11:33:07 | INFO     | [PROPHET] Tipo de artefacto: <class 'dict'>
2026-04-29 11:33:07 | INFO     | [PROPHET] Claves del artefacto: ['model_class', 'params', 'model', 'target_name', 'feature_names']
2026-04-29 11:33:07 | INFO     | [PROPHET] Modelo cargado desde: C:\Users\USER\Documentos\Maestria\Mark-III\outputs\models\releases\20260429_063853\prophet_best.pkl
2026-04-29 11:33:07 | INFO     | [PROPHET] Regresores restaurados: ['Open', 'High', 'Low', 'Close', 'TickVolume', 'Volume', 'Return_1', 'LogReturn_1', 'Return_5', 'ReturnFwd_5', 'LogReturn_5', 'Return_10', 'ReturnFwd_10', 'LogReturn_10', 'SMA_20', 'SMA_50', 'EMA_12', 'EMA_26', 'RSI_14', 'MACD', 'MACD_Signal', 'MACD_Hist', 'BB_Upper', 'BB_Lower', 'BB_Width', 'ATR_14', 'Close_lag1', 'Close_lag2', 'Close_lag3', 'Close_lag5', 'Close_lag10', 'Volume_lag1', 'Volume_lag2', 'Volume_lag3', 'Volume_lag5', 'Volume_lag10']
2026-04-29 11:33:07 | INFO     | [PROPHET] Predicción (yhat) para 2026-04-29 19:25:00: -0.000197
2026-04-29 11:33:07 | INFO     |   📈 Modelo PROPHET -> retorno=-0.000197, pips=-2.30, signal=HOLD, confidence=0.657, entry_plan=nan, SL_plan=nan, TP_plan=nan, entry_live=nan, SL_live=nan, TP_live=nan, lots=0.00, balance=5318.9, risk=0.00, open_risk=159.47, remaining_budget=0.10
2026-04-29 11:33:07 | INFO     | 
💾 Señales de producción guardadas en: outputs\production\production_signals.csv
2026-04-29 11:33:07 | INFO     | ✅ MODO PRODUCCIÓN COMPLETADO

2026-04-29 11:33:37 | INFO     | ============================================================
2026-04-29 11:33:37 | INFO     | TRADING PIPELINE INICIADO
2026-04-29 11:33:37 | INFO     | ============================================================
2026-04-29 11:33:37 | INFO     | 📁 Directorios de trabajo configurados
2026-04-29 11:33:37 | INFO     | 🚀 Ejecutando modo: SYNC_TRADES
2026-04-29 11:33:37 | INFO     | 
============================================================
2026-04-29 11:33:37 | INFO     | MODO: SYNC TRADES
2026-04-29 11:33:37 | INFO     | ============================================================

2026-04-29 11:33:37 | INFO     | 🔄 Sincronización completada. Trades cerrados registrados: 0
2026-04-29 11:33:37 | INFO     | ✅ MODO SYNC TRADES COMPLETADO

2026-04-29 11:34:37 | INFO     | ============================================================
2026-04-29 11:34:37 | INFO     | TRADING PIPELINE INICIADO
2026-04-29 11:34:37 | INFO     | ============================================================
2026-04-29 11:34:37 | INFO     | 📁 Directorios de trabajo configurados
2026-04-29 11:34:37 | INFO     | 🚀 Ejecutando modo: SYNC_TRADES
2026-04-29 11:34:37 | INFO     | 
============================================================
2026-04-29 11:34:37 | INFO     | MODO: SYNC TRADES
2026-04-29 11:34:37 | INFO     | ============================================================

2026-04-29 11:34:37 | INFO     | 🔄 Sincronización completada. Trades cerrados registrados: 0
2026-04-29 11:34:37 | INFO     | ✅ MODO SYNC TRADES COMPLETADO

2026-04-29 11:35:37 | INFO     | ============================================================
2026-04-29 11:35:37 | INFO     | TRADING PIPELINE INICIADO
2026-04-29 11:35:37 | INFO     | ============================================================
2026-04-29 11:35:37 | INFO     | 📁 Directorios de trabajo configurados
2026-04-29 11:35:37 | INFO     | 🚀 Ejecutando modo: SYNC_TRADES
2026-04-29 11:35:37 | INFO     | 
============================================================
2026-04-29 11:35:37 | INFO     | MODO: SYNC TRADES
2026-04-29 11:35:37 | INFO     | ============================================================

2026-04-29 11:35:37 | INFO     | 🔄 Sincronización completada. Trades cerrados registrados: 0
2026-04-29 11:35:37 | INFO     | ✅ MODO SYNC TRADES COMPLETADO

2026-04-29 11:36:37 | INFO     | ============================================================
2026-04-29 11:36:37 | INFO     | TRADING PIPELINE INICIADO
2026-04-29 11:36:37 | INFO     | ============================================================
2026-04-29 11:36:37 | INFO     | 📁 Directorios de trabajo configurados
2026-04-29 11:36:37 | INFO     | 🚀 Ejecutando modo: SYNC_TRADES
2026-04-29 11:36:37 | INFO     | 
============================================================
2026-04-29 11:36:37 | INFO     | MODO: SYNC TRADES
2026-04-29 11:36:37 | INFO     | ============================================================

2026-04-29 11:36:37 | INFO     | 🔄 Sincronización completada. Trades cerrados registrados: 0
2026-04-29 11:36:37 | INFO     | ✅ MODO SYNC TRADES COMPLETADO

2026-04-29 11:37:37 | INFO     | ============================================================
2026-04-29 11:37:37 | INFO     | TRADING PIPELINE INICIADO
2026-04-29 11:37:37 | INFO     | ============================================================
2026-04-29 11:37:37 | INFO     | 📁 Directorios de trabajo configurados
2026-04-29 11:37:37 | INFO     | 🚀 Ejecutando modo: SYNC_TRADES
2026-04-29 11:37:37 | INFO     | 
============================================================
2026-04-29 11:37:37 | INFO     | MODO: SYNC TRADES
2026-04-29 11:37:37 | INFO     | ============================================================

2026-04-29 11:37:37 | INFO     | 🔄 Sincronización completada. Trades cerrados registrados: 0
2026-04-29 11:37:37 | INFO     | ✅ MODO SYNC TRADES COMPLETADO

2026-04-29 11:38:07 | INFO     | ============================================================
2026-04-29 11:38:07 | INFO     | TRADING PIPELINE INICIADO
2026-04-29 11:38:07 | INFO     | ============================================================
2026-04-29 11:38:07 | INFO     | 📁 Directorios de trabajo configurados
2026-04-29 11:38:07 | INFO     | 🚀 Ejecutando modo: PRODUCTION
2026-04-29 11:38:07 | INFO     | 
============================================================
2026-04-29 11:38:07 | INFO     | MODO: PRODUCCIÓN
2026-04-29 11:38:07 | INFO     | ============================================================

2026-04-29 11:38:07 | INFO     | 📥 Cargando datos para producción...
2026-04-29 11:38:07 | INFO     | PASO 1: CARGANDO DATOS
2026-04-29 11:38:07 | INFO     | ------------------------------------------------------------
2026-04-29 11:38:07 | INFO     |   -> Símbolo 'EURUSD' cargado desde config/config.yaml
2026-04-29 11:38:07 | INFO     |   -> Timeframe 'M5' cargado desde config/config.yaml
2026-04-29 11:38:07 | INFO     | ✓ Datos cargados: 3000 filas, 6 columnas.
2026-04-29 11:38:07 | INFO     | PASO 2: LIMPIANDO DATOS
2026-04-29 11:38:07 | INFO     | ------------------------------------------------------------
2026-04-29 11:38:07 | INFO     | ✓ Datos limpios: 3000 filas restantes.
2026-04-29 11:38:07 | INFO     | PASO 3: GENERANDO FEATURES
2026-04-29 11:38:07 | INFO     | ------------------------------------------------------------
2026-04-29 11:38:07 | INFO     |   -> Retornos agregados para períodos: [1, 5, 10]
2026-04-29 11:38:07 | INFO     |   -> Indicadores técnicos agregados.
2026-04-29 11:38:07 | INFO     |   -> Lags agregados para la columna: 'Close'
2026-04-29 11:38:07 | INFO     |   -> Lags agregados para la columna: 'Volume'
2026-04-29 11:38:07 | INFO     |   -> Conteos de valores NaN generados por las features:
2026-04-29 11:38:07 | INFO     | ✓ Features generadas. Total columnas: 37.
2026-04-29 11:38:07 | INFO     | 🏆 Modelo campeón global según backtest: PROPHET
2026-04-29 11:38:07 | INFO     | 🎯 Producción configurada para operar únicamente con el modelo campeón.
2026-04-29 11:38:07 | INFO     | 📦 Release activa de producción: 20260429_063853 (activada 2026-04-29T06:41:48)
2026-04-29 11:38:07 | INFO     | Presupuesto de riesgo: total=159.54 | abierto=158.47 | restante=1.07 | por_trade=53.18
2026-04-29 11:38:07 | INFO     | 🔎 Generando señales de producción para TODOS los modelos habilitados...

2026-04-29 11:38:07 | INFO     | ➡ Procesando modelo: PROPHET | params={'changepoint_prior_scale': 0.01, 'daily_seasonality': False, 'seasonality_mode': 'additive', 'seasonality_prior_scale': 1.0, 'use_lagged_regressors': True, 'weekly_seasonality': True, 'yearly_seasonality': False}
2026-04-29 11:38:07 | INFO     |   💾 Intentando cargar el modelo desde: C:\Users\USER\Documentos\Maestria\Mark-III\outputs\models\releases\20260429_063853\prophet_best.pkl
2026-04-29 11:38:07 | INFO     | [PROPHET] Cargando artefacto desde: C:\Users\USER\Documentos\Maestria\Mark-III\outputs\models\releases\20260429_063853\prophet_best.pkl
2026-04-29 11:38:07 | INFO     | [PROPHET] Tipo de artefacto: <class 'dict'>
2026-04-29 11:38:07 | INFO     | [PROPHET] Claves del artefacto: ['model_class', 'params', 'model', 'target_name', 'feature_names']
2026-04-29 11:38:07 | INFO     | [PROPHET] Modelo cargado desde: C:\Users\USER\Documentos\Maestria\Mark-III\outputs\models\releases\20260429_063853\prophet_best.pkl
2026-04-29 11:38:07 | INFO     | [PROPHET] Regresores restaurados: ['Open', 'High', 'Low', 'Close', 'TickVolume', 'Volume', 'Return_1', 'LogReturn_1', 'Return_5', 'ReturnFwd_5', 'LogReturn_5', 'Return_10', 'ReturnFwd_10', 'LogReturn_10', 'SMA_20', 'SMA_50', 'EMA_12', 'EMA_26', 'RSI_14', 'MACD', 'MACD_Signal', 'MACD_Hist', 'BB_Upper', 'BB_Lower', 'BB_Width', 'ATR_14', 'Close_lag1', 'Close_lag2', 'Close_lag3', 'Close_lag5', 'Close_lag10', 'Volume_lag1', 'Volume_lag2', 'Volume_lag3', 'Volume_lag5', 'Volume_lag10']
2026-04-29 11:38:07 | INFO     | [PROPHET] Predicción (yhat) para 2026-04-29 19:30:00: -0.000145
2026-04-29 11:38:07 | INFO     |   📈 Modelo PROPHET -> retorno=-0.000145, pips=-1.69, signal=HOLD, confidence=0.586, entry_plan=nan, SL_plan=nan, TP_plan=nan, entry_live=nan, SL_live=nan, TP_live=nan, lots=0.00, balance=5317.89, risk=0.00, open_risk=158.47, remaining_budget=1.07
2026-04-29 11:38:07 | INFO     | 
💾 Señales de producción guardadas en: outputs\production\production_signals.csv
2026-04-29 11:38:07 | INFO     | ✅ MODO PRODUCCIÓN COMPLETADO

2026-04-29 11:38:37 | INFO     | ============================================================
2026-04-29 11:38:37 | INFO     | TRADING PIPELINE INICIADO
2026-04-29 11:38:37 | INFO     | ============================================================
2026-04-29 11:38:37 | INFO     | 📁 Directorios de trabajo configurados
2026-04-29 11:38:37 | INFO     | 🚀 Ejecutando modo: SYNC_TRADES
2026-04-29 11:38:37 | INFO     | 
============================================================
2026-04-29 11:38:37 | INFO     | MODO: SYNC TRADES
2026-04-29 11:38:37 | INFO     | ============================================================

2026-04-29 11:38:37 | INFO     | 🔄 Sincronización completada. Trades cerrados registrados: 0
2026-04-29 11:38:37 | INFO     | ✅ MODO SYNC TRADES COMPLETADO

2026-04-29 11:39:37 | INFO     | ============================================================
2026-04-29 11:39:37 | INFO     | TRADING PIPELINE INICIADO
2026-04-29 11:39:37 | INFO     | ============================================================
2026-04-29 11:39:37 | INFO     | 📁 Directorios de trabajo configurados
2026-04-29 11:39:37 | INFO     | 🚀 Ejecutando modo: SYNC_TRADES
2026-04-29 11:39:37 | INFO     | 
============================================================
2026-04-29 11:39:37 | INFO     | MODO: SYNC TRADES
2026-04-29 11:39:37 | INFO     | ============================================================

2026-04-29 11:39:37 | INFO     | 🔄 Sincronización completada. Trades cerrados registrados: 0
2026-04-29 11:39:37 | INFO     | ✅ MODO SYNC TRADES COMPLETADO

2026-04-29 11:40:37 | INFO     | ============================================================
2026-04-29 11:40:37 | INFO     | TRADING PIPELINE INICIADO
2026-04-29 11:40:37 | INFO     | ============================================================
2026-04-29 11:40:37 | INFO     | 📁 Directorios de trabajo configurados
2026-04-29 11:40:37 | INFO     | 🚀 Ejecutando modo: SYNC_TRADES
2026-04-29 11:40:37 | INFO     | 
============================================================
2026-04-29 11:40:37 | INFO     | MODO: SYNC TRADES
2026-04-29 11:40:37 | INFO     | ============================================================

2026-04-29 11:40:37 | INFO     | 🔄 Sincronización completada. Trades cerrados registrados: 0
2026-04-29 11:40:37 | INFO     | ✅ MODO SYNC TRADES COMPLETADO

2026-04-29 11:41:37 | INFO     | ============================================================
2026-04-29 11:41:37 | INFO     | TRADING PIPELINE INICIADO
2026-04-29 11:41:37 | INFO     | ============================================================
2026-04-29 11:41:37 | INFO     | 📁 Directorios de trabajo configurados
2026-04-29 11:41:37 | INFO     | 🚀 Ejecutando modo: SYNC_TRADES
2026-04-29 11:41:37 | INFO     | 
============================================================
2026-04-29 11:41:37 | INFO     | MODO: SYNC TRADES
2026-04-29 11:41:37 | INFO     | ============================================================

2026-04-29 11:41:37 | INFO     | 🔄 Sincronización completada. Trades cerrados registrados: 0
2026-04-29 11:41:37 | INFO     | ✅ MODO SYNC TRADES COMPLETADO

2026-04-29 11:42:37 | INFO     | ============================================================
2026-04-29 11:42:37 | INFO     | TRADING PIPELINE INICIADO
2026-04-29 11:42:37 | INFO     | ============================================================
2026-04-29 11:42:37 | INFO     | 📁 Directorios de trabajo configurados
2026-04-29 11:42:37 | INFO     | 🚀 Ejecutando modo: SYNC_TRADES
2026-04-29 11:42:37 | INFO     | 
============================================================
2026-04-29 11:42:37 | INFO     | MODO: SYNC TRADES
2026-04-29 11:42:37 | INFO     | ============================================================

2026-04-29 11:42:37 | INFO     | 🔄 Sincronización completada. Trades cerrados registrados: 0
2026-04-29 11:42:37 | INFO     | ✅ MODO SYNC TRADES COMPLETADO

2026-04-29 11:43:07 | INFO     | ============================================================
2026-04-29 11:43:07 | INFO     | TRADING PIPELINE INICIADO
2026-04-29 11:43:07 | INFO     | ============================================================
2026-04-29 11:43:07 | INFO     | 📁 Directorios de trabajo configurados
2026-04-29 11:43:07 | INFO     | 🚀 Ejecutando modo: PRODUCTION
2026-04-29 11:43:07 | INFO     | 
============================================================
2026-04-29 11:43:07 | INFO     | MODO: PRODUCCIÓN
2026-04-29 11:43:07 | INFO     | ============================================================

2026-04-29 11:43:07 | INFO     | 📥 Cargando datos para producción...
2026-04-29 11:43:07 | INFO     | PASO 1: CARGANDO DATOS
2026-04-29 11:43:07 | INFO     | ------------------------------------------------------------
2026-04-29 11:43:07 | INFO     |   -> Símbolo 'EURUSD' cargado desde config/config.yaml
2026-04-29 11:43:07 | INFO     |   -> Timeframe 'M5' cargado desde config/config.yaml
2026-04-29 11:43:07 | INFO     | ✓ Datos cargados: 3000 filas, 6 columnas.
2026-04-29 11:43:07 | INFO     | PASO 2: LIMPIANDO DATOS
2026-04-29 11:43:07 | INFO     | ------------------------------------------------------------
2026-04-29 11:43:07 | INFO     | ✓ Datos limpios: 3000 filas restantes.
2026-04-29 11:43:07 | INFO     | PASO 3: GENERANDO FEATURES
2026-04-29 11:43:07 | INFO     | ------------------------------------------------------------
2026-04-29 11:43:07 | INFO     |   -> Retornos agregados para períodos: [1, 5, 10]
2026-04-29 11:43:07 | INFO     |   -> Indicadores técnicos agregados.
2026-04-29 11:43:07 | INFO     |   -> Lags agregados para la columna: 'Close'
2026-04-29 11:43:07 | INFO     |   -> Lags agregados para la columna: 'Volume'
2026-04-29 11:43:07 | INFO     |   -> Conteos de valores NaN generados por las features:
2026-04-29 11:43:07 | INFO     | ✓ Features generadas. Total columnas: 37.
2026-04-29 11:43:07 | INFO     | 🏆 Modelo campeón global según backtest: PROPHET
2026-04-29 11:43:07 | INFO     | 🎯 Producción configurada para operar únicamente con el modelo campeón.
2026-04-29 11:43:07 | INFO     | 📦 Release activa de producción: 20260429_063853 (activada 2026-04-29T06:41:48)
2026-04-29 11:43:07 | INFO     | Presupuesto de riesgo: total=159.54 | abierto=158.47 | restante=1.07 | por_trade=53.18
2026-04-29 11:43:07 | INFO     | 🔎 Generando señales de producción para TODOS los modelos habilitados...

2026-04-29 11:43:07 | INFO     | ➡ Procesando modelo: PROPHET | params={'changepoint_prior_scale': 0.01, 'daily_seasonality': False, 'seasonality_mode': 'additive', 'seasonality_prior_scale': 1.0, 'use_lagged_regressors': True, 'weekly_seasonality': True, 'yearly_seasonality': False}
2026-04-29 11:43:07 | INFO     |   💾 Intentando cargar el modelo desde: C:\Users\USER\Documentos\Maestria\Mark-III\outputs\models\releases\20260429_063853\prophet_best.pkl
2026-04-29 11:43:07 | INFO     | [PROPHET] Cargando artefacto desde: C:\Users\USER\Documentos\Maestria\Mark-III\outputs\models\releases\20260429_063853\prophet_best.pkl
2026-04-29 11:43:07 | INFO     | [PROPHET] Tipo de artefacto: <class 'dict'>
2026-04-29 11:43:07 | INFO     | [PROPHET] Claves del artefacto: ['model_class', 'params', 'model', 'target_name', 'feature_names']
2026-04-29 11:43:07 | INFO     | [PROPHET] Modelo cargado desde: C:\Users\USER\Documentos\Maestria\Mark-III\outputs\models\releases\20260429_063853\prophet_best.pkl
2026-04-29 11:43:07 | INFO     | [PROPHET] Regresores restaurados: ['Open', 'High', 'Low', 'Close', 'TickVolume', 'Volume', 'Return_1', 'LogReturn_1', 'Return_5', 'ReturnFwd_5', 'LogReturn_5', 'Return_10', 'ReturnFwd_10', 'LogReturn_10', 'SMA_20', 'SMA_50', 'EMA_12', 'EMA_26', 'RSI_14', 'MACD', 'MACD_Signal', 'MACD_Hist', 'BB_Upper', 'BB_Lower', 'BB_Width', 'ATR_14', 'Close_lag1', 'Close_lag2', 'Close_lag3', 'Close_lag5', 'Close_lag10', 'Volume_lag1', 'Volume_lag2', 'Volume_lag3', 'Volume_lag5', 'Volume_lag10']
2026-04-29 11:43:07 | INFO     | [PROPHET] Predicción (yhat) para 2026-04-29 19:35:00: 0.000221
2026-04-29 11:43:07 | INFO     |   📈 Modelo PROPHET -> retorno=0.000221, pips=2.58, signal=BUY, confidence=0.690, entry_plan=1.16865, SL_plan=1.16765, TP_plan=1.17065, entry_live=1.16888, SL_live=1.16788, TP_live=1.17088, lots=0.01, balance=5317.89, risk=1.00, open_risk=158.47, remaining_budget=1.07
2026-04-29 11:43:07 | INFO     | 
💾 Señales de producción guardadas en: outputs\production\production_signals.csv
2026-04-29 11:43:07 | INFO     | ✅ Orden enviada: model=PROPHET signal=BUY symbol=EURUSD lots=0.01 position_id=1845747457 SL=1.16788 TP=1.17088 protection=PROTECTED
2026-04-29 11:43:07 | INFO     | ✅ MODO PRODUCCIÓN COMPLETADO

2026-04-29 11:43:37 | INFO     | ============================================================
2026-04-29 11:43:37 | INFO     | TRADING PIPELINE INICIADO
2026-04-29 11:43:37 | INFO     | ============================================================
2026-04-29 11:43:37 | INFO     | 📁 Directorios de trabajo configurados
2026-04-29 11:43:37 | INFO     | 🚀 Ejecutando modo: SYNC_TRADES
2026-04-29 11:43:37 | INFO     | 
============================================================
2026-04-29 11:43:37 | INFO     | MODO: SYNC TRADES
2026-04-29 11:43:37 | INFO     | ============================================================

2026-04-29 11:43:37 | INFO     | 🔄 Sincronización completada. Trades cerrados registrados: 0
2026-04-29 11:43:37 | INFO     | ✅ MODO SYNC TRADES COMPLETADO

2026-04-29 11:44:37 | INFO     | ============================================================
2026-04-29 11:44:37 | INFO     | TRADING PIPELINE INICIADO
2026-04-29 11:44:37 | INFO     | ============================================================
2026-04-29 11:44:37 | INFO     | 📁 Directorios de trabajo configurados
2026-04-29 11:44:37 | INFO     | 🚀 Ejecutando modo: SYNC_TRADES
2026-04-29 11:44:37 | INFO     | 
============================================================
2026-04-29 11:44:37 | INFO     | MODO: SYNC TRADES
2026-04-29 11:44:37 | INFO     | ============================================================

2026-04-29 11:44:37 | INFO     | 🔄 Sincronización completada. Trades cerrados registrados: 0
2026-04-29 11:44:37 | INFO     | ✅ MODO SYNC TRADES COMPLETADO

2026-04-29 11:45:37 | INFO     | ============================================================
2026-04-29 11:45:37 | INFO     | TRADING PIPELINE INICIADO
2026-04-29 11:45:37 | INFO     | ============================================================
2026-04-29 11:45:37 | INFO     | 📁 Directorios de trabajo configurados
2026-04-29 11:45:37 | INFO     | 🚀 Ejecutando modo: SYNC_TRADES
2026-04-29 11:45:37 | INFO     | 
============================================================
2026-04-29 11:45:37 | INFO     | MODO: SYNC TRADES
2026-04-29 11:45:37 | INFO     | ============================================================

2026-04-29 11:45:37 | INFO     | 🔄 Sincronización completada. Trades cerrados registrados: 0
2026-04-29 11:45:37 | INFO     | ✅ MODO SYNC TRADES COMPLETADO

2026-04-29 11:46:37 | INFO     | ============================================================
2026-04-29 11:46:37 | INFO     | TRADING PIPELINE INICIADO
2026-04-29 11:46:37 | INFO     | ============================================================
2026-04-29 11:46:37 | INFO     | 📁 Directorios de trabajo configurados
2026-04-29 11:46:37 | INFO     | 🚀 Ejecutando modo: SYNC_TRADES
2026-04-29 11:46:37 | INFO     | 
============================================================
2026-04-29 11:46:37 | INFO     | MODO: SYNC TRADES
2026-04-29 11:46:37 | INFO     | ============================================================

2026-04-29 11:46:37 | INFO     | 🔄 Sincronización completada. Trades cerrados registrados: 0
2026-04-29 11:46:37 | INFO     | ✅ MODO SYNC TRADES COMPLETADO

2026-04-29 11:47:37 | INFO     | ============================================================
2026-04-29 11:47:37 | INFO     | TRADING PIPELINE INICIADO
2026-04-29 11:47:37 | INFO     | ============================================================
2026-04-29 11:47:37 | INFO     | 📁 Directorios de trabajo configurados
2026-04-29 11:47:37 | INFO     | 🚀 Ejecutando modo: SYNC_TRADES
2026-04-29 11:47:37 | INFO     | 
============================================================
2026-04-29 11:47:37 | INFO     | MODO: SYNC TRADES
2026-04-29 11:47:37 | INFO     | ============================================================

2026-04-29 11:47:37 | INFO     | 🔄 Sincronización completada. Trades cerrados registrados: 0
2026-04-29 11:47:37 | INFO     | ✅ MODO SYNC TRADES COMPLETADO

2026-04-29 11:48:07 | INFO     | ============================================================
2026-04-29 11:48:07 | INFO     | TRADING PIPELINE INICIADO
2026-04-29 11:48:07 | INFO     | ============================================================
2026-04-29 11:48:07 | INFO     | 📁 Directorios de trabajo configurados
2026-04-29 11:48:07 | INFO     | 🚀 Ejecutando modo: PRODUCTION
2026-04-29 11:48:07 | INFO     | 
============================================================
2026-04-29 11:48:07 | INFO     | MODO: PRODUCCIÓN
2026-04-29 11:48:07 | INFO     | ============================================================

2026-04-29 11:48:07 | INFO     | 📥 Cargando datos para producción...
2026-04-29 11:48:07 | INFO     | PASO 1: CARGANDO DATOS
2026-04-29 11:48:07 | INFO     | ------------------------------------------------------------
2026-04-29 11:48:07 | INFO     |   -> Símbolo 'EURUSD' cargado desde config/config.yaml
2026-04-29 11:48:07 | INFO     |   -> Timeframe 'M5' cargado desde config/config.yaml
2026-04-29 11:48:07 | INFO     | ✓ Datos cargados: 3000 filas, 6 columnas.
2026-04-29 11:48:07 | INFO     | PASO 2: LIMPIANDO DATOS
2026-04-29 11:48:07 | INFO     | ------------------------------------------------------------
2026-04-29 11:48:07 | INFO     | ✓ Datos limpios: 3000 filas restantes.
2026-04-29 11:48:07 | INFO     | PASO 3: GENERANDO FEATURES
2026-04-29 11:48:07 | INFO     | ------------------------------------------------------------
2026-04-29 11:48:07 | INFO     |   -> Retornos agregados para períodos: [1, 5, 10]
2026-04-29 11:48:07 | INFO     |   -> Indicadores técnicos agregados.
2026-04-29 11:48:07 | INFO     |   -> Lags agregados para la columna: 'Close'
2026-04-29 11:48:07 | INFO     |   -> Lags agregados para la columna: 'Volume'
2026-04-29 11:48:07 | INFO     |   -> Conteos de valores NaN generados por las features:
2026-04-29 11:48:07 | INFO     | ✓ Features generadas. Total columnas: 37.
2026-04-29 11:48:07 | INFO     | 🏆 Modelo campeón global según backtest: PROPHET
2026-04-29 11:48:07 | INFO     | 🎯 Producción configurada para operar únicamente con el modelo campeón.
2026-04-29 11:48:07 | INFO     | 📦 Release activa de producción: 20260429_063853 (activada 2026-04-29T06:41:48)
2026-04-29 11:48:07 | INFO     | Presupuesto de riesgo: total=156.36 | abierto=54.00 | restante=102.36 | por_trade=52.12
2026-04-29 11:48:07 | INFO     | 🔎 Generando señales de producción para TODOS los modelos habilitados...

2026-04-29 11:48:07 | INFO     | ➡ Procesando modelo: PROPHET | params={'changepoint_prior_scale': 0.01, 'daily_seasonality': False, 'seasonality_mode': 'additive', 'seasonality_prior_scale': 1.0, 'use_lagged_regressors': True, 'weekly_seasonality': True, 'yearly_seasonality': False}
2026-04-29 11:48:07 | INFO     |   💾 Intentando cargar el modelo desde: C:\Users\USER\Documentos\Maestria\Mark-III\outputs\models\releases\20260429_063853\prophet_best.pkl
2026-04-29 11:48:07 | INFO     | [PROPHET] Cargando artefacto desde: C:\Users\USER\Documentos\Maestria\Mark-III\outputs\models\releases\20260429_063853\prophet_best.pkl
2026-04-29 11:48:07 | INFO     | [PROPHET] Tipo de artefacto: <class 'dict'>
2026-04-29 11:48:07 | INFO     | [PROPHET] Claves del artefacto: ['model_class', 'params', 'model', 'target_name', 'feature_names']
2026-04-29 11:48:07 | INFO     | [PROPHET] Modelo cargado desde: C:\Users\USER\Documentos\Maestria\Mark-III\outputs\models\releases\20260429_063853\prophet_best.pkl
2026-04-29 11:48:07 | INFO     | [PROPHET] Regresores restaurados: ['Open', 'High', 'Low', 'Close', 'TickVolume', 'Volume', 'Return_1', 'LogReturn_1', 'Return_5', 'ReturnFwd_5', 'LogReturn_5', 'Return_10', 'ReturnFwd_10', 'LogReturn_10', 'SMA_20', 'SMA_50', 'EMA_12', 'EMA_26', 'RSI_14', 'MACD', 'MACD_Signal', 'MACD_Hist', 'BB_Upper', 'BB_Lower', 'BB_Width', 'ATR_14', 'Close_lag1', 'Close_lag2', 'Close_lag3', 'Close_lag5', 'Close_lag10', 'Volume_lag1', 'Volume_lag2', 'Volume_lag3', 'Volume_lag5', 'Volume_lag10']
2026-04-29 11:48:07 | INFO     | [PROPHET] Predicción (yhat) para 2026-04-29 19:40:00: -0.000119
2026-04-29 11:48:07 | INFO     |   📈 Modelo PROPHET -> retorno=-0.000119, pips=-1.39, signal=HOLD, confidence=0.549, entry_plan=nan, SL_plan=nan, TP_plan=nan, entry_live=nan, SL_live=nan, TP_live=nan, lots=0.00, balance=5211.89, risk=0.00, open_risk=54.00, remaining_budget=102.36
2026-04-29 11:48:07 | INFO     | 
💾 Señales de producción guardadas en: outputs\production\production_signals.csv
2026-04-29 11:48:07 | INFO     | ✅ MODO PRODUCCIÓN COMPLETADO

2026-04-29 11:48:37 | INFO     | ============================================================
2026-04-29 11:48:37 | INFO     | TRADING PIPELINE INICIADO
2026-04-29 11:48:37 | INFO     | ============================================================
2026-04-29 11:48:37 | INFO     | 📁 Directorios de trabajo configurados
2026-04-29 11:48:37 | INFO     | 🚀 Ejecutando modo: SYNC_TRADES
2026-04-29 11:48:37 | INFO     | 
============================================================
2026-04-29 11:48:37 | INFO     | MODO: SYNC TRADES
2026-04-29 11:48:37 | INFO     | ============================================================

2026-04-29 11:48:37 | INFO     | 🔄 Sincronización completada. Trades cerrados registrados: 0
2026-04-29 11:48:37 | INFO     | ✅ MODO SYNC TRADES COMPLETADO

2026-04-29 11:49:37 | INFO     | ============================================================
2026-04-29 11:49:37 | INFO     | TRADING PIPELINE INICIADO
2026-04-29 11:49:37 | INFO     | ============================================================
2026-04-29 11:49:37 | INFO     | 📁 Directorios de trabajo configurados
2026-04-29 11:49:37 | INFO     | 🚀 Ejecutando modo: SYNC_TRADES
2026-04-29 11:49:37 | INFO     | 
============================================================
2026-04-29 11:49:37 | INFO     | MODO: SYNC TRADES
2026-04-29 11:49:37 | INFO     | ============================================================

2026-04-29 11:49:37 | INFO     | 🔄 Sincronización completada. Trades cerrados registrados: 0
2026-04-29 11:49:37 | INFO     | ✅ MODO SYNC TRADES COMPLETADO

2026-04-29 11:50:37 | INFO     | ============================================================
2026-04-29 11:50:37 | INFO     | TRADING PIPELINE INICIADO
2026-04-29 11:50:37 | INFO     | ============================================================
2026-04-29 11:50:37 | INFO     | 📁 Directorios de trabajo configurados
2026-04-29 11:50:37 | INFO     | 🚀 Ejecutando modo: SYNC_TRADES
2026-04-29 11:50:37 | INFO     | 
============================================================
2026-04-29 11:50:37 | INFO     | MODO: SYNC TRADES
2026-04-29 11:50:37 | INFO     | ============================================================

2026-04-29 11:50:37 | INFO     | 🔄 Sincronización completada. Trades cerrados registrados: 0
2026-04-29 11:50:37 | INFO     | ✅ MODO SYNC TRADES COMPLETADO

2026-04-29 11:51:37 | INFO     | ============================================================
2026-04-29 11:51:37 | INFO     | TRADING PIPELINE INICIADO
2026-04-29 11:51:37 | INFO     | ============================================================
2026-04-29 11:51:37 | INFO     | 📁 Directorios de trabajo configurados
2026-04-29 11:51:37 | INFO     | 🚀 Ejecutando modo: SYNC_TRADES
2026-04-29 11:51:37 | INFO     | 
============================================================
2026-04-29 11:51:37 | INFO     | MODO: SYNC TRADES
2026-04-29 11:51:37 | INFO     | ============================================================

2026-04-29 11:51:37 | INFO     | 🔄 Sincronización completada. Trades cerrados registrados: 0
2026-04-29 11:51:37 | INFO     | ✅ MODO SYNC TRADES COMPLETADO

2026-04-29 11:52:37 | INFO     | ============================================================
2026-04-29 11:52:37 | INFO     | TRADING PIPELINE INICIADO
2026-04-29 11:52:37 | INFO     | ============================================================
2026-04-29 11:52:37 | INFO     | 📁 Directorios de trabajo configurados
2026-04-29 11:52:37 | INFO     | 🚀 Ejecutando modo: SYNC_TRADES
2026-04-29 11:52:37 | INFO     | 
============================================================
2026-04-29 11:52:37 | INFO     | MODO: SYNC TRADES
2026-04-29 11:52:37 | INFO     | ============================================================

2026-04-29 11:52:37 | INFO     | 🔄 Sincronización completada. Trades cerrados registrados: 0
2026-04-29 11:52:37 | INFO     | ✅ MODO SYNC TRADES COMPLETADO

2026-04-29 11:53:07 | INFO     | ============================================================
2026-04-29 11:53:07 | INFO     | TRADING PIPELINE INICIADO
2026-04-29 11:53:07 | INFO     | ============================================================
2026-04-29 11:53:07 | INFO     | 📁 Directorios de trabajo configurados
2026-04-29 11:53:07 | INFO     | 🚀 Ejecutando modo: PRODUCTION
2026-04-29 11:53:07 | INFO     | 
============================================================
2026-04-29 11:53:07 | INFO     | MODO: PRODUCCIÓN
2026-04-29 11:53:07 | INFO     | ============================================================

2026-04-29 11:53:07 | INFO     | 📥 Cargando datos para producción...
2026-04-29 11:53:07 | INFO     | PASO 1: CARGANDO DATOS
2026-04-29 11:53:07 | INFO     | ------------------------------------------------------------
2026-04-29 11:53:07 | INFO     |   -> Símbolo 'EURUSD' cargado desde config/config.yaml
2026-04-29 11:53:07 | INFO     |   -> Timeframe 'M5' cargado desde config/config.yaml
2026-04-29 11:53:07 | INFO     | ✓ Datos cargados: 3000 filas, 6 columnas.
2026-04-29 11:53:07 | INFO     | PASO 2: LIMPIANDO DATOS
2026-04-29 11:53:07 | INFO     | ------------------------------------------------------------
2026-04-29 11:53:07 | INFO     | ✓ Datos limpios: 3000 filas restantes.
2026-04-29 11:53:07 | INFO     | PASO 3: GENERANDO FEATURES
2026-04-29 11:53:07 | INFO     | ------------------------------------------------------------
2026-04-29 11:53:07 | INFO     |   -> Retornos agregados para períodos: [1, 5, 10]
2026-04-29 11:53:07 | INFO     |   -> Indicadores técnicos agregados.
2026-04-29 11:53:07 | INFO     |   -> Lags agregados para la columna: 'Close'
2026-04-29 11:53:07 | INFO     |   -> Lags agregados para la columna: 'Volume'
2026-04-29 11:53:07 | INFO     |   -> Conteos de valores NaN generados por las features:
2026-04-29 11:53:07 | INFO     | ✓ Features generadas. Total columnas: 37.
2026-04-29 11:53:07 | INFO     | 🏆 Modelo campeón global según backtest: PROPHET
2026-04-29 11:53:07 | INFO     | 🎯 Producción configurada para operar únicamente con el modelo campeón.
2026-04-29 11:53:07 | INFO     | 📦 Release activa de producción: 20260429_063853 (activada 2026-04-29T06:41:48)
2026-04-29 11:53:07 | INFO     | Presupuesto de riesgo: total=156.36 | abierto=54.00 | restante=102.36 | por_trade=52.12
2026-04-29 11:53:07 | INFO     | 🔎 Generando señales de producción para TODOS los modelos habilitados...

2026-04-29 11:53:07 | INFO     | ➡ Procesando modelo: PROPHET | params={'changepoint_prior_scale': 0.01, 'daily_seasonality': False, 'seasonality_mode': 'additive', 'seasonality_prior_scale': 1.0, 'use_lagged_regressors': True, 'weekly_seasonality': True, 'yearly_seasonality': False}
2026-04-29 11:53:07 | INFO     |   💾 Intentando cargar el modelo desde: C:\Users\USER\Documentos\Maestria\Mark-III\outputs\models\releases\20260429_063853\prophet_best.pkl
2026-04-29 11:53:07 | INFO     | [PROPHET] Cargando artefacto desde: C:\Users\USER\Documentos\Maestria\Mark-III\outputs\models\releases\20260429_063853\prophet_best.pkl
2026-04-29 11:53:07 | INFO     | [PROPHET] Tipo de artefacto: <class 'dict'>
2026-04-29 11:53:07 | INFO     | [PROPHET] Claves del artefacto: ['model_class', 'params', 'model', 'target_name', 'feature_names']
2026-04-29 11:53:07 | INFO     | [PROPHET] Modelo cargado desde: C:\Users\USER\Documentos\Maestria\Mark-III\outputs\models\releases\20260429_063853\prophet_best.pkl
2026-04-29 11:53:07 | INFO     | [PROPHET] Regresores restaurados: ['Open', 'High', 'Low', 'Close', 'TickVolume', 'Volume', 'Return_1', 'LogReturn_1', 'Return_5', 'ReturnFwd_5', 'LogReturn_5', 'Return_10', 'ReturnFwd_10', 'LogReturn_10', 'SMA_20', 'SMA_50', 'EMA_12', 'EMA_26', 'RSI_14', 'MACD', 'MACD_Signal', 'MACD_Hist', 'BB_Upper', 'BB_Lower', 'BB_Width', 'ATR_14', 'Close_lag1', 'Close_lag2', 'Close_lag3', 'Close_lag5', 'Close_lag10', 'Volume_lag1', 'Volume_lag2', 'Volume_lag3', 'Volume_lag5', 'Volume_lag10']
2026-04-29 11:53:07 | INFO     | [PROPHET] Predicción (yhat) para 2026-04-29 19:45:00: -0.000123
2026-04-29 11:53:07 | INFO     |   📈 Modelo PROPHET -> retorno=-0.000123, pips=-1.44, signal=HOLD, confidence=0.556, entry_plan=nan, SL_plan=nan, TP_plan=nan, entry_live=nan, SL_live=nan, TP_live=nan, lots=0.00, balance=5211.89, risk=0.00, open_risk=54.00, remaining_budget=102.36
2026-04-29 11:53:07 | INFO     | 
💾 Señales de producción guardadas en: outputs\production\production_signals.csv
2026-04-29 11:53:07 | INFO     | ✅ MODO PRODUCCIÓN COMPLETADO

2026-04-29 11:53:37 | INFO     | ============================================================
2026-04-29 11:53:37 | INFO     | TRADING PIPELINE INICIADO
2026-04-29 11:53:37 | INFO     | ============================================================
2026-04-29 11:53:37 | INFO     | 📁 Directorios de trabajo configurados
2026-04-29 11:53:37 | INFO     | 🚀 Ejecutando modo: SYNC_TRADES
2026-04-29 11:53:37 | INFO     | 
============================================================
2026-04-29 11:53:37 | INFO     | MODO: SYNC TRADES
2026-04-29 11:53:37 | INFO     | ============================================================

2026-04-29 11:53:37 | INFO     | 🔄 Sincronización completada. Trades cerrados registrados: 0
2026-04-29 11:53:37 | INFO     | ✅ MODO SYNC TRADES COMPLETADO

2026-04-29 11:54:37 | INFO     | ============================================================
2026-04-29 11:54:37 | INFO     | TRADING PIPELINE INICIADO
2026-04-29 11:54:37 | INFO     | ============================================================
2026-04-29 11:54:37 | INFO     | 📁 Directorios de trabajo configurados
2026-04-29 11:54:37 | INFO     | 🚀 Ejecutando modo: SYNC_TRADES
2026-04-29 11:54:37 | INFO     | 
============================================================
2026-04-29 11:54:37 | INFO     | MODO: SYNC TRADES
2026-04-29 11:54:37 | INFO     | ============================================================

2026-04-29 11:54:37 | INFO     | 🔄 Sincronización completada. Trades cerrados registrados: 0
2026-04-29 11:54:37 | INFO     | ✅ MODO SYNC TRADES COMPLETADO

2026-04-29 11:55:37 | INFO     | ============================================================
2026-04-29 11:55:37 | INFO     | TRADING PIPELINE INICIADO
2026-04-29 11:55:37 | INFO     | ============================================================
2026-04-29 11:55:37 | INFO     | 📁 Directorios de trabajo configurados
2026-04-29 11:55:37 | INFO     | 🚀 Ejecutando modo: SYNC_TRADES
2026-04-29 11:55:37 | INFO     | 
============================================================
2026-04-29 11:55:37 | INFO     | MODO: SYNC TRADES
2026-04-29 11:55:37 | INFO     | ============================================================

2026-04-29 11:55:37 | INFO     | 🔄 Sincronización completada. Trades cerrados registrados: 0
2026-04-29 11:55:37 | INFO     | ✅ MODO SYNC TRADES COMPLETADO

2026-04-29 11:56:37 | INFO     | ============================================================
2026-04-29 11:56:37 | INFO     | TRADING PIPELINE INICIADO
2026-04-29 11:56:37 | INFO     | ============================================================
2026-04-29 11:56:37 | INFO     | 📁 Directorios de trabajo configurados
2026-04-29 11:56:37 | INFO     | 🚀 Ejecutando modo: SYNC_TRADES
2026-04-29 11:56:37 | INFO     | 
============================================================
2026-04-29 11:56:37 | INFO     | MODO: SYNC TRADES
2026-04-29 11:56:37 | INFO     | ============================================================

2026-04-29 11:56:37 | INFO     | 🔄 Sincronización completada. Trades cerrados registrados: 0
2026-04-29 11:56:37 | INFO     | ✅ MODO SYNC TRADES COMPLETADO

2026-04-29 11:57:37 | INFO     | ============================================================
2026-04-29 11:57:37 | INFO     | TRADING PIPELINE INICIADO
2026-04-29 11:57:37 | INFO     | ============================================================
2026-04-29 11:57:37 | INFO     | 📁 Directorios de trabajo configurados
2026-04-29 11:57:37 | INFO     | 🚀 Ejecutando modo: SYNC_TRADES
2026-04-29 11:57:37 | INFO     | 
============================================================
2026-04-29 11:57:37 | INFO     | MODO: SYNC TRADES
2026-04-29 11:57:37 | INFO     | ============================================================

2026-04-29 11:57:37 | INFO     | 🔄 Sincronización completada. Trades cerrados registrados: 0
2026-04-29 11:57:37 | INFO     | ✅ MODO SYNC TRADES COMPLETADO

2026-04-29 11:58:07 | INFO     | ============================================================
2026-04-29 11:58:07 | INFO     | TRADING PIPELINE INICIADO
2026-04-29 11:58:07 | INFO     | ============================================================
2026-04-29 11:58:07 | INFO     | 📁 Directorios de trabajo configurados
2026-04-29 11:58:07 | INFO     | 🚀 Ejecutando modo: PRODUCTION
2026-04-29 11:58:07 | INFO     | 
============================================================
2026-04-29 11:58:07 | INFO     | MODO: PRODUCCIÓN
2026-04-29 11:58:07 | INFO     | ============================================================

2026-04-29 11:58:07 | INFO     | 📥 Cargando datos para producción...
2026-04-29 11:58:07 | INFO     | PASO 1: CARGANDO DATOS
2026-04-29 11:58:07 | INFO     | ------------------------------------------------------------
2026-04-29 11:58:07 | INFO     |   -> Símbolo 'EURUSD' cargado desde config/config.yaml
2026-04-29 11:58:07 | INFO     |   -> Timeframe 'M5' cargado desde config/config.yaml
2026-04-29 11:58:07 | INFO     | ✓ Datos cargados: 3000 filas, 6 columnas.
2026-04-29 11:58:07 | INFO     | PASO 2: LIMPIANDO DATOS
2026-04-29 11:58:07 | INFO     | ------------------------------------------------------------
2026-04-29 11:58:07 | INFO     | ✓ Datos limpios: 3000 filas restantes.
2026-04-29 11:58:07 | INFO     | PASO 3: GENERANDO FEATURES
2026-04-29 11:58:07 | INFO     | ------------------------------------------------------------
2026-04-29 11:58:07 | INFO     |   -> Retornos agregados para períodos: [1, 5, 10]
2026-04-29 11:58:07 | INFO     |   -> Indicadores técnicos agregados.
2026-04-29 11:58:07 | INFO     |   -> Lags agregados para la columna: 'Close'
2026-04-29 11:58:07 | INFO     |   -> Lags agregados para la columna: 'Volume'
2026-04-29 11:58:07 | INFO     |   -> Conteos de valores NaN generados por las features:
2026-04-29 11:58:07 | INFO     | ✓ Features generadas. Total columnas: 37.
2026-04-29 11:58:07 | INFO     | 🏆 Modelo campeón global según backtest: PROPHET
2026-04-29 11:58:07 | INFO     | 🎯 Producción configurada para operar únicamente con el modelo campeón.
2026-04-29 11:58:07 | INFO     | 📦 Release activa de producción: 20260429_063853 (activada 2026-04-29T06:41:48)
2026-04-29 11:58:07 | INFO     | Presupuesto de riesgo: total=156.36 | abierto=54.00 | restante=102.36 | por_trade=52.12
2026-04-29 11:58:07 | INFO     | 🔎 Generando señales de producción para TODOS los modelos habilitados...

2026-04-29 11:58:07 | INFO     | ➡ Procesando modelo: PROPHET | params={'changepoint_prior_scale': 0.01, 'daily_seasonality': False, 'seasonality_mode': 'additive', 'seasonality_prior_scale': 1.0, 'use_lagged_regressors': True, 'weekly_seasonality': True, 'yearly_seasonality': False}
2026-04-29 11:58:07 | INFO     |   💾 Intentando cargar el modelo desde: C:\Users\USER\Documentos\Maestria\Mark-III\outputs\models\releases\20260429_063853\prophet_best.pkl
2026-04-29 11:58:07 | INFO     | [PROPHET] Cargando artefacto desde: C:\Users\USER\Documentos\Maestria\Mark-III\outputs\models\releases\20260429_063853\prophet_best.pkl
2026-04-29 11:58:07 | INFO     | [PROPHET] Tipo de artefacto: <class 'dict'>
2026-04-29 11:58:07 | INFO     | [PROPHET] Claves del artefacto: ['model_class', 'params', 'model', 'target_name', 'feature_names']
2026-04-29 11:58:07 | INFO     | [PROPHET] Modelo cargado desde: C:\Users\USER\Documentos\Maestria\Mark-III\outputs\models\releases\20260429_063853\prophet_best.pkl
2026-04-29 11:58:07 | INFO     | [PROPHET] Regresores restaurados: ['Open', 'High', 'Low', 'Close', 'TickVolume', 'Volume', 'Return_1', 'LogReturn_1', 'Return_5', 'ReturnFwd_5', 'LogReturn_5', 'Return_10', 'ReturnFwd_10', 'LogReturn_10', 'SMA_20', 'SMA_50', 'EMA_12', 'EMA_26', 'RSI_14', 'MACD', 'MACD_Signal', 'MACD_Hist', 'BB_Upper', 'BB_Lower', 'BB_Width', 'ATR_14', 'Close_lag1', 'Close_lag2', 'Close_lag3', 'Close_lag5', 'Close_lag10', 'Volume_lag1', 'Volume_lag2', 'Volume_lag3', 'Volume_lag5', 'Volume_lag10']
2026-04-29 11:58:07 | INFO     | [PROPHET] Predicción (yhat) para 2026-04-29 19:50:00: -0.000137
2026-04-29 11:58:07 | INFO     |   📈 Modelo PROPHET -> retorno=-0.000137, pips=-1.61, signal=HOLD, confidence=0.575, entry_plan=nan, SL_plan=nan, TP_plan=nan, entry_live=nan, SL_live=nan, TP_live=nan, lots=0.00, balance=5211.89, risk=0.00, open_risk=54.00, remaining_budget=102.36
2026-04-29 11:58:07 | INFO     | 
💾 Señales de producción guardadas en: outputs\production\production_signals.csv
2026-04-29 11:58:07 | INFO     | ✅ MODO PRODUCCIÓN COMPLETADO

2026-04-29 11:58:37 | INFO     | ============================================================
2026-04-29 11:58:37 | INFO     | TRADING PIPELINE INICIADO
2026-04-29 11:58:37 | INFO     | ============================================================
2026-04-29 11:58:37 | INFO     | 📁 Directorios de trabajo configurados
2026-04-29 11:58:37 | INFO     | 🚀 Ejecutando modo: SYNC_TRADES
2026-04-29 11:58:37 | INFO     | 
============================================================
2026-04-29 11:58:37 | INFO     | MODO: SYNC TRADES
2026-04-29 11:58:37 | INFO     | ============================================================

2026-04-29 11:58:37 | INFO     | 🔄 Sincronización completada. Trades cerrados registrados: 0
2026-04-29 11:58:37 | INFO     | ✅ MODO SYNC TRADES COMPLETADO

2026-04-29 11:59:38 | INFO     | ============================================================
2026-04-29 11:59:38 | INFO     | TRADING PIPELINE INICIADO
2026-04-29 11:59:38 | INFO     | ============================================================
2026-04-29 11:59:38 | INFO     | 📁 Directorios de trabajo configurados
2026-04-29 11:59:38 | INFO     | 🚀 Ejecutando modo: SYNC_TRADES
2026-04-29 11:59:38 | INFO     | 
============================================================
2026-04-29 11:59:38 | INFO     | MODO: SYNC TRADES
2026-04-29 11:59:38 | INFO     | ============================================================

2026-04-29 11:59:38 | INFO     | 🔄 Sincronización completada. Trades cerrados registrados: 0
2026-04-29 11:59:38 | INFO     | ✅ MODO SYNC TRADES COMPLETADO

2026-04-29 12:00:37 | INFO     | ============================================================
2026-04-29 12:00:37 | INFO     | TRADING PIPELINE INICIADO
2026-04-29 12:00:37 | INFO     | ============================================================
2026-04-29 12:00:37 | INFO     | 📁 Directorios de trabajo configurados
2026-04-29 12:00:37 | INFO     | 🚀 Ejecutando modo: SYNC_TRADES
2026-04-29 12:00:37 | INFO     | 
============================================================
2026-04-29 12:00:37 | INFO     | MODO: SYNC TRADES
2026-04-29 12:00:37 | INFO     | ============================================================

2026-04-29 12:00:37 | INFO     | 🔄 Sincronización completada. Trades cerrados registrados: 0
2026-04-29 12:00:37 | INFO     | ✅ MODO SYNC TRADES COMPLETADO

2026-04-29 12:01:37 | INFO     | ============================================================
2026-04-29 12:01:37 | INFO     | TRADING PIPELINE INICIADO
2026-04-29 12:01:37 | INFO     | ============================================================
2026-04-29 12:01:37 | INFO     | 📁 Directorios de trabajo configurados
2026-04-29 12:01:37 | INFO     | 🚀 Ejecutando modo: SYNC_TRADES
2026-04-29 12:01:37 | INFO     | 
============================================================
2026-04-29 12:01:37 | INFO     | MODO: SYNC TRADES
2026-04-29 12:01:37 | INFO     | ============================================================

2026-04-29 12:01:37 | INFO     | 🔄 Sincronización completada. Trades cerrados registrados: 0
2026-04-29 12:01:37 | INFO     | ✅ MODO SYNC TRADES COMPLETADO

2026-04-29 12:02:37 | INFO     | ============================================================
2026-04-29 12:02:37 | INFO     | TRADING PIPELINE INICIADO
2026-04-29 12:02:37 | INFO     | ============================================================
2026-04-29 12:02:37 | INFO     | 📁 Directorios de trabajo configurados
2026-04-29 12:02:37 | INFO     | 🚀 Ejecutando modo: SYNC_TRADES
2026-04-29 12:02:37 | INFO     | 
============================================================
2026-04-29 12:02:37 | INFO     | MODO: SYNC TRADES
2026-04-29 12:02:37 | INFO     | ============================================================

2026-04-29 12:02:37 | INFO     | 🔄 Sincronización completada. Trades cerrados registrados: 0
2026-04-29 12:02:37 | INFO     | ✅ MODO SYNC TRADES COMPLETADO

2026-04-29 12:03:07 | INFO     | ============================================================
2026-04-29 12:03:07 | INFO     | TRADING PIPELINE INICIADO
2026-04-29 12:03:07 | INFO     | ============================================================
2026-04-29 12:03:07 | INFO     | 📁 Directorios de trabajo configurados
2026-04-29 12:03:07 | INFO     | 🚀 Ejecutando modo: PRODUCTION
2026-04-29 12:03:07 | INFO     | 
============================================================
2026-04-29 12:03:07 | INFO     | MODO: PRODUCCIÓN
2026-04-29 12:03:07 | INFO     | ============================================================

2026-04-29 12:03:07 | INFO     | 📥 Cargando datos para producción...
2026-04-29 12:03:07 | INFO     | PASO 1: CARGANDO DATOS
2026-04-29 12:03:07 | INFO     | ------------------------------------------------------------
2026-04-29 12:03:07 | INFO     |   -> Símbolo 'EURUSD' cargado desde config/config.yaml
2026-04-29 12:03:07 | INFO     |   -> Timeframe 'M5' cargado desde config/config.yaml
2026-04-29 12:03:07 | INFO     | ✓ Datos cargados: 3000 filas, 6 columnas.
2026-04-29 12:03:07 | INFO     | PASO 2: LIMPIANDO DATOS
2026-04-29 12:03:07 | INFO     | ------------------------------------------------------------
2026-04-29 12:03:07 | INFO     | ✓ Datos limpios: 3000 filas restantes.
2026-04-29 12:03:07 | INFO     | PASO 3: GENERANDO FEATURES
2026-04-29 12:03:07 | INFO     | ------------------------------------------------------------
2026-04-29 12:03:07 | INFO     |   -> Retornos agregados para períodos: [1, 5, 10]
2026-04-29 12:03:07 | INFO     |   -> Indicadores técnicos agregados.
2026-04-29 12:03:07 | INFO     |   -> Lags agregados para la columna: 'Close'
2026-04-29 12:03:07 | INFO     |   -> Lags agregados para la columna: 'Volume'
2026-04-29 12:03:07 | INFO     |   -> Conteos de valores NaN generados por las features:
2026-04-29 12:03:07 | INFO     | ✓ Features generadas. Total columnas: 37.
2026-04-29 12:03:07 | INFO     | 🏆 Modelo campeón global según backtest: PROPHET
2026-04-29 12:03:07 | INFO     | 🎯 Producción configurada para operar únicamente con el modelo campeón.
2026-04-29 12:03:07 | INFO     | 📦 Release activa de producción: 20260429_063853 (activada 2026-04-29T06:41:48)
2026-04-29 12:03:07 | INFO     | Presupuesto de riesgo: total=156.36 | abierto=54.00 | restante=102.36 | por_trade=52.12
2026-04-29 12:03:07 | INFO     | 🔎 Generando señales de producción para TODOS los modelos habilitados...

2026-04-29 12:03:07 | INFO     | ➡ Procesando modelo: PROPHET | params={'changepoint_prior_scale': 0.01, 'daily_seasonality': False, 'seasonality_mode': 'additive', 'seasonality_prior_scale': 1.0, 'use_lagged_regressors': True, 'weekly_seasonality': True, 'yearly_seasonality': False}
2026-04-29 12:03:07 | INFO     |   💾 Intentando cargar el modelo desde: C:\Users\USER\Documentos\Maestria\Mark-III\outputs\models\releases\20260429_063853\prophet_best.pkl
2026-04-29 12:03:07 | INFO     | [PROPHET] Cargando artefacto desde: C:\Users\USER\Documentos\Maestria\Mark-III\outputs\models\releases\20260429_063853\prophet_best.pkl
2026-04-29 12:03:07 | INFO     | [PROPHET] Tipo de artefacto: <class 'dict'>
2026-04-29 12:03:07 | INFO     | [PROPHET] Claves del artefacto: ['model_class', 'params', 'model', 'target_name', 'feature_names']
2026-04-29 12:03:07 | INFO     | [PROPHET] Modelo cargado desde: C:\Users\USER\Documentos\Maestria\Mark-III\outputs\models\releases\20260429_063853\prophet_best.pkl
2026-04-29 12:03:07 | INFO     | [PROPHET] Regresores restaurados: ['Open', 'High', 'Low', 'Close', 'TickVolume', 'Volume', 'Return_1', 'LogReturn_1', 'Return_5', 'ReturnFwd_5', 'LogReturn_5', 'Return_10', 'ReturnFwd_10', 'LogReturn_10', 'SMA_20', 'SMA_50', 'EMA_12', 'EMA_26', 'RSI_14', 'MACD', 'MACD_Signal', 'MACD_Hist', 'BB_Upper', 'BB_Lower', 'BB_Width', 'ATR_14', 'Close_lag1', 'Close_lag2', 'Close_lag3', 'Close_lag5', 'Close_lag10', 'Volume_lag1', 'Volume_lag2', 'Volume_lag3', 'Volume_lag5', 'Volume_lag10']
2026-04-29 12:03:07 | INFO     | [PROPHET] Predicción (yhat) para 2026-04-29 19:55:00: -0.000118
2026-04-29 12:03:07 | INFO     |   📈 Modelo PROPHET -> retorno=-0.000118, pips=-1.38, signal=HOLD, confidence=0.549, entry_plan=nan, SL_plan=nan, TP_plan=nan, entry_live=nan, SL_live=nan, TP_live=nan, lots=0.00, balance=5211.89, risk=0.00, open_risk=54.00, remaining_budget=102.36
2026-04-29 12:03:07 | INFO     | 
💾 Señales de producción guardadas en: outputs\production\production_signals.csv
2026-04-29 12:03:07 | INFO     | ✅ MODO PRODUCCIÓN COMPLETADO

2026-04-29 12:03:37 | INFO     | ============================================================
2026-04-29 12:03:37 | INFO     | TRADING PIPELINE INICIADO
2026-04-29 12:03:37 | INFO     | ============================================================
2026-04-29 12:03:37 | INFO     | 📁 Directorios de trabajo configurados
2026-04-29 12:03:37 | INFO     | 🚀 Ejecutando modo: SYNC_TRADES
2026-04-29 12:03:37 | INFO     | 
============================================================
2026-04-29 12:03:37 | INFO     | MODO: SYNC TRADES
2026-04-29 12:03:37 | INFO     | ============================================================

2026-04-29 12:03:37 | INFO     | 🔄 Sincronización completada. Trades cerrados registrados: 0
2026-04-29 12:03:37 | INFO     | ✅ MODO SYNC TRADES COMPLETADO

2026-04-29 12:04:37 | INFO     | ============================================================
2026-04-29 12:04:37 | INFO     | TRADING PIPELINE INICIADO
2026-04-29 12:04:37 | INFO     | ============================================================
2026-04-29 12:04:37 | INFO     | 📁 Directorios de trabajo configurados
2026-04-29 12:04:37 | INFO     | 🚀 Ejecutando modo: SYNC_TRADES
2026-04-29 12:04:37 | INFO     | 
============================================================
2026-04-29 12:04:37 | INFO     | MODO: SYNC TRADES
2026-04-29 12:04:37 | INFO     | ============================================================

2026-04-29 12:04:37 | INFO     | 🔄 Sincronización completada. Trades cerrados registrados: 0
2026-04-29 12:04:37 | INFO     | ✅ MODO SYNC TRADES COMPLETADO

2026-04-29 12:05:38 | INFO     | ============================================================
2026-04-29 12:05:38 | INFO     | TRADING PIPELINE INICIADO
2026-04-29 12:05:38 | INFO     | ============================================================
2026-04-29 12:05:38 | INFO     | 📁 Directorios de trabajo configurados
2026-04-29 12:05:38 | INFO     | 🚀 Ejecutando modo: SYNC_TRADES
2026-04-29 12:05:38 | INFO     | 
============================================================
2026-04-29 12:05:38 | INFO     | MODO: SYNC TRADES
2026-04-29 12:05:38 | INFO     | ============================================================

2026-04-29 12:05:38 | INFO     | 🔄 Sincronización completada. Trades cerrados registrados: 0
2026-04-29 12:05:38 | INFO     | ✅ MODO SYNC TRADES COMPLETADO

2026-04-29 12:06:37 | INFO     | ============================================================
2026-04-29 12:06:37 | INFO     | TRADING PIPELINE INICIADO
2026-04-29 12:06:37 | INFO     | ============================================================
2026-04-29 12:06:37 | INFO     | 📁 Directorios de trabajo configurados
2026-04-29 12:06:37 | INFO     | 🚀 Ejecutando modo: SYNC_TRADES
2026-04-29 12:06:37 | INFO     | 
============================================================
2026-04-29 12:06:37 | INFO     | MODO: SYNC TRADES
2026-04-29 12:06:37 | INFO     | ============================================================

2026-04-29 12:06:37 | INFO     | 🔄 Sincronización completada. Trades cerrados registrados: 0
2026-04-29 12:06:37 | INFO     | ✅ MODO SYNC TRADES COMPLETADO

2026-04-29 12:07:37 | INFO     | ============================================================
2026-04-29 12:07:37 | INFO     | TRADING PIPELINE INICIADO
2026-04-29 12:07:37 | INFO     | ============================================================
2026-04-29 12:07:37 | INFO     | 📁 Directorios de trabajo configurados
2026-04-29 12:07:37 | INFO     | 🚀 Ejecutando modo: SYNC_TRADES
2026-04-29 12:07:37 | INFO     | 
============================================================
2026-04-29 12:07:37 | INFO     | MODO: SYNC TRADES
2026-04-29 12:07:37 | INFO     | ============================================================

2026-04-29 12:07:37 | INFO     | 🔄 Sincronización completada. Trades cerrados registrados: 0
2026-04-29 12:07:37 | INFO     | ✅ MODO SYNC TRADES COMPLETADO

2026-04-29 12:08:07 | INFO     | ============================================================
2026-04-29 12:08:07 | INFO     | TRADING PIPELINE INICIADO
2026-04-29 12:08:07 | INFO     | ============================================================
2026-04-29 12:08:07 | INFO     | 📁 Directorios de trabajo configurados
2026-04-29 12:08:07 | INFO     | 🚀 Ejecutando modo: PRODUCTION
2026-04-29 12:08:07 | INFO     | 
============================================================
2026-04-29 12:08:07 | INFO     | MODO: PRODUCCIÓN
2026-04-29 12:08:07 | INFO     | ============================================================

2026-04-29 12:08:07 | INFO     | 📥 Cargando datos para producción...
2026-04-29 12:08:07 | INFO     | PASO 1: CARGANDO DATOS
2026-04-29 12:08:07 | INFO     | ------------------------------------------------------------
2026-04-29 12:08:07 | INFO     |   -> Símbolo 'EURUSD' cargado desde config/config.yaml
2026-04-29 12:08:07 | INFO     |   -> Timeframe 'M5' cargado desde config/config.yaml
2026-04-29 12:08:07 | INFO     | ✓ Datos cargados: 3000 filas, 6 columnas.
2026-04-29 12:08:07 | INFO     | PASO 2: LIMPIANDO DATOS
2026-04-29 12:08:07 | INFO     | ------------------------------------------------------------
2026-04-29 12:08:07 | INFO     | ✓ Datos limpios: 3000 filas restantes.
2026-04-29 12:08:07 | INFO     | PASO 3: GENERANDO FEATURES
2026-04-29 12:08:07 | INFO     | ------------------------------------------------------------
2026-04-29 12:08:07 | INFO     |   -> Retornos agregados para períodos: [1, 5, 10]
2026-04-29 12:08:07 | INFO     |   -> Indicadores técnicos agregados.
2026-04-29 12:08:07 | INFO     |   -> Lags agregados para la columna: 'Close'
2026-04-29 12:08:07 | INFO     |   -> Lags agregados para la columna: 'Volume'
2026-04-29 12:08:07 | INFO     |   -> Conteos de valores NaN generados por las features:
2026-04-29 12:08:07 | INFO     | ✓ Features generadas. Total columnas: 37.
2026-04-29 12:08:07 | INFO     | 🏆 Modelo campeón global según backtest: PROPHET
2026-04-29 12:08:07 | INFO     | 🎯 Producción configurada para operar únicamente con el modelo campeón.
2026-04-29 12:08:07 | INFO     | 📦 Release activa de producción: 20260429_063853 (activada 2026-04-29T06:41:48)
2026-04-29 12:08:07 | INFO     | Presupuesto de riesgo: total=156.36 | abierto=54.00 | restante=102.36 | por_trade=52.12
2026-04-29 12:08:07 | INFO     | 🔎 Generando señales de producción para TODOS los modelos habilitados...

2026-04-29 12:08:07 | INFO     | ➡ Procesando modelo: PROPHET | params={'changepoint_prior_scale': 0.01, 'daily_seasonality': False, 'seasonality_mode': 'additive', 'seasonality_prior_scale': 1.0, 'use_lagged_regressors': True, 'weekly_seasonality': True, 'yearly_seasonality': False}
2026-04-29 12:08:07 | INFO     |   💾 Intentando cargar el modelo desde: C:\Users\USER\Documentos\Maestria\Mark-III\outputs\models\releases\20260429_063853\prophet_best.pkl
2026-04-29 12:08:07 | INFO     | [PROPHET] Cargando artefacto desde: C:\Users\USER\Documentos\Maestria\Mark-III\outputs\models\releases\20260429_063853\prophet_best.pkl
2026-04-29 12:08:07 | INFO     | [PROPHET] Tipo de artefacto: <class 'dict'>
2026-04-29 12:08:07 | INFO     | [PROPHET] Claves del artefacto: ['model_class', 'params', 'model', 'target_name', 'feature_names']
2026-04-29 12:08:07 | INFO     | [PROPHET] Modelo cargado desde: C:\Users\USER\Documentos\Maestria\Mark-III\outputs\models\releases\20260429_063853\prophet_best.pkl
2026-04-29 12:08:07 | INFO     | [PROPHET] Regresores restaurados: ['Open', 'High', 'Low', 'Close', 'TickVolume', 'Volume', 'Return_1', 'LogReturn_1', 'Return_5', 'ReturnFwd_5', 'LogReturn_5', 'Return_10', 'ReturnFwd_10', 'LogReturn_10', 'SMA_20', 'SMA_50', 'EMA_12', 'EMA_26', 'RSI_14', 'MACD', 'MACD_Signal', 'MACD_Hist', 'BB_Upper', 'BB_Lower', 'BB_Width', 'ATR_14', 'Close_lag1', 'Close_lag2', 'Close_lag3', 'Close_lag5', 'Close_lag10', 'Volume_lag1', 'Volume_lag2', 'Volume_lag3', 'Volume_lag5', 'Volume_lag10']
2026-04-29 12:08:07 | INFO     | [PROPHET] Predicción (yhat) para 2026-04-29 20:00:00: 0.000120
2026-04-29 12:08:07 | INFO     |   📈 Modelo PROPHET -> retorno=0.000120, pips=1.40, signal=HOLD, confidence=0.551, entry_plan=nan, SL_plan=nan, TP_plan=nan, entry_live=nan, SL_live=nan, TP_live=nan, lots=0.00, balance=5211.89, risk=0.00, open_risk=54.00, remaining_budget=102.36
2026-04-29 12:08:07 | INFO     | 
💾 Señales de producción guardadas en: outputs\production\production_signals.csv
2026-04-29 12:08:07 | INFO     | ✅ MODO PRODUCCIÓN COMPLETADO

2026-04-29 12:08:37 | INFO     | ============================================================
2026-04-29 12:08:37 | INFO     | TRADING PIPELINE INICIADO
2026-04-29 12:08:37 | INFO     | ============================================================
2026-04-29 12:08:37 | INFO     | 📁 Directorios de trabajo configurados
2026-04-29 12:08:37 | INFO     | 🚀 Ejecutando modo: SYNC_TRADES
2026-04-29 12:08:37 | INFO     | 
============================================================
2026-04-29 12:08:37 | INFO     | MODO: SYNC TRADES
2026-04-29 12:08:37 | INFO     | ============================================================

2026-04-29 12:08:37 | INFO     | 🔄 Sincronización completada. Trades cerrados registrados: 0
2026-04-29 12:08:37 | INFO     | ✅ MODO SYNC TRADES COMPLETADO

2026-04-29 12:09:37 | INFO     | ============================================================
2026-04-29 12:09:37 | INFO     | TRADING PIPELINE INICIADO
2026-04-29 12:09:37 | INFO     | ============================================================
2026-04-29 12:09:37 | INFO     | 📁 Directorios de trabajo configurados
2026-04-29 12:09:37 | INFO     | 🚀 Ejecutando modo: SYNC_TRADES
2026-04-29 12:09:37 | INFO     | 
============================================================
2026-04-29 12:09:37 | INFO     | MODO: SYNC TRADES
2026-04-29 12:09:37 | INFO     | ============================================================

2026-04-29 12:09:37 | INFO     | 🔄 Sincronización completada. Trades cerrados registrados: 0
2026-04-29 12:09:37 | INFO     | ✅ MODO SYNC TRADES COMPLETADO

2026-04-29 12:10:37 | INFO     | ============================================================
2026-04-29 12:10:37 | INFO     | TRADING PIPELINE INICIADO
2026-04-29 12:10:37 | INFO     | ============================================================
2026-04-29 12:10:37 | INFO     | 📁 Directorios de trabajo configurados
2026-04-29 12:10:37 | INFO     | 🚀 Ejecutando modo: SYNC_TRADES
2026-04-29 12:10:37 | INFO     | 
============================================================
2026-04-29 12:10:37 | INFO     | MODO: SYNC TRADES
2026-04-29 12:10:37 | INFO     | ============================================================

2026-04-29 12:10:37 | INFO     | 🔄 Sincronización completada. Trades cerrados registrados: 0
2026-04-29 12:10:37 | INFO     | ✅ MODO SYNC TRADES COMPLETADO

2026-04-29 12:11:37 | INFO     | ============================================================
2026-04-29 12:11:37 | INFO     | TRADING PIPELINE INICIADO
2026-04-29 12:11:37 | INFO     | ============================================================
2026-04-29 12:11:37 | INFO     | 📁 Directorios de trabajo configurados
2026-04-29 12:11:37 | INFO     | 🚀 Ejecutando modo: SYNC_TRADES
2026-04-29 12:11:37 | INFO     | 
============================================================
2026-04-29 12:11:37 | INFO     | MODO: SYNC TRADES
2026-04-29 12:11:37 | INFO     | ============================================================

2026-04-29 12:11:37 | INFO     | 🔄 Sincronización completada. Trades cerrados registrados: 0
2026-04-29 12:11:37 | INFO     | ✅ MODO SYNC TRADES COMPLETADO

2026-04-29 12:12:37 | INFO     | ============================================================
2026-04-29 12:12:37 | INFO     | TRADING PIPELINE INICIADO
2026-04-29 12:12:37 | INFO     | ============================================================
2026-04-29 12:12:37 | INFO     | 📁 Directorios de trabajo configurados
2026-04-29 12:12:37 | INFO     | 🚀 Ejecutando modo: SYNC_TRADES
2026-04-29 12:12:37 | INFO     | 
============================================================
2026-04-29 12:12:37 | INFO     | MODO: SYNC TRADES
2026-04-29 12:12:37 | INFO     | ============================================================

2026-04-29 12:12:37 | INFO     | 🔄 Sincronización completada. Trades cerrados registrados: 0
2026-04-29 12:12:37 | INFO     | ✅ MODO SYNC TRADES COMPLETADO

2026-04-29 12:13:07 | INFO     | ============================================================
2026-04-29 12:13:07 | INFO     | TRADING PIPELINE INICIADO
2026-04-29 12:13:07 | INFO     | ============================================================
2026-04-29 12:13:07 | INFO     | 📁 Directorios de trabajo configurados
2026-04-29 12:13:07 | INFO     | 🚀 Ejecutando modo: PRODUCTION
2026-04-29 12:13:07 | INFO     | 
============================================================
2026-04-29 12:13:07 | INFO     | MODO: PRODUCCIÓN
2026-04-29 12:13:07 | INFO     | ============================================================

2026-04-29 12:13:07 | INFO     | 📥 Cargando datos para producción...
2026-04-29 12:13:07 | INFO     | PASO 1: CARGANDO DATOS
2026-04-29 12:13:07 | INFO     | ------------------------------------------------------------
2026-04-29 12:13:07 | INFO     |   -> Símbolo 'EURUSD' cargado desde config/config.yaml
2026-04-29 12:13:07 | INFO     |   -> Timeframe 'M5' cargado desde config/config.yaml
2026-04-29 12:13:07 | INFO     | ✓ Datos cargados: 3000 filas, 6 columnas.
2026-04-29 12:13:07 | INFO     | PASO 2: LIMPIANDO DATOS
2026-04-29 12:13:07 | INFO     | ------------------------------------------------------------
2026-04-29 12:13:07 | INFO     | ✓ Datos limpios: 3000 filas restantes.
2026-04-29 12:13:07 | INFO     | PASO 3: GENERANDO FEATURES
2026-04-29 12:13:07 | INFO     | ------------------------------------------------------------
2026-04-29 12:13:07 | INFO     |   -> Retornos agregados para períodos: [1, 5, 10]
2026-04-29 12:13:07 | INFO     |   -> Indicadores técnicos agregados.
2026-04-29 12:13:07 | INFO     |   -> Lags agregados para la columna: 'Close'
2026-04-29 12:13:07 | INFO     |   -> Lags agregados para la columna: 'Volume'
2026-04-29 12:13:07 | INFO     |   -> Conteos de valores NaN generados por las features:
2026-04-29 12:13:07 | INFO     | ✓ Features generadas. Total columnas: 37.
2026-04-29 12:13:07 | INFO     | 🏆 Modelo campeón global según backtest: PROPHET
2026-04-29 12:13:07 | INFO     | 🎯 Producción configurada para operar únicamente con el modelo campeón.
2026-04-29 12:13:07 | INFO     | 📦 Release activa de producción: 20260429_063853 (activada 2026-04-29T06:41:48)
2026-04-29 12:13:07 | INFO     | Presupuesto de riesgo: total=156.36 | abierto=54.00 | restante=102.36 | por_trade=52.12
2026-04-29 12:13:07 | INFO     | 🔎 Generando señales de producción para TODOS los modelos habilitados...

2026-04-29 12:13:07 | INFO     | ➡ Procesando modelo: PROPHET | params={'changepoint_prior_scale': 0.01, 'daily_seasonality': False, 'seasonality_mode': 'additive', 'seasonality_prior_scale': 1.0, 'use_lagged_regressors': True, 'weekly_seasonality': True, 'yearly_seasonality': False}
2026-04-29 12:13:07 | INFO     |   💾 Intentando cargar el modelo desde: C:\Users\USER\Documentos\Maestria\Mark-III\outputs\models\releases\20260429_063853\prophet_best.pkl
2026-04-29 12:13:07 | INFO     | [PROPHET] Cargando artefacto desde: C:\Users\USER\Documentos\Maestria\Mark-III\outputs\models\releases\20260429_063853\prophet_best.pkl
2026-04-29 12:13:07 | INFO     | [PROPHET] Tipo de artefacto: <class 'dict'>
2026-04-29 12:13:07 | INFO     | [PROPHET] Claves del artefacto: ['model_class', 'params', 'model', 'target_name', 'feature_names']
2026-04-29 12:13:07 | INFO     | [PROPHET] Modelo cargado desde: C:\Users\USER\Documentos\Maestria\Mark-III\outputs\models\releases\20260429_063853\prophet_best.pkl
2026-04-29 12:13:07 | INFO     | [PROPHET] Regresores restaurados: ['Open', 'High', 'Low', 'Close', 'TickVolume', 'Volume', 'Return_1', 'LogReturn_1', 'Return_5', 'ReturnFwd_5', 'LogReturn_5', 'Return_10', 'ReturnFwd_10', 'LogReturn_10', 'SMA_20', 'SMA_50', 'EMA_12', 'EMA_26', 'RSI_14', 'MACD', 'MACD_Signal', 'MACD_Hist', 'BB_Upper', 'BB_Lower', 'BB_Width', 'ATR_14', 'Close_lag1', 'Close_lag2', 'Close_lag3', 'Close_lag5', 'Close_lag10', 'Volume_lag1', 'Volume_lag2', 'Volume_lag3', 'Volume_lag5', 'Volume_lag10']
2026-04-29 12:13:07 | INFO     | [PROPHET] Predicción (yhat) para 2026-04-29 20:05:00: 0.000006
2026-04-29 12:13:07 | INFO     |   📈 Modelo PROPHET -> retorno=0.000006, pips=0.07, signal=HOLD, confidence=0.394, entry_plan=nan, SL_plan=nan, TP_plan=nan, entry_live=nan, SL_live=nan, TP_live=nan, lots=0.00, balance=5211.89, risk=0.00, open_risk=54.00, remaining_budget=102.36
2026-04-29 12:13:07 | INFO     | 
💾 Señales de producción guardadas en: outputs\production\production_signals.csv
2026-04-29 12:13:07 | INFO     | ✅ MODO PRODUCCIÓN COMPLETADO

2026-04-29 12:13:37 | INFO     | ============================================================
2026-04-29 12:13:37 | INFO     | TRADING PIPELINE INICIADO
2026-04-29 12:13:37 | INFO     | ============================================================
2026-04-29 12:13:37 | INFO     | 📁 Directorios de trabajo configurados
2026-04-29 12:13:37 | INFO     | 🚀 Ejecutando modo: SYNC_TRADES
2026-04-29 12:13:37 | INFO     | 
============================================================
2026-04-29 12:13:37 | INFO     | MODO: SYNC TRADES
2026-04-29 12:13:37 | INFO     | ============================================================

2026-04-29 12:13:37 | INFO     | 🔄 Sincronización completada. Trades cerrados registrados: 0
2026-04-29 12:13:37 | INFO     | ✅ MODO SYNC TRADES COMPLETADO

2026-04-29 12:14:37 | INFO     | ============================================================
2026-04-29 12:14:37 | INFO     | TRADING PIPELINE INICIADO
2026-04-29 12:14:37 | INFO     | ============================================================
2026-04-29 12:14:37 | INFO     | 📁 Directorios de trabajo configurados
2026-04-29 12:14:37 | INFO     | 🚀 Ejecutando modo: SYNC_TRADES
2026-04-29 12:14:37 | INFO     | 
============================================================
2026-04-29 12:14:37 | INFO     | MODO: SYNC TRADES
2026-04-29 12:14:37 | INFO     | ============================================================

2026-04-29 12:14:37 | INFO     | 🔄 Sincronización completada. Trades cerrados registrados: 0
2026-04-29 12:14:37 | INFO     | ✅ MODO SYNC TRADES COMPLETADO

2026-04-29 12:15:38 | INFO     | ============================================================
2026-04-29 12:15:38 | INFO     | TRADING PIPELINE INICIADO
2026-04-29 12:15:38 | INFO     | ============================================================
2026-04-29 12:15:38 | INFO     | 📁 Directorios de trabajo configurados
2026-04-29 12:15:38 | INFO     | 🚀 Ejecutando modo: SYNC_TRADES
2026-04-29 12:15:38 | INFO     | 
============================================================
2026-04-29 12:15:38 | INFO     | MODO: SYNC TRADES
2026-04-29 12:15:38 | INFO     | ============================================================

2026-04-29 12:15:38 | INFO     | 🔄 Sincronización completada. Trades cerrados registrados: 0
2026-04-29 12:15:38 | INFO     | ✅ MODO SYNC TRADES COMPLETADO

2026-04-29 12:16:37 | INFO     | ============================================================
2026-04-29 12:16:37 | INFO     | TRADING PIPELINE INICIADO
2026-04-29 12:16:37 | INFO     | ============================================================
2026-04-29 12:16:37 | INFO     | 📁 Directorios de trabajo configurados
2026-04-29 12:16:37 | INFO     | 🚀 Ejecutando modo: SYNC_TRADES
2026-04-29 12:16:37 | INFO     | 
============================================================
2026-04-29 12:16:37 | INFO     | MODO: SYNC TRADES
2026-04-29 12:16:37 | INFO     | ============================================================

2026-04-29 12:16:37 | INFO     | 🔄 Sincronización completada. Trades cerrados registrados: 0
2026-04-29 12:16:37 | INFO     | ✅ MODO SYNC TRADES COMPLETADO

2026-04-29 12:17:37 | INFO     | ============================================================
2026-04-29 12:17:37 | INFO     | TRADING PIPELINE INICIADO
2026-04-29 12:17:37 | INFO     | ============================================================
2026-04-29 12:17:37 | INFO     | 📁 Directorios de trabajo configurados
2026-04-29 12:17:37 | INFO     | 🚀 Ejecutando modo: SYNC_TRADES
2026-04-29 12:17:37 | INFO     | 
============================================================
2026-04-29 12:17:37 | INFO     | MODO: SYNC TRADES
2026-04-29 12:17:37 | INFO     | ============================================================

2026-04-29 12:17:37 | INFO     | 🔄 Sincronización completada. Trades cerrados registrados: 0
2026-04-29 12:17:37 | INFO     | ✅ MODO SYNC TRADES COMPLETADO

2026-04-29 12:18:07 | INFO     | ============================================================
2026-04-29 12:18:07 | INFO     | TRADING PIPELINE INICIADO
2026-04-29 12:18:07 | INFO     | ============================================================
2026-04-29 12:18:07 | INFO     | 📁 Directorios de trabajo configurados
2026-04-29 12:18:07 | INFO     | 🚀 Ejecutando modo: PRODUCTION
2026-04-29 12:18:07 | INFO     | 
============================================================
2026-04-29 12:18:07 | INFO     | MODO: PRODUCCIÓN
2026-04-29 12:18:07 | INFO     | ============================================================

2026-04-29 12:18:07 | INFO     | 📥 Cargando datos para producción...
2026-04-29 12:18:07 | INFO     | PASO 1: CARGANDO DATOS
2026-04-29 12:18:07 | INFO     | ------------------------------------------------------------
2026-04-29 12:18:07 | INFO     |   -> Símbolo 'EURUSD' cargado desde config/config.yaml
2026-04-29 12:18:07 | INFO     |   -> Timeframe 'M5' cargado desde config/config.yaml
2026-04-29 12:18:07 | INFO     | ✓ Datos cargados: 3000 filas, 6 columnas.
2026-04-29 12:18:07 | INFO     | PASO 2: LIMPIANDO DATOS
2026-04-29 12:18:07 | INFO     | ------------------------------------------------------------
2026-04-29 12:18:07 | INFO     | ✓ Datos limpios: 3000 filas restantes.
2026-04-29 12:18:07 | INFO     | PASO 3: GENERANDO FEATURES
2026-04-29 12:18:07 | INFO     | ------------------------------------------------------------
2026-04-29 12:18:07 | INFO     |   -> Retornos agregados para períodos: [1, 5, 10]
2026-04-29 12:18:07 | INFO     |   -> Indicadores técnicos agregados.
2026-04-29 12:18:07 | INFO     |   -> Lags agregados para la columna: 'Close'
2026-04-29 12:18:07 | INFO     |   -> Lags agregados para la columna: 'Volume'
2026-04-29 12:18:07 | INFO     |   -> Conteos de valores NaN generados por las features:
2026-04-29 12:18:07 | INFO     | ✓ Features generadas. Total columnas: 37.
2026-04-29 12:18:07 | INFO     | 🏆 Modelo campeón global según backtest: PROPHET
2026-04-29 12:18:07 | INFO     | 🎯 Producción configurada para operar únicamente con el modelo campeón.
2026-04-29 12:18:07 | INFO     | 📦 Release activa de producción: 20260429_063853 (activada 2026-04-29T06:41:48)
2026-04-29 12:18:07 | INFO     | Presupuesto de riesgo: total=156.36 | abierto=54.00 | restante=102.36 | por_trade=52.12
2026-04-29 12:18:07 | INFO     | 🔎 Generando señales de producción para TODOS los modelos habilitados...

2026-04-29 12:18:07 | INFO     | ➡ Procesando modelo: PROPHET | params={'changepoint_prior_scale': 0.01, 'daily_seasonality': False, 'seasonality_mode': 'additive', 'seasonality_prior_scale': 1.0, 'use_lagged_regressors': True, 'weekly_seasonality': True, 'yearly_seasonality': False}
2026-04-29 12:18:07 | INFO     |   💾 Intentando cargar el modelo desde: C:\Users\USER\Documentos\Maestria\Mark-III\outputs\models\releases\20260429_063853\prophet_best.pkl
2026-04-29 12:18:07 | INFO     | [PROPHET] Cargando artefacto desde: C:\Users\USER\Documentos\Maestria\Mark-III\outputs\models\releases\20260429_063853\prophet_best.pkl
2026-04-29 12:18:07 | INFO     | [PROPHET] Tipo de artefacto: <class 'dict'>
2026-04-29 12:18:07 | INFO     | [PROPHET] Claves del artefacto: ['model_class', 'params', 'model', 'target_name', 'feature_names']
2026-04-29 12:18:07 | INFO     | [PROPHET] Modelo cargado desde: C:\Users\USER\Documentos\Maestria\Mark-III\outputs\models\releases\20260429_063853\prophet_best.pkl
2026-04-29 12:18:07 | INFO     | [PROPHET] Regresores restaurados: ['Open', 'High', 'Low', 'Close', 'TickVolume', 'Volume', 'Return_1', 'LogReturn_1', 'Return_5', 'ReturnFwd_5', 'LogReturn_5', 'Return_10', 'ReturnFwd_10', 'LogReturn_10', 'SMA_20', 'SMA_50', 'EMA_12', 'EMA_26', 'RSI_14', 'MACD', 'MACD_Signal', 'MACD_Hist', 'BB_Upper', 'BB_Lower', 'BB_Width', 'ATR_14', 'Close_lag1', 'Close_lag2', 'Close_lag3', 'Close_lag5', 'Close_lag10', 'Volume_lag1', 'Volume_lag2', 'Volume_lag3', 'Volume_lag5', 'Volume_lag10']
2026-04-29 12:18:07 | INFO     | [PROPHET] Predicción (yhat) para 2026-04-29 20:10:00: 0.000089
2026-04-29 12:18:07 | INFO     |   📈 Modelo PROPHET -> retorno=0.000089, pips=1.04, signal=HOLD, confidence=0.509, entry_plan=nan, SL_plan=nan, TP_plan=nan, entry_live=nan, SL_live=nan, TP_live=nan, lots=0.00, balance=5211.89, risk=0.00, open_risk=54.00, remaining_budget=102.36
2026-04-29 12:18:07 | INFO     | 
💾 Señales de producción guardadas en: outputs\production\production_signals.csv
2026-04-29 12:18:07 | INFO     | ✅ MODO PRODUCCIÓN COMPLETADO

2026-04-29 12:18:37 | INFO     | ============================================================
2026-04-29 12:18:37 | INFO     | TRADING PIPELINE INICIADO
2026-04-29 12:18:37 | INFO     | ============================================================
2026-04-29 12:18:37 | INFO     | 📁 Directorios de trabajo configurados
2026-04-29 12:18:37 | INFO     | 🚀 Ejecutando modo: SYNC_TRADES
2026-04-29 12:18:37 | INFO     | 
============================================================
2026-04-29 12:18:37 | INFO     | MODO: SYNC TRADES
2026-04-29 12:18:37 | INFO     | ============================================================

2026-04-29 12:18:37 | INFO     | 🔄 Sincronización completada. Trades cerrados registrados: 0
2026-04-29 12:18:37 | INFO     | ✅ MODO SYNC TRADES COMPLETADO

2026-04-29 12:19:37 | INFO     | ============================================================
2026-04-29 12:19:37 | INFO     | TRADING PIPELINE INICIADO
2026-04-29 12:19:37 | INFO     | ============================================================
2026-04-29 12:19:37 | INFO     | 📁 Directorios de trabajo configurados
2026-04-29 12:19:37 | INFO     | 🚀 Ejecutando modo: SYNC_TRADES
2026-04-29 12:19:37 | INFO     | 
============================================================
2026-04-29 12:19:37 | INFO     | MODO: SYNC TRADES
2026-04-29 12:19:37 | INFO     | ============================================================

2026-04-29 12:19:37 | INFO     | 🔄 Sincronización completada. Trades cerrados registrados: 0
2026-04-29 12:19:37 | INFO     | ✅ MODO SYNC TRADES COMPLETADO

2026-04-29 12:20:37 | INFO     | ============================================================
2026-04-29 12:20:37 | INFO     | TRADING PIPELINE INICIADO
2026-04-29 12:20:37 | INFO     | ============================================================
2026-04-29 12:20:37 | INFO     | 📁 Directorios de trabajo configurados
2026-04-29 12:20:37 | INFO     | 🚀 Ejecutando modo: SYNC_TRADES
2026-04-29 12:20:37 | INFO     | 
============================================================
2026-04-29 12:20:37 | INFO     | MODO: SYNC TRADES
2026-04-29 12:20:37 | INFO     | ============================================================

2026-04-29 12:20:37 | INFO     | 🔄 Sincronización completada. Trades cerrados registrados: 0
2026-04-29 12:20:37 | INFO     | ✅ MODO SYNC TRADES COMPLETADO

2026-04-29 12:21:37 | INFO     | ============================================================
2026-04-29 12:21:37 | INFO     | TRADING PIPELINE INICIADO
2026-04-29 12:21:37 | INFO     | ============================================================
2026-04-29 12:21:37 | INFO     | 📁 Directorios de trabajo configurados
2026-04-29 12:21:37 | INFO     | 🚀 Ejecutando modo: SYNC_TRADES
2026-04-29 12:21:37 | INFO     | 
============================================================
2026-04-29 12:21:37 | INFO     | MODO: SYNC TRADES
2026-04-29 12:21:37 | INFO     | ============================================================

2026-04-29 12:21:37 | INFO     | 🔄 Sincronización completada. Trades cerrados registrados: 0
2026-04-29 12:21:37 | INFO     | ✅ MODO SYNC TRADES COMPLETADO

2026-04-29 12:22:37 | INFO     | ============================================================
2026-04-29 12:22:37 | INFO     | TRADING PIPELINE INICIADO
2026-04-29 12:22:37 | INFO     | ============================================================
2026-04-29 12:22:37 | INFO     | 📁 Directorios de trabajo configurados
2026-04-29 12:22:37 | INFO     | 🚀 Ejecutando modo: SYNC_TRADES
2026-04-29 12:22:37 | INFO     | 
============================================================
2026-04-29 12:22:37 | INFO     | MODO: SYNC TRADES
2026-04-29 12:22:37 | INFO     | ============================================================

2026-04-29 12:22:37 | INFO     | 🔄 Sincronización completada. Trades cerrados registrados: 0
2026-04-29 12:22:37 | INFO     | ✅ MODO SYNC TRADES COMPLETADO

2026-04-29 12:23:07 | INFO     | ============================================================
2026-04-29 12:23:07 | INFO     | TRADING PIPELINE INICIADO
2026-04-29 12:23:07 | INFO     | ============================================================
2026-04-29 12:23:07 | INFO     | 📁 Directorios de trabajo configurados
2026-04-29 12:23:07 | INFO     | 🚀 Ejecutando modo: PRODUCTION
2026-04-29 12:23:07 | INFO     | 
============================================================
2026-04-29 12:23:07 | INFO     | MODO: PRODUCCIÓN
2026-04-29 12:23:07 | INFO     | ============================================================

2026-04-29 12:23:07 | INFO     | 📥 Cargando datos para producción...
2026-04-29 12:23:07 | INFO     | PASO 1: CARGANDO DATOS
2026-04-29 12:23:07 | INFO     | ------------------------------------------------------------
2026-04-29 12:23:07 | INFO     |   -> Símbolo 'EURUSD' cargado desde config/config.yaml
2026-04-29 12:23:07 | INFO     |   -> Timeframe 'M5' cargado desde config/config.yaml
2026-04-29 12:23:07 | INFO     | ✓ Datos cargados: 3000 filas, 6 columnas.
2026-04-29 12:23:07 | INFO     | PASO 2: LIMPIANDO DATOS
2026-04-29 12:23:07 | INFO     | ------------------------------------------------------------
2026-04-29 12:23:07 | INFO     | ✓ Datos limpios: 3000 filas restantes.
2026-04-29 12:23:07 | INFO     | PASO 3: GENERANDO FEATURES
2026-04-29 12:23:07 | INFO     | ------------------------------------------------------------
2026-04-29 12:23:07 | INFO     |   -> Retornos agregados para períodos: [1, 5, 10]
2026-04-29 12:23:07 | INFO     |   -> Indicadores técnicos agregados.
2026-04-29 12:23:07 | INFO     |   -> Lags agregados para la columna: 'Close'
2026-04-29 12:23:07 | INFO     |   -> Lags agregados para la columna: 'Volume'
2026-04-29 12:23:07 | INFO     |   -> Conteos de valores NaN generados por las features:
2026-04-29 12:23:07 | INFO     | ✓ Features generadas. Total columnas: 37.
2026-04-29 12:23:07 | INFO     | 🏆 Modelo campeón global según backtest: PROPHET
2026-04-29 12:23:07 | INFO     | 🎯 Producción configurada para operar únicamente con el modelo campeón.
2026-04-29 12:23:07 | INFO     | 📦 Release activa de producción: 20260429_063853 (activada 2026-04-29T06:41:48)
2026-04-29 12:23:07 | INFO     | Presupuesto de riesgo: total=156.36 | abierto=54.00 | restante=102.36 | por_trade=52.12
2026-04-29 12:23:07 | INFO     | 🔎 Generando señales de producción para TODOS los modelos habilitados...

2026-04-29 12:23:07 | INFO     | ➡ Procesando modelo: PROPHET | params={'changepoint_prior_scale': 0.01, 'daily_seasonality': False, 'seasonality_mode': 'additive', 'seasonality_prior_scale': 1.0, 'use_lagged_regressors': True, 'weekly_seasonality': True, 'yearly_seasonality': False}
2026-04-29 12:23:07 | INFO     |   💾 Intentando cargar el modelo desde: C:\Users\USER\Documentos\Maestria\Mark-III\outputs\models\releases\20260429_063853\prophet_best.pkl
2026-04-29 12:23:07 | INFO     | [PROPHET] Cargando artefacto desde: C:\Users\USER\Documentos\Maestria\Mark-III\outputs\models\releases\20260429_063853\prophet_best.pkl
2026-04-29 12:23:07 | INFO     | [PROPHET] Tipo de artefacto: <class 'dict'>
2026-04-29 12:23:07 | INFO     | [PROPHET] Claves del artefacto: ['model_class', 'params', 'model', 'target_name', 'feature_names']
2026-04-29 12:23:07 | INFO     | [PROPHET] Modelo cargado desde: C:\Users\USER\Documentos\Maestria\Mark-III\outputs\models\releases\20260429_063853\prophet_best.pkl
2026-04-29 12:23:07 | INFO     | [PROPHET] Regresores restaurados: ['Open', 'High', 'Low', 'Close', 'TickVolume', 'Volume', 'Return_1', 'LogReturn_1', 'Return_5', 'ReturnFwd_5', 'LogReturn_5', 'Return_10', 'ReturnFwd_10', 'LogReturn_10', 'SMA_20', 'SMA_50', 'EMA_12', 'EMA_26', 'RSI_14', 'MACD', 'MACD_Signal', 'MACD_Hist', 'BB_Upper', 'BB_Lower', 'BB_Width', 'ATR_14', 'Close_lag1', 'Close_lag2', 'Close_lag3', 'Close_lag5', 'Close_lag10', 'Volume_lag1', 'Volume_lag2', 'Volume_lag3', 'Volume_lag5', 'Volume_lag10']
2026-04-29 12:23:07 | INFO     | [PROPHET] Predicción (yhat) para 2026-04-29 20:15:00: -0.000050
2026-04-29 12:23:07 | INFO     |   📈 Modelo PROPHET -> retorno=-0.000050, pips=-0.58, signal=HOLD, confidence=0.455, entry_plan=nan, SL_plan=nan, TP_plan=nan, entry_live=nan, SL_live=nan, TP_live=nan, lots=0.00, balance=5211.89, risk=0.00, open_risk=54.00, remaining_budget=102.36
2026-04-29 12:23:07 | INFO     | 
💾 Señales de producción guardadas en: outputs\production\production_signals.csv
2026-04-29 12:23:07 | INFO     | ✅ MODO PRODUCCIÓN COMPLETADO

2026-04-29 12:23:37 | INFO     | ============================================================
2026-04-29 12:23:37 | INFO     | TRADING PIPELINE INICIADO
2026-04-29 12:23:37 | INFO     | ============================================================
2026-04-29 12:23:37 | INFO     | 📁 Directorios de trabajo configurados
2026-04-29 12:23:37 | INFO     | 🚀 Ejecutando modo: SYNC_TRADES
2026-04-29 12:23:37 | INFO     | 
============================================================
2026-04-29 12:23:37 | INFO     | MODO: SYNC TRADES
2026-04-29 12:23:37 | INFO     | ============================================================

2026-04-29 12:23:37 | INFO     | 🔄 Sincronización completada. Trades cerrados registrados: 0
2026-04-29 12:23:37 | INFO     | ✅ MODO SYNC TRADES COMPLETADO

2026-04-29 12:24:37 | INFO     | ============================================================
2026-04-29 12:24:37 | INFO     | TRADING PIPELINE INICIADO
2026-04-29 12:24:37 | INFO     | ============================================================
2026-04-29 12:24:37 | INFO     | 📁 Directorios de trabajo configurados
2026-04-29 12:24:37 | INFO     | 🚀 Ejecutando modo: SYNC_TRADES
2026-04-29 12:24:37 | INFO     | 
============================================================
2026-04-29 12:24:37 | INFO     | MODO: SYNC TRADES
2026-04-29 12:24:37 | INFO     | ============================================================

2026-04-29 12:24:37 | INFO     | 🔄 Sincronización completada. Trades cerrados registrados: 0
2026-04-29 12:24:37 | INFO     | ✅ MODO SYNC TRADES COMPLETADO

2026-04-29 12:25:37 | INFO     | ============================================================
2026-04-29 12:25:37 | INFO     | TRADING PIPELINE INICIADO
2026-04-29 12:25:37 | INFO     | ============================================================
2026-04-29 12:25:37 | INFO     | 📁 Directorios de trabajo configurados
2026-04-29 12:25:37 | INFO     | 🚀 Ejecutando modo: SYNC_TRADES
2026-04-29 12:25:37 | INFO     | 
============================================================
2026-04-29 12:25:37 | INFO     | MODO: SYNC TRADES
2026-04-29 12:25:37 | INFO     | ============================================================

2026-04-29 12:25:37 | INFO     | 🔄 Sincronización completada. Trades cerrados registrados: 0
2026-04-29 12:25:37 | INFO     | ✅ MODO SYNC TRADES COMPLETADO

2026-04-29 12:26:37 | INFO     | ============================================================
2026-04-29 12:26:37 | INFO     | TRADING PIPELINE INICIADO
2026-04-29 12:26:37 | INFO     | ============================================================
2026-04-29 12:26:37 | INFO     | 📁 Directorios de trabajo configurados
2026-04-29 12:26:37 | INFO     | 🚀 Ejecutando modo: SYNC_TRADES
2026-04-29 12:26:37 | INFO     | 
============================================================
2026-04-29 12:26:37 | INFO     | MODO: SYNC TRADES
2026-04-29 12:26:37 | INFO     | ============================================================

2026-04-29 12:26:37 | INFO     | 🔄 Sincronización completada. Trades cerrados registrados: 0
2026-04-29 12:26:37 | INFO     | ✅ MODO SYNC TRADES COMPLETADO

2026-04-29 12:27:37 | INFO     | ============================================================
2026-04-29 12:27:37 | INFO     | TRADING PIPELINE INICIADO
2026-04-29 12:27:37 | INFO     | ============================================================
2026-04-29 12:27:37 | INFO     | 📁 Directorios de trabajo configurados
2026-04-29 12:27:37 | INFO     | 🚀 Ejecutando modo: SYNC_TRADES
2026-04-29 12:27:37 | INFO     | 
============================================================
2026-04-29 12:27:37 | INFO     | MODO: SYNC TRADES
2026-04-29 12:27:37 | INFO     | ============================================================

2026-04-29 12:27:37 | INFO     | 🔄 Sincronización completada. Trades cerrados registrados: 0
2026-04-29 12:27:37 | INFO     | ✅ MODO SYNC TRADES COMPLETADO

2026-04-29 12:28:07 | INFO     | ============================================================
2026-04-29 12:28:07 | INFO     | TRADING PIPELINE INICIADO
2026-04-29 12:28:07 | INFO     | ============================================================
2026-04-29 12:28:07 | INFO     | 📁 Directorios de trabajo configurados
2026-04-29 12:28:07 | INFO     | 🚀 Ejecutando modo: PRODUCTION
2026-04-29 12:28:07 | INFO     | 
============================================================
2026-04-29 12:28:07 | INFO     | MODO: PRODUCCIÓN
2026-04-29 12:28:07 | INFO     | ============================================================

2026-04-29 12:28:07 | INFO     | 📥 Cargando datos para producción...
2026-04-29 12:28:07 | INFO     | PASO 1: CARGANDO DATOS
2026-04-29 12:28:07 | INFO     | ------------------------------------------------------------
2026-04-29 12:28:07 | INFO     |   -> Símbolo 'EURUSD' cargado desde config/config.yaml
2026-04-29 12:28:07 | INFO     |   -> Timeframe 'M5' cargado desde config/config.yaml
2026-04-29 12:28:07 | INFO     | ✓ Datos cargados: 3000 filas, 6 columnas.
2026-04-29 12:28:07 | INFO     | PASO 2: LIMPIANDO DATOS
2026-04-29 12:28:07 | INFO     | ------------------------------------------------------------
2026-04-29 12:28:07 | INFO     | ✓ Datos limpios: 3000 filas restantes.
2026-04-29 12:28:07 | INFO     | PASO 3: GENERANDO FEATURES
2026-04-29 12:28:07 | INFO     | ------------------------------------------------------------
2026-04-29 12:28:07 | INFO     |   -> Retornos agregados para períodos: [1, 5, 10]
2026-04-29 12:28:07 | INFO     |   -> Indicadores técnicos agregados.
2026-04-29 12:28:07 | INFO     |   -> Lags agregados para la columna: 'Close'
2026-04-29 12:28:07 | INFO     |   -> Lags agregados para la columna: 'Volume'
2026-04-29 12:28:07 | INFO     |   -> Conteos de valores NaN generados por las features:
2026-04-29 12:28:07 | INFO     | ✓ Features generadas. Total columnas: 37.
2026-04-29 12:28:07 | INFO     | 🏆 Modelo campeón global según backtest: PROPHET
2026-04-29 12:28:07 | INFO     | 🎯 Producción configurada para operar únicamente con el modelo campeón.
2026-04-29 12:28:07 | INFO     | 📦 Release activa de producción: 20260429_063853 (activada 2026-04-29T06:41:48)
2026-04-29 12:28:07 | INFO     | Presupuesto de riesgo: total=156.36 | abierto=54.00 | restante=102.36 | por_trade=52.12
2026-04-29 12:28:07 | INFO     | 🔎 Generando señales de producción para TODOS los modelos habilitados...

2026-04-29 12:28:07 | INFO     | ➡ Procesando modelo: PROPHET | params={'changepoint_prior_scale': 0.01, 'daily_seasonality': False, 'seasonality_mode': 'additive', 'seasonality_prior_scale': 1.0, 'use_lagged_regressors': True, 'weekly_seasonality': True, 'yearly_seasonality': False}
2026-04-29 12:28:07 | INFO     |   💾 Intentando cargar el modelo desde: C:\Users\USER\Documentos\Maestria\Mark-III\outputs\models\releases\20260429_063853\prophet_best.pkl
2026-04-29 12:28:07 | INFO     | [PROPHET] Cargando artefacto desde: C:\Users\USER\Documentos\Maestria\Mark-III\outputs\models\releases\20260429_063853\prophet_best.pkl
2026-04-29 12:28:07 | INFO     | [PROPHET] Tipo de artefacto: <class 'dict'>
2026-04-29 12:28:07 | INFO     | [PROPHET] Claves del artefacto: ['model_class', 'params', 'model', 'target_name', 'feature_names']
2026-04-29 12:28:07 | INFO     | [PROPHET] Modelo cargado desde: C:\Users\USER\Documentos\Maestria\Mark-III\outputs\models\releases\20260429_063853\prophet_best.pkl
2026-04-29 12:28:07 | INFO     | [PROPHET] Regresores restaurados: ['Open', 'High', 'Low', 'Close', 'TickVolume', 'Volume', 'Return_1', 'LogReturn_1', 'Return_5', 'ReturnFwd_5', 'LogReturn_5', 'Return_10', 'ReturnFwd_10', 'LogReturn_10', 'SMA_20', 'SMA_50', 'EMA_12', 'EMA_26', 'RSI_14', 'MACD', 'MACD_Signal', 'MACD_Hist', 'BB_Upper', 'BB_Lower', 'BB_Width', 'ATR_14', 'Close_lag1', 'Close_lag2', 'Close_lag3', 'Close_lag5', 'Close_lag10', 'Volume_lag1', 'Volume_lag2', 'Volume_lag3', 'Volume_lag5', 'Volume_lag10']
2026-04-29 12:28:07 | INFO     | [PROPHET] Predicción (yhat) para 2026-04-29 20:20:00: 0.000001
2026-04-29 12:28:07 | INFO     |   📈 Modelo PROPHET -> retorno=0.000001, pips=0.01, signal=HOLD, confidence=0.388, entry_plan=nan, SL_plan=nan, TP_plan=nan, entry_live=nan, SL_live=nan, TP_live=nan, lots=0.00, balance=5211.89, risk=0.00, open_risk=54.00, remaining_budget=102.36
2026-04-29 12:28:07 | INFO     | 
💾 Señales de producción guardadas en: outputs\production\production_signals.csv
2026-04-29 12:28:07 | INFO     | ✅ MODO PRODUCCIÓN COMPLETADO

2026-04-29 12:28:37 | INFO     | ============================================================
2026-04-29 12:28:37 | INFO     | TRADING PIPELINE INICIADO
2026-04-29 12:28:37 | INFO     | ============================================================
2026-04-29 12:28:37 | INFO     | 📁 Directorios de trabajo configurados
2026-04-29 12:28:37 | INFO     | 🚀 Ejecutando modo: SYNC_TRADES
2026-04-29 12:28:37 | INFO     | 
============================================================
2026-04-29 12:28:37 | INFO     | MODO: SYNC TRADES
2026-04-29 12:28:37 | INFO     | ============================================================

2026-04-29 12:28:37 | INFO     | 🔄 Sincronización completada. Trades cerrados registrados: 0
2026-04-29 12:28:37 | INFO     | ✅ MODO SYNC TRADES COMPLETADO

2026-04-29 12:29:37 | INFO     | ============================================================
2026-04-29 12:29:37 | INFO     | TRADING PIPELINE INICIADO
2026-04-29 12:29:37 | INFO     | ============================================================
2026-04-29 12:29:37 | INFO     | 📁 Directorios de trabajo configurados
2026-04-29 12:29:37 | INFO     | 🚀 Ejecutando modo: SYNC_TRADES
2026-04-29 12:29:37 | INFO     | 
============================================================
2026-04-29 12:29:37 | INFO     | MODO: SYNC TRADES
2026-04-29 12:29:37 | INFO     | ============================================================

2026-04-29 12:29:37 | INFO     | 🔄 Sincronización completada. Trades cerrados registrados: 0
2026-04-29 12:29:37 | INFO     | ✅ MODO SYNC TRADES COMPLETADO

2026-04-29 12:30:37 | INFO     | ============================================================
2026-04-29 12:30:37 | INFO     | TRADING PIPELINE INICIADO
2026-04-29 12:30:37 | INFO     | ============================================================
2026-04-29 12:30:37 | INFO     | 📁 Directorios de trabajo configurados
2026-04-29 12:30:37 | INFO     | 🚀 Ejecutando modo: SYNC_TRADES
2026-04-29 12:30:37 | INFO     | 
============================================================
2026-04-29 12:30:37 | INFO     | MODO: SYNC TRADES
2026-04-29 12:30:37 | INFO     | ============================================================

2026-04-29 12:30:37 | INFO     | 🔄 Sincronización completada. Trades cerrados registrados: 0
2026-04-29 12:30:37 | INFO     | ✅ MODO SYNC TRADES COMPLETADO

2026-04-29 12:31:37 | INFO     | ============================================================
2026-04-29 12:31:37 | INFO     | TRADING PIPELINE INICIADO
2026-04-29 12:31:37 | INFO     | ============================================================
2026-04-29 12:31:37 | INFO     | 📁 Directorios de trabajo configurados
2026-04-29 12:31:37 | INFO     | 🚀 Ejecutando modo: SYNC_TRADES
2026-04-29 12:31:37 | INFO     | 
============================================================
2026-04-29 12:31:37 | INFO     | MODO: SYNC TRADES
2026-04-29 12:31:37 | INFO     | ============================================================

2026-04-29 12:31:37 | INFO     | 🔄 Sincronización completada. Trades cerrados registrados: 0
2026-04-29 12:31:37 | INFO     | ✅ MODO SYNC TRADES COMPLETADO

2026-04-29 12:32:37 | INFO     | ============================================================
2026-04-29 12:32:37 | INFO     | TRADING PIPELINE INICIADO
2026-04-29 12:32:37 | INFO     | ============================================================
2026-04-29 12:32:37 | INFO     | 📁 Directorios de trabajo configurados
2026-04-29 12:32:37 | INFO     | 🚀 Ejecutando modo: SYNC_TRADES
2026-04-29 12:32:37 | INFO     | 
============================================================
2026-04-29 12:32:37 | INFO     | MODO: SYNC TRADES
2026-04-29 12:32:37 | INFO     | ============================================================

2026-04-29 12:32:37 | INFO     | 🔄 Sincronización completada. Trades cerrados registrados: 0
2026-04-29 12:32:37 | INFO     | ✅ MODO SYNC TRADES COMPLETADO

2026-04-29 12:33:07 | INFO     | ============================================================
2026-04-29 12:33:07 | INFO     | TRADING PIPELINE INICIADO
2026-04-29 12:33:07 | INFO     | ============================================================
2026-04-29 12:33:07 | INFO     | 📁 Directorios de trabajo configurados
2026-04-29 12:33:07 | INFO     | 🚀 Ejecutando modo: PRODUCTION
2026-04-29 12:33:07 | INFO     | 
============================================================
2026-04-29 12:33:07 | INFO     | MODO: PRODUCCIÓN
2026-04-29 12:33:07 | INFO     | ============================================================

2026-04-29 12:33:07 | INFO     | 📥 Cargando datos para producción...
2026-04-29 12:33:07 | INFO     | PASO 1: CARGANDO DATOS
2026-04-29 12:33:07 | INFO     | ------------------------------------------------------------
2026-04-29 12:33:07 | INFO     |   -> Símbolo 'EURUSD' cargado desde config/config.yaml
2026-04-29 12:33:07 | INFO     |   -> Timeframe 'M5' cargado desde config/config.yaml
2026-04-29 12:33:07 | INFO     | ✓ Datos cargados: 3000 filas, 6 columnas.
2026-04-29 12:33:07 | INFO     | PASO 2: LIMPIANDO DATOS
2026-04-29 12:33:07 | INFO     | ------------------------------------------------------------
2026-04-29 12:33:07 | INFO     | ✓ Datos limpios: 3000 filas restantes.
2026-04-29 12:33:07 | INFO     | PASO 3: GENERANDO FEATURES
2026-04-29 12:33:07 | INFO     | ------------------------------------------------------------
2026-04-29 12:33:07 | INFO     |   -> Retornos agregados para períodos: [1, 5, 10]
2026-04-29 12:33:07 | INFO     |   -> Indicadores técnicos agregados.
2026-04-29 12:33:07 | INFO     |   -> Lags agregados para la columna: 'Close'
2026-04-29 12:33:07 | INFO     |   -> Lags agregados para la columna: 'Volume'
2026-04-29 12:33:07 | INFO     |   -> Conteos de valores NaN generados por las features:
2026-04-29 12:33:07 | INFO     | ✓ Features generadas. Total columnas: 37.
2026-04-29 12:33:07 | INFO     | 🏆 Modelo campeón global según backtest: PROPHET
2026-04-29 12:33:07 | INFO     | 🎯 Producción configurada para operar únicamente con el modelo campeón.
2026-04-29 12:33:07 | INFO     | 📦 Release activa de producción: 20260429_063853 (activada 2026-04-29T06:41:48)
2026-04-29 12:33:07 | INFO     | Presupuesto de riesgo: total=156.36 | abierto=54.00 | restante=102.36 | por_trade=52.12
2026-04-29 12:33:07 | INFO     | 🔎 Generando señales de producción para TODOS los modelos habilitados...

2026-04-29 12:33:07 | INFO     | ➡ Procesando modelo: PROPHET | params={'changepoint_prior_scale': 0.01, 'daily_seasonality': False, 'seasonality_mode': 'additive', 'seasonality_prior_scale': 1.0, 'use_lagged_regressors': True, 'weekly_seasonality': True, 'yearly_seasonality': False}
2026-04-29 12:33:07 | INFO     |   💾 Intentando cargar el modelo desde: C:\Users\USER\Documentos\Maestria\Mark-III\outputs\models\releases\20260429_063853\prophet_best.pkl
2026-04-29 12:33:07 | INFO     | [PROPHET] Cargando artefacto desde: C:\Users\USER\Documentos\Maestria\Mark-III\outputs\models\releases\20260429_063853\prophet_best.pkl
2026-04-29 12:33:07 | INFO     | [PROPHET] Tipo de artefacto: <class 'dict'>
2026-04-29 12:33:07 | INFO     | [PROPHET] Claves del artefacto: ['model_class', 'params', 'model', 'target_name', 'feature_names']
2026-04-29 12:33:07 | INFO     | [PROPHET] Modelo cargado desde: C:\Users\USER\Documentos\Maestria\Mark-III\outputs\models\releases\20260429_063853\prophet_best.pkl
2026-04-29 12:33:07 | INFO     | [PROPHET] Regresores restaurados: ['Open', 'High', 'Low', 'Close', 'TickVolume', 'Volume', 'Return_1', 'LogReturn_1', 'Return_5', 'ReturnFwd_5', 'LogReturn_5', 'Return_10', 'ReturnFwd_10', 'LogReturn_10', 'SMA_20', 'SMA_50', 'EMA_12', 'EMA_26', 'RSI_14', 'MACD', 'MACD_Signal', 'MACD_Hist', 'BB_Upper', 'BB_Lower', 'BB_Width', 'ATR_14', 'Close_lag1', 'Close_lag2', 'Close_lag3', 'Close_lag5', 'Close_lag10', 'Volume_lag1', 'Volume_lag2', 'Volume_lag3', 'Volume_lag5', 'Volume_lag10']
2026-04-29 12:33:07 | INFO     | [PROPHET] Predicción (yhat) para 2026-04-29 20:25:00: 0.000196
2026-04-29 12:33:07 | INFO     |   📈 Modelo PROPHET -> retorno=0.000196, pips=2.29, signal=HOLD, confidence=0.656, entry_plan=nan, SL_plan=nan, TP_plan=nan, entry_live=nan, SL_live=nan, TP_live=nan, lots=0.00, balance=5211.89, risk=0.00, open_risk=54.00, remaining_budget=102.36
2026-04-29 12:33:07 | INFO     | 
💾 Señales de producción guardadas en: outputs\production\production_signals.csv
2026-04-29 12:33:07 | INFO     | ✅ MODO PRODUCCIÓN COMPLETADO

2026-04-29 12:33:37 | INFO     | ============================================================
2026-04-29 12:33:37 | INFO     | TRADING PIPELINE INICIADO
2026-04-29 12:33:37 | INFO     | ============================================================
2026-04-29 12:33:37 | INFO     | 📁 Directorios de trabajo configurados
2026-04-29 12:33:37 | INFO     | 🚀 Ejecutando modo: SYNC_TRADES
2026-04-29 12:33:37 | INFO     | 
============================================================
2026-04-29 12:33:37 | INFO     | MODO: SYNC TRADES
2026-04-29 12:33:37 | INFO     | ============================================================

2026-04-29 12:33:37 | INFO     | 🔄 Sincronización completada. Trades cerrados registrados: 0
2026-04-29 12:33:37 | INFO     | ✅ MODO SYNC TRADES COMPLETADO

2026-04-29 12:34:37 | INFO     | ============================================================
2026-04-29 12:34:37 | INFO     | TRADING PIPELINE INICIADO
2026-04-29 12:34:37 | INFO     | ============================================================
2026-04-29 12:34:37 | INFO     | 📁 Directorios de trabajo configurados
2026-04-29 12:34:37 | INFO     | 🚀 Ejecutando modo: SYNC_TRADES
2026-04-29 12:34:37 | INFO     | 
============================================================
2026-04-29 12:34:37 | INFO     | MODO: SYNC TRADES
2026-04-29 12:34:37 | INFO     | ============================================================

2026-04-29 12:34:37 | INFO     | 🔄 Sincronización completada. Trades cerrados registrados: 0
2026-04-29 12:34:37 | INFO     | ✅ MODO SYNC TRADES COMPLETADO

2026-04-29 12:35:37 | INFO     | ============================================================
2026-04-29 12:35:37 | INFO     | TRADING PIPELINE INICIADO
2026-04-29 12:35:37 | INFO     | ============================================================
2026-04-29 12:35:37 | INFO     | 📁 Directorios de trabajo configurados
2026-04-29 12:35:37 | INFO     | 🚀 Ejecutando modo: SYNC_TRADES
2026-04-29 12:35:37 | INFO     | 
============================================================
2026-04-29 12:35:37 | INFO     | MODO: SYNC TRADES
2026-04-29 12:35:37 | INFO     | ============================================================

2026-04-29 12:35:37 | INFO     | 🔄 Sincronización completada. Trades cerrados registrados: 0
2026-04-29 12:35:37 | INFO     | ✅ MODO SYNC TRADES COMPLETADO

2026-04-29 12:36:37 | INFO     | ============================================================
2026-04-29 12:36:37 | INFO     | TRADING PIPELINE INICIADO
2026-04-29 12:36:37 | INFO     | ============================================================
2026-04-29 12:36:37 | INFO     | 📁 Directorios de trabajo configurados
2026-04-29 12:36:37 | INFO     | 🚀 Ejecutando modo: SYNC_TRADES
2026-04-29 12:36:37 | INFO     | 
============================================================
2026-04-29 12:36:37 | INFO     | MODO: SYNC TRADES
2026-04-29 12:36:37 | INFO     | ============================================================

2026-04-29 12:36:37 | INFO     | 🔄 Sincronización completada. Trades cerrados registrados: 0
2026-04-29 12:36:37 | INFO     | ✅ MODO SYNC TRADES COMPLETADO

2026-04-29 12:37:37 | INFO     | ============================================================
2026-04-29 12:37:37 | INFO     | TRADING PIPELINE INICIADO
2026-04-29 12:37:37 | INFO     | ============================================================
2026-04-29 12:37:37 | INFO     | 📁 Directorios de trabajo configurados
2026-04-29 12:37:37 | INFO     | 🚀 Ejecutando modo: SYNC_TRADES
2026-04-29 12:37:37 | INFO     | 
============================================================
2026-04-29 12:37:37 | INFO     | MODO: SYNC TRADES
2026-04-29 12:37:37 | INFO     | ============================================================

2026-04-29 12:37:37 | INFO     | 🔄 Sincronización completada. Trades cerrados registrados: 0
2026-04-29 12:37:37 | INFO     | ✅ MODO SYNC TRADES COMPLETADO

2026-04-29 12:38:07 | INFO     | ============================================================
2026-04-29 12:38:07 | INFO     | TRADING PIPELINE INICIADO
2026-04-29 12:38:07 | INFO     | ============================================================
2026-04-29 12:38:07 | INFO     | 📁 Directorios de trabajo configurados
2026-04-29 12:38:07 | INFO     | 🚀 Ejecutando modo: PRODUCTION
2026-04-29 12:38:07 | INFO     | 
============================================================
2026-04-29 12:38:07 | INFO     | MODO: PRODUCCIÓN
2026-04-29 12:38:07 | INFO     | ============================================================

2026-04-29 12:38:07 | INFO     | 📥 Cargando datos para producción...
2026-04-29 12:38:07 | INFO     | PASO 1: CARGANDO DATOS
2026-04-29 12:38:07 | INFO     | ------------------------------------------------------------
2026-04-29 12:38:07 | INFO     |   -> Símbolo 'EURUSD' cargado desde config/config.yaml
2026-04-29 12:38:07 | INFO     |   -> Timeframe 'M5' cargado desde config/config.yaml
2026-04-29 12:38:07 | INFO     | ✓ Datos cargados: 3000 filas, 6 columnas.
2026-04-29 12:38:07 | INFO     | PASO 2: LIMPIANDO DATOS
2026-04-29 12:38:07 | INFO     | ------------------------------------------------------------
2026-04-29 12:38:07 | INFO     | ✓ Datos limpios: 3000 filas restantes.
2026-04-29 12:38:07 | INFO     | PASO 3: GENERANDO FEATURES
2026-04-29 12:38:07 | INFO     | ------------------------------------------------------------
2026-04-29 12:38:07 | INFO     |   -> Retornos agregados para períodos: [1, 5, 10]
2026-04-29 12:38:07 | INFO     |   -> Indicadores técnicos agregados.
2026-04-29 12:38:07 | INFO     |   -> Lags agregados para la columna: 'Close'
2026-04-29 12:38:07 | INFO     |   -> Lags agregados para la columna: 'Volume'
2026-04-29 12:38:07 | INFO     |   -> Conteos de valores NaN generados por las features:
2026-04-29 12:38:07 | INFO     | ✓ Features generadas. Total columnas: 37.
2026-04-29 12:38:07 | INFO     | 🏆 Modelo campeón global según backtest: PROPHET
2026-04-29 12:38:07 | INFO     | 🎯 Producción configurada para operar únicamente con el modelo campeón.
2026-04-29 12:38:07 | INFO     | 📦 Release activa de producción: 20260429_063853 (activada 2026-04-29T06:41:48)
2026-04-29 12:38:07 | INFO     | Presupuesto de riesgo: total=156.36 | abierto=54.00 | restante=102.36 | por_trade=52.12
2026-04-29 12:38:07 | INFO     | 🔎 Generando señales de producción para TODOS los modelos habilitados...

2026-04-29 12:38:07 | INFO     | ➡ Procesando modelo: PROPHET | params={'changepoint_prior_scale': 0.01, 'daily_seasonality': False, 'seasonality_mode': 'additive', 'seasonality_prior_scale': 1.0, 'use_lagged_regressors': True, 'weekly_seasonality': True, 'yearly_seasonality': False}
2026-04-29 12:38:07 | INFO     |   💾 Intentando cargar el modelo desde: C:\Users\USER\Documentos\Maestria\Mark-III\outputs\models\releases\20260429_063853\prophet_best.pkl
2026-04-29 12:38:07 | INFO     | [PROPHET] Cargando artefacto desde: C:\Users\USER\Documentos\Maestria\Mark-III\outputs\models\releases\20260429_063853\prophet_best.pkl
2026-04-29 12:38:07 | INFO     | [PROPHET] Tipo de artefacto: <class 'dict'>
2026-04-29 12:38:07 | INFO     | [PROPHET] Claves del artefacto: ['model_class', 'params', 'model', 'target_name', 'feature_names']
2026-04-29 12:38:07 | INFO     | [PROPHET] Modelo cargado desde: C:\Users\USER\Documentos\Maestria\Mark-III\outputs\models\releases\20260429_063853\prophet_best.pkl
2026-04-29 12:38:07 | INFO     | [PROPHET] Regresores restaurados: ['Open', 'High', 'Low', 'Close', 'TickVolume', 'Volume', 'Return_1', 'LogReturn_1', 'Return_5', 'ReturnFwd_5', 'LogReturn_5', 'Return_10', 'ReturnFwd_10', 'LogReturn_10', 'SMA_20', 'SMA_50', 'EMA_12', 'EMA_26', 'RSI_14', 'MACD', 'MACD_Signal', 'MACD_Hist', 'BB_Upper', 'BB_Lower', 'BB_Width', 'ATR_14', 'Close_lag1', 'Close_lag2', 'Close_lag3', 'Close_lag5', 'Close_lag10', 'Volume_lag1', 'Volume_lag2', 'Volume_lag3', 'Volume_lag5', 'Volume_lag10']
2026-04-29 12:38:07 | INFO     | [PROPHET] Predicción (yhat) para 2026-04-29 20:30:00: -0.000156
2026-04-29 12:38:07 | INFO     |   📈 Modelo PROPHET -> retorno=-0.000156, pips=-1.82, signal=HOLD, confidence=0.601, entry_plan=nan, SL_plan=nan, TP_plan=nan, entry_live=nan, SL_live=nan, TP_live=nan, lots=0.00, balance=5211.89, risk=0.00, open_risk=54.00, remaining_budget=102.36
2026-04-29 12:38:07 | INFO     | 
💾 Señales de producción guardadas en: outputs\production\production_signals.csv
2026-04-29 12:38:07 | INFO     | ✅ MODO PRODUCCIÓN COMPLETADO

2026-04-29 12:38:37 | INFO     | ============================================================
2026-04-29 12:38:37 | INFO     | TRADING PIPELINE INICIADO
2026-04-29 12:38:37 | INFO     | ============================================================
2026-04-29 12:38:37 | INFO     | 📁 Directorios de trabajo configurados
2026-04-29 12:38:37 | INFO     | 🚀 Ejecutando modo: SYNC_TRADES
2026-04-29 12:38:37 | INFO     | 
============================================================
2026-04-29 12:38:37 | INFO     | MODO: SYNC TRADES
2026-04-29 12:38:37 | INFO     | ============================================================

2026-04-29 12:38:37 | INFO     | 🔄 Sincronización completada. Trades cerrados registrados: 0
2026-04-29 12:38:37 | INFO     | ✅ MODO SYNC TRADES COMPLETADO

2026-04-29 12:39:37 | INFO     | ============================================================
2026-04-29 12:39:37 | INFO     | TRADING PIPELINE INICIADO
2026-04-29 12:39:37 | INFO     | ============================================================
2026-04-29 12:39:37 | INFO     | 📁 Directorios de trabajo configurados
2026-04-29 12:39:37 | INFO     | 🚀 Ejecutando modo: SYNC_TRADES
2026-04-29 12:39:37 | INFO     | 
============================================================
2026-04-29 12:39:37 | INFO     | MODO: SYNC TRADES
2026-04-29 12:39:37 | INFO     | ============================================================

2026-04-29 12:39:37 | INFO     | 🔄 Sincronización completada. Trades cerrados registrados: 0
2026-04-29 12:39:37 | INFO     | ✅ MODO SYNC TRADES COMPLETADO

2026-04-29 12:40:37 | INFO     | ============================================================
2026-04-29 12:40:37 | INFO     | TRADING PIPELINE INICIADO
2026-04-29 12:40:37 | INFO     | ============================================================
2026-04-29 12:40:37 | INFO     | 📁 Directorios de trabajo configurados
2026-04-29 12:40:37 | INFO     | 🚀 Ejecutando modo: SYNC_TRADES
2026-04-29 12:40:37 | INFO     | 
============================================================
2026-04-29 12:40:37 | INFO     | MODO: SYNC TRADES
2026-04-29 12:40:37 | INFO     | ============================================================

2026-04-29 12:40:37 | INFO     | 🔄 Sincronización completada. Trades cerrados registrados: 0
2026-04-29 12:40:37 | INFO     | ✅ MODO SYNC TRADES COMPLETADO

2026-04-29 12:41:37 | INFO     | ============================================================
2026-04-29 12:41:37 | INFO     | TRADING PIPELINE INICIADO
2026-04-29 12:41:37 | INFO     | ============================================================
2026-04-29 12:41:37 | INFO     | 📁 Directorios de trabajo configurados
2026-04-29 12:41:37 | INFO     | 🚀 Ejecutando modo: SYNC_TRADES
2026-04-29 12:41:37 | INFO     | 
============================================================
2026-04-29 12:41:37 | INFO     | MODO: SYNC TRADES
2026-04-29 12:41:37 | INFO     | ============================================================

2026-04-29 12:41:37 | INFO     | 🔄 Sincronización completada. Trades cerrados registrados: 0
2026-04-29 12:41:37 | INFO     | ✅ MODO SYNC TRADES COMPLETADO

2026-04-29 12:42:37 | INFO     | ============================================================
2026-04-29 12:42:37 | INFO     | TRADING PIPELINE INICIADO
2026-04-29 12:42:37 | INFO     | ============================================================
2026-04-29 12:42:37 | INFO     | 📁 Directorios de trabajo configurados
2026-04-29 12:42:37 | INFO     | 🚀 Ejecutando modo: SYNC_TRADES
2026-04-29 12:42:37 | INFO     | 
============================================================
2026-04-29 12:42:37 | INFO     | MODO: SYNC TRADES
2026-04-29 12:42:37 | INFO     | ============================================================

2026-04-29 12:42:37 | INFO     | 🔄 Sincronización completada. Trades cerrados registrados: 0
2026-04-29 12:42:37 | INFO     | ✅ MODO SYNC TRADES COMPLETADO

2026-04-29 12:43:07 | INFO     | ============================================================
2026-04-29 12:43:07 | INFO     | TRADING PIPELINE INICIADO
2026-04-29 12:43:07 | INFO     | ============================================================
2026-04-29 12:43:07 | INFO     | 📁 Directorios de trabajo configurados
2026-04-29 12:43:07 | INFO     | 🚀 Ejecutando modo: PRODUCTION
2026-04-29 12:43:07 | INFO     | 
============================================================
2026-04-29 12:43:07 | INFO     | MODO: PRODUCCIÓN
2026-04-29 12:43:07 | INFO     | ============================================================

2026-04-29 12:43:07 | INFO     | 📥 Cargando datos para producción...
2026-04-29 12:43:07 | INFO     | PASO 1: CARGANDO DATOS
2026-04-29 12:43:07 | INFO     | ------------------------------------------------------------
2026-04-29 12:43:07 | INFO     |   -> Símbolo 'EURUSD' cargado desde config/config.yaml
2026-04-29 12:43:07 | INFO     |   -> Timeframe 'M5' cargado desde config/config.yaml
2026-04-29 12:43:07 | INFO     | ✓ Datos cargados: 3000 filas, 6 columnas.
2026-04-29 12:43:07 | INFO     | PASO 2: LIMPIANDO DATOS
2026-04-29 12:43:07 | INFO     | ------------------------------------------------------------
2026-04-29 12:43:07 | INFO     | ✓ Datos limpios: 3000 filas restantes.
2026-04-29 12:43:07 | INFO     | PASO 3: GENERANDO FEATURES
2026-04-29 12:43:07 | INFO     | ------------------------------------------------------------
2026-04-29 12:43:07 | INFO     |   -> Retornos agregados para períodos: [1, 5, 10]
2026-04-29 12:43:07 | INFO     |   -> Indicadores técnicos agregados.
2026-04-29 12:43:07 | INFO     |   -> Lags agregados para la columna: 'Close'
2026-04-29 12:43:07 | INFO     |   -> Lags agregados para la columna: 'Volume'
2026-04-29 12:43:07 | INFO     |   -> Conteos de valores NaN generados por las features:
2026-04-29 12:43:07 | INFO     | ✓ Features generadas. Total columnas: 37.
2026-04-29 12:43:07 | INFO     | 🏆 Modelo campeón global según backtest: PROPHET
2026-04-29 12:43:07 | INFO     | 🎯 Producción configurada para operar únicamente con el modelo campeón.
2026-04-29 12:43:07 | INFO     | 📦 Release activa de producción: 20260429_063853 (activada 2026-04-29T06:41:48)
2026-04-29 12:43:07 | INFO     | Presupuesto de riesgo: total=156.36 | abierto=54.00 | restante=102.36 | por_trade=52.12
2026-04-29 12:43:07 | INFO     | 🔎 Generando señales de producción para TODOS los modelos habilitados...

2026-04-29 12:43:07 | INFO     | ➡ Procesando modelo: PROPHET | params={'changepoint_prior_scale': 0.01, 'daily_seasonality': False, 'seasonality_mode': 'additive', 'seasonality_prior_scale': 1.0, 'use_lagged_regressors': True, 'weekly_seasonality': True, 'yearly_seasonality': False}
2026-04-29 12:43:07 | INFO     |   💾 Intentando cargar el modelo desde: C:\Users\USER\Documentos\Maestria\Mark-III\outputs\models\releases\20260429_063853\prophet_best.pkl
2026-04-29 12:43:07 | INFO     | [PROPHET] Cargando artefacto desde: C:\Users\USER\Documentos\Maestria\Mark-III\outputs\models\releases\20260429_063853\prophet_best.pkl
2026-04-29 12:43:07 | INFO     | [PROPHET] Tipo de artefacto: <class 'dict'>
2026-04-29 12:43:07 | INFO     | [PROPHET] Claves del artefacto: ['model_class', 'params', 'model', 'target_name', 'feature_names']
2026-04-29 12:43:07 | INFO     | [PROPHET] Modelo cargado desde: C:\Users\USER\Documentos\Maestria\Mark-III\outputs\models\releases\20260429_063853\prophet_best.pkl
2026-04-29 12:43:07 | INFO     | [PROPHET] Regresores restaurados: ['Open', 'High', 'Low', 'Close', 'TickVolume', 'Volume', 'Return_1', 'LogReturn_1', 'Return_5', 'ReturnFwd_5', 'LogReturn_5', 'Return_10', 'ReturnFwd_10', 'LogReturn_10', 'SMA_20', 'SMA_50', 'EMA_12', 'EMA_26', 'RSI_14', 'MACD', 'MACD_Signal', 'MACD_Hist', 'BB_Upper', 'BB_Lower', 'BB_Width', 'ATR_14', 'Close_lag1', 'Close_lag2', 'Close_lag3', 'Close_lag5', 'Close_lag10', 'Volume_lag1', 'Volume_lag2', 'Volume_lag3', 'Volume_lag5', 'Volume_lag10']
2026-04-29 12:43:07 | INFO     | [PROPHET] Predicción (yhat) para 2026-04-29 20:35:00: 0.000024
2026-04-29 12:43:07 | INFO     |   📈 Modelo PROPHET -> retorno=0.000024, pips=0.28, signal=HOLD, confidence=0.420, entry_plan=nan, SL_plan=nan, TP_plan=nan, entry_live=nan, SL_live=nan, TP_live=nan, lots=0.00, balance=5211.89, risk=0.00, open_risk=54.00, remaining_budget=102.36
2026-04-29 12:43:07 | INFO     | 
💾 Señales de producción guardadas en: outputs\production\production_signals.csv
2026-04-29 12:43:07 | INFO     | ✅ MODO PRODUCCIÓN COMPLETADO

2026-04-29 12:43:37 | INFO     | ============================================================
2026-04-29 12:43:37 | INFO     | TRADING PIPELINE INICIADO
2026-04-29 12:43:37 | INFO     | ============================================================
2026-04-29 12:43:37 | INFO     | 📁 Directorios de trabajo configurados
2026-04-29 12:43:37 | INFO     | 🚀 Ejecutando modo: SYNC_TRADES
2026-04-29 12:43:37 | INFO     | 
============================================================
2026-04-29 12:43:37 | INFO     | MODO: SYNC TRADES
2026-04-29 12:43:37 | INFO     | ============================================================

2026-04-29 12:43:37 | INFO     | 🔄 Sincronización completada. Trades cerrados registrados: 0
2026-04-29 12:43:37 | INFO     | ✅ MODO SYNC TRADES COMPLETADO

2026-04-29 12:44:37 | INFO     | ============================================================
2026-04-29 12:44:37 | INFO     | TRADING PIPELINE INICIADO
2026-04-29 12:44:37 | INFO     | ============================================================
2026-04-29 12:44:37 | INFO     | 📁 Directorios de trabajo configurados
2026-04-29 12:44:37 | INFO     | 🚀 Ejecutando modo: SYNC_TRADES
2026-04-29 12:44:37 | INFO     | 
============================================================
2026-04-29 12:44:37 | INFO     | MODO: SYNC TRADES
2026-04-29 12:44:37 | INFO     | ============================================================

2026-04-29 12:44:37 | INFO     | 🔄 Sincronización completada. Trades cerrados registrados: 0
2026-04-29 12:44:37 | INFO     | ✅ MODO SYNC TRADES COMPLETADO

2026-04-29 12:45:37 | INFO     | ============================================================
2026-04-29 12:45:37 | INFO     | TRADING PIPELINE INICIADO
2026-04-29 12:45:37 | INFO     | ============================================================
2026-04-29 12:45:37 | INFO     | 📁 Directorios de trabajo configurados
2026-04-29 12:45:37 | INFO     | 🚀 Ejecutando modo: SYNC_TRADES
2026-04-29 12:45:37 | INFO     | 
============================================================
2026-04-29 12:45:37 | INFO     | MODO: SYNC TRADES
2026-04-29 12:45:37 | INFO     | ============================================================

2026-04-29 12:45:37 | INFO     | 🔄 Sincronización completada. Trades cerrados registrados: 0
2026-04-29 12:45:37 | INFO     | ✅ MODO SYNC TRADES COMPLETADO

2026-04-29 12:46:37 | INFO     | ============================================================
2026-04-29 12:46:37 | INFO     | TRADING PIPELINE INICIADO
2026-04-29 12:46:37 | INFO     | ============================================================
2026-04-29 12:46:37 | INFO     | 📁 Directorios de trabajo configurados
2026-04-29 12:46:37 | INFO     | 🚀 Ejecutando modo: SYNC_TRADES
2026-04-29 12:46:37 | INFO     | 
============================================================
2026-04-29 12:46:37 | INFO     | MODO: SYNC TRADES
2026-04-29 12:46:37 | INFO     | ============================================================

2026-04-29 12:46:37 | INFO     | 🔄 Sincronización completada. Trades cerrados registrados: 0
2026-04-29 12:46:37 | INFO     | ✅ MODO SYNC TRADES COMPLETADO

2026-04-29 12:47:37 | INFO     | ============================================================
2026-04-29 12:47:37 | INFO     | TRADING PIPELINE INICIADO
2026-04-29 12:47:37 | INFO     | ============================================================
2026-04-29 12:47:37 | INFO     | 📁 Directorios de trabajo configurados
2026-04-29 12:47:37 | INFO     | 🚀 Ejecutando modo: SYNC_TRADES
2026-04-29 12:47:37 | INFO     | 
============================================================
2026-04-29 12:47:37 | INFO     | MODO: SYNC TRADES
2026-04-29 12:47:37 | INFO     | ============================================================

2026-04-29 12:47:37 | INFO     | 🔄 Sincronización completada. Trades cerrados registrados: 0
2026-04-29 12:47:37 | INFO     | ✅ MODO SYNC TRADES COMPLETADO

2026-04-29 12:48:07 | INFO     | ============================================================
2026-04-29 12:48:07 | INFO     | TRADING PIPELINE INICIADO
2026-04-29 12:48:07 | INFO     | ============================================================
2026-04-29 12:48:07 | INFO     | 📁 Directorios de trabajo configurados
2026-04-29 12:48:07 | INFO     | 🚀 Ejecutando modo: PRODUCTION
2026-04-29 12:48:07 | INFO     | 
============================================================
2026-04-29 12:48:07 | INFO     | MODO: PRODUCCIÓN
2026-04-29 12:48:07 | INFO     | ============================================================

2026-04-29 12:48:07 | INFO     | 📥 Cargando datos para producción...
2026-04-29 12:48:07 | INFO     | PASO 1: CARGANDO DATOS
2026-04-29 12:48:07 | INFO     | ------------------------------------------------------------
2026-04-29 12:48:07 | INFO     |   -> Símbolo 'EURUSD' cargado desde config/config.yaml
2026-04-29 12:48:07 | INFO     |   -> Timeframe 'M5' cargado desde config/config.yaml
2026-04-29 12:48:07 | INFO     | ✓ Datos cargados: 3000 filas, 6 columnas.
2026-04-29 12:48:07 | INFO     | PASO 2: LIMPIANDO DATOS
2026-04-29 12:48:07 | INFO     | ------------------------------------------------------------
2026-04-29 12:48:07 | INFO     | ✓ Datos limpios: 3000 filas restantes.
2026-04-29 12:48:07 | INFO     | PASO 3: GENERANDO FEATURES
2026-04-29 12:48:07 | INFO     | ------------------------------------------------------------
2026-04-29 12:48:07 | INFO     |   -> Retornos agregados para períodos: [1, 5, 10]
2026-04-29 12:48:07 | INFO     |   -> Indicadores técnicos agregados.
2026-04-29 12:48:07 | INFO     |   -> Lags agregados para la columna: 'Close'
2026-04-29 12:48:07 | INFO     |   -> Lags agregados para la columna: 'Volume'
2026-04-29 12:48:07 | INFO     |   -> Conteos de valores NaN generados por las features:
2026-04-29 12:48:07 | INFO     | ✓ Features generadas. Total columnas: 37.
2026-04-29 12:48:07 | INFO     | 🏆 Modelo campeón global según backtest: PROPHET
2026-04-29 12:48:07 | INFO     | 🎯 Producción configurada para operar únicamente con el modelo campeón.
2026-04-29 12:48:07 | INFO     | 📦 Release activa de producción: 20260429_063853 (activada 2026-04-29T06:41:48)
2026-04-29 12:48:07 | INFO     | Presupuesto de riesgo: total=156.36 | abierto=54.00 | restante=102.36 | por_trade=52.12
2026-04-29 12:48:07 | INFO     | 🔎 Generando señales de producción para TODOS los modelos habilitados...

2026-04-29 12:48:07 | INFO     | ➡ Procesando modelo: PROPHET | params={'changepoint_prior_scale': 0.01, 'daily_seasonality': False, 'seasonality_mode': 'additive', 'seasonality_prior_scale': 1.0, 'use_lagged_regressors': True, 'weekly_seasonality': True, 'yearly_seasonality': False}
2026-04-29 12:48:07 | INFO     |   💾 Intentando cargar el modelo desde: C:\Users\USER\Documentos\Maestria\Mark-III\outputs\models\releases\20260429_063853\prophet_best.pkl
2026-04-29 12:48:07 | INFO     | [PROPHET] Cargando artefacto desde: C:\Users\USER\Documentos\Maestria\Mark-III\outputs\models\releases\20260429_063853\prophet_best.pkl
2026-04-29 12:48:07 | INFO     | [PROPHET] Tipo de artefacto: <class 'dict'>
2026-04-29 12:48:07 | INFO     | [PROPHET] Claves del artefacto: ['model_class', 'params', 'model', 'target_name', 'feature_names']
2026-04-29 12:48:07 | INFO     | [PROPHET] Modelo cargado desde: C:\Users\USER\Documentos\Maestria\Mark-III\outputs\models\releases\20260429_063853\prophet_best.pkl
2026-04-29 12:48:07 | INFO     | [PROPHET] Regresores restaurados: ['Open', 'High', 'Low', 'Close', 'TickVolume', 'Volume', 'Return_1', 'LogReturn_1', 'Return_5', 'ReturnFwd_5', 'LogReturn_5', 'Return_10', 'ReturnFwd_10', 'LogReturn_10', 'SMA_20', 'SMA_50', 'EMA_12', 'EMA_26', 'RSI_14', 'MACD', 'MACD_Signal', 'MACD_Hist', 'BB_Upper', 'BB_Lower', 'BB_Width', 'ATR_14', 'Close_lag1', 'Close_lag2', 'Close_lag3', 'Close_lag5', 'Close_lag10', 'Volume_lag1', 'Volume_lag2', 'Volume_lag3', 'Volume_lag5', 'Volume_lag10']
2026-04-29 12:48:07 | INFO     | [PROPHET] Predicción (yhat) para 2026-04-29 20:40:00: 0.000032
2026-04-29 12:48:07 | INFO     |   📈 Modelo PROPHET -> retorno=0.000032, pips=0.37, signal=HOLD, confidence=0.431, entry_plan=nan, SL_plan=nan, TP_plan=nan, entry_live=nan, SL_live=nan, TP_live=nan, lots=0.00, balance=5211.89, risk=0.00, open_risk=54.00, remaining_budget=102.36
2026-04-29 12:48:07 | INFO     | 
💾 Señales de producción guardadas en: outputs\production\production_signals.csv
2026-04-29 12:48:07 | INFO     | ✅ MODO PRODUCCIÓN COMPLETADO

2026-04-29 12:48:37 | INFO     | ============================================================
2026-04-29 12:48:37 | INFO     | TRADING PIPELINE INICIADO
2026-04-29 12:48:37 | INFO     | ============================================================
2026-04-29 12:48:37 | INFO     | 📁 Directorios de trabajo configurados
2026-04-29 12:48:37 | INFO     | 🚀 Ejecutando modo: SYNC_TRADES
2026-04-29 12:48:37 | INFO     | 
============================================================
2026-04-29 12:48:37 | INFO     | MODO: SYNC TRADES
2026-04-29 12:48:37 | INFO     | ============================================================

2026-04-29 12:48:37 | INFO     | 🔄 Sincronización completada. Trades cerrados registrados: 0
2026-04-29 12:48:37 | INFO     | ✅ MODO SYNC TRADES COMPLETADO

2026-04-29 12:49:37 | INFO     | ============================================================
2026-04-29 12:49:37 | INFO     | TRADING PIPELINE INICIADO
2026-04-29 12:49:37 | INFO     | ============================================================
2026-04-29 12:49:37 | INFO     | 📁 Directorios de trabajo configurados
2026-04-29 12:49:37 | INFO     | 🚀 Ejecutando modo: SYNC_TRADES
2026-04-29 12:49:37 | INFO     | 
============================================================
2026-04-29 12:49:37 | INFO     | MODO: SYNC TRADES
2026-04-29 12:49:37 | INFO     | ============================================================

2026-04-29 12:49:37 | INFO     | 🔄 Sincronización completada. Trades cerrados registrados: 0
2026-04-29 12:49:37 | INFO     | ✅ MODO SYNC TRADES COMPLETADO

2026-04-29 12:50:37 | INFO     | ============================================================
2026-04-29 12:50:37 | INFO     | TRADING PIPELINE INICIADO
2026-04-29 12:50:37 | INFO     | ============================================================
2026-04-29 12:50:37 | INFO     | 📁 Directorios de trabajo configurados
2026-04-29 12:50:37 | INFO     | 🚀 Ejecutando modo: SYNC_TRADES
2026-04-29 12:50:37 | INFO     | 
============================================================
2026-04-29 12:50:37 | INFO     | MODO: SYNC TRADES
2026-04-29 12:50:37 | INFO     | ============================================================

2026-04-29 12:50:37 | INFO     | 🔄 Sincronización completada. Trades cerrados registrados: 0
2026-04-29 12:50:37 | INFO     | ✅ MODO SYNC TRADES COMPLETADO

2026-04-29 12:51:37 | INFO     | ============================================================
2026-04-29 12:51:37 | INFO     | TRADING PIPELINE INICIADO
2026-04-29 12:51:37 | INFO     | ============================================================
2026-04-29 12:51:37 | INFO     | 📁 Directorios de trabajo configurados
2026-04-29 12:51:37 | INFO     | 🚀 Ejecutando modo: SYNC_TRADES
2026-04-29 12:51:37 | INFO     | 
============================================================
2026-04-29 12:51:37 | INFO     | MODO: SYNC TRADES
2026-04-29 12:51:37 | INFO     | ============================================================

2026-04-29 12:51:37 | INFO     | 🔄 Sincronización completada. Trades cerrados registrados: 0
2026-04-29 12:51:37 | INFO     | ✅ MODO SYNC TRADES COMPLETADO

2026-04-29 12:52:37 | INFO     | ============================================================
2026-04-29 12:52:37 | INFO     | TRADING PIPELINE INICIADO
2026-04-29 12:52:37 | INFO     | ============================================================
2026-04-29 12:52:37 | INFO     | 📁 Directorios de trabajo configurados
2026-04-29 12:52:37 | INFO     | 🚀 Ejecutando modo: SYNC_TRADES
2026-04-29 12:52:37 | INFO     | 
============================================================
2026-04-29 12:52:37 | INFO     | MODO: SYNC TRADES
2026-04-29 12:52:37 | INFO     | ============================================================

2026-04-29 12:52:37 | INFO     | 🔄 Sincronización completada. Trades cerrados registrados: 0
2026-04-29 12:52:37 | INFO     | ✅ MODO SYNC TRADES COMPLETADO

2026-04-29 12:53:07 | INFO     | ============================================================
2026-04-29 12:53:07 | INFO     | TRADING PIPELINE INICIADO
2026-04-29 12:53:07 | INFO     | ============================================================
2026-04-29 12:53:07 | INFO     | 📁 Directorios de trabajo configurados
2026-04-29 12:53:07 | INFO     | 🚀 Ejecutando modo: PRODUCTION
2026-04-29 12:53:07 | INFO     | 
============================================================
2026-04-29 12:53:07 | INFO     | MODO: PRODUCCIÓN
2026-04-29 12:53:07 | INFO     | ============================================================

2026-04-29 12:53:07 | INFO     | 📥 Cargando datos para producción...
2026-04-29 12:53:07 | INFO     | PASO 1: CARGANDO DATOS
2026-04-29 12:53:07 | INFO     | ------------------------------------------------------------
2026-04-29 12:53:07 | INFO     |   -> Símbolo 'EURUSD' cargado desde config/config.yaml
2026-04-29 12:53:07 | INFO     |   -> Timeframe 'M5' cargado desde config/config.yaml
2026-04-29 12:53:07 | INFO     | ✓ Datos cargados: 3000 filas, 6 columnas.
2026-04-29 12:53:07 | INFO     | PASO 2: LIMPIANDO DATOS
2026-04-29 12:53:07 | INFO     | ------------------------------------------------------------
2026-04-29 12:53:07 | INFO     | ✓ Datos limpios: 3000 filas restantes.
2026-04-29 12:53:07 | INFO     | PASO 3: GENERANDO FEATURES
2026-04-29 12:53:07 | INFO     | ------------------------------------------------------------
2026-04-29 12:53:07 | INFO     |   -> Retornos agregados para períodos: [1, 5, 10]
2026-04-29 12:53:07 | INFO     |   -> Indicadores técnicos agregados.
2026-04-29 12:53:07 | INFO     |   -> Lags agregados para la columna: 'Close'
2026-04-29 12:53:07 | INFO     |   -> Lags agregados para la columna: 'Volume'
2026-04-29 12:53:07 | INFO     |   -> Conteos de valores NaN generados por las features:
2026-04-29 12:53:07 | INFO     | ✓ Features generadas. Total columnas: 37.
2026-04-29 12:53:07 | INFO     | 🏆 Modelo campeón global según backtest: PROPHET
2026-04-29 12:53:07 | INFO     | 🎯 Producción configurada para operar únicamente con el modelo campeón.
2026-04-29 12:53:07 | INFO     | 📦 Release activa de producción: 20260429_063853 (activada 2026-04-29T06:41:48)
2026-04-29 12:53:07 | INFO     | Presupuesto de riesgo: total=156.36 | abierto=54.00 | restante=102.36 | por_trade=52.12
2026-04-29 12:53:07 | INFO     | 🔎 Generando señales de producción para TODOS los modelos habilitados...

2026-04-29 12:53:07 | INFO     | ➡ Procesando modelo: PROPHET | params={'changepoint_prior_scale': 0.01, 'daily_seasonality': False, 'seasonality_mode': 'additive', 'seasonality_prior_scale': 1.0, 'use_lagged_regressors': True, 'weekly_seasonality': True, 'yearly_seasonality': False}
2026-04-29 12:53:07 | INFO     |   💾 Intentando cargar el modelo desde: C:\Users\USER\Documentos\Maestria\Mark-III\outputs\models\releases\20260429_063853\prophet_best.pkl
2026-04-29 12:53:07 | INFO     | [PROPHET] Cargando artefacto desde: C:\Users\USER\Documentos\Maestria\Mark-III\outputs\models\releases\20260429_063853\prophet_best.pkl
2026-04-29 12:53:07 | INFO     | [PROPHET] Tipo de artefacto: <class 'dict'>
2026-04-29 12:53:07 | INFO     | [PROPHET] Claves del artefacto: ['model_class', 'params', 'model', 'target_name', 'feature_names']
2026-04-29 12:53:07 | INFO     | [PROPHET] Modelo cargado desde: C:\Users\USER\Documentos\Maestria\Mark-III\outputs\models\releases\20260429_063853\prophet_best.pkl
2026-04-29 12:53:07 | INFO     | [PROPHET] Regresores restaurados: ['Open', 'High', 'Low', 'Close', 'TickVolume', 'Volume', 'Return_1', 'LogReturn_1', 'Return_5', 'ReturnFwd_5', 'LogReturn_5', 'Return_10', 'ReturnFwd_10', 'LogReturn_10', 'SMA_20', 'SMA_50', 'EMA_12', 'EMA_26', 'RSI_14', 'MACD', 'MACD_Signal', 'MACD_Hist', 'BB_Upper', 'BB_Lower', 'BB_Width', 'ATR_14', 'Close_lag1', 'Close_lag2', 'Close_lag3', 'Close_lag5', 'Close_lag10', 'Volume_lag1', 'Volume_lag2', 'Volume_lag3', 'Volume_lag5', 'Volume_lag10']
2026-04-29 12:53:07 | INFO     | [PROPHET] Predicción (yhat) para 2026-04-29 20:45:00: 0.000050
2026-04-29 12:53:07 | INFO     |   📈 Modelo PROPHET -> retorno=0.000050, pips=0.58, signal=HOLD, confidence=0.455, entry_plan=nan, SL_plan=nan, TP_plan=nan, entry_live=nan, SL_live=nan, TP_live=nan, lots=0.00, balance=5211.89, risk=0.00, open_risk=54.00, remaining_budget=102.36
2026-04-29 12:53:07 | INFO     | 
💾 Señales de producción guardadas en: outputs\production\production_signals.csv
2026-04-29 12:53:07 | INFO     | ✅ MODO PRODUCCIÓN COMPLETADO

2026-04-29 12:53:37 | INFO     | ============================================================
2026-04-29 12:53:37 | INFO     | TRADING PIPELINE INICIADO
2026-04-29 12:53:37 | INFO     | ============================================================
2026-04-29 12:53:37 | INFO     | 📁 Directorios de trabajo configurados
2026-04-29 12:53:37 | INFO     | 🚀 Ejecutando modo: SYNC_TRADES
2026-04-29 12:53:37 | INFO     | 
============================================================
2026-04-29 12:53:37 | INFO     | MODO: SYNC TRADES
2026-04-29 12:53:37 | INFO     | ============================================================

2026-04-29 12:53:37 | INFO     | 🔄 Sincronización completada. Trades cerrados registrados: 0
2026-04-29 12:53:37 | INFO     | ✅ MODO SYNC TRADES COMPLETADO

2026-04-29 12:54:37 | INFO     | ============================================================
2026-04-29 12:54:37 | INFO     | TRADING PIPELINE INICIADO
2026-04-29 12:54:37 | INFO     | ============================================================
2026-04-29 12:54:37 | INFO     | 📁 Directorios de trabajo configurados
2026-04-29 12:54:37 | INFO     | 🚀 Ejecutando modo: SYNC_TRADES
2026-04-29 12:54:37 | INFO     | 
============================================================
2026-04-29 12:54:37 | INFO     | MODO: SYNC TRADES
2026-04-29 12:54:37 | INFO     | ============================================================

2026-04-29 12:54:37 | INFO     | 🔄 Sincronización completada. Trades cerrados registrados: 0
2026-04-29 12:54:37 | INFO     | ✅ MODO SYNC TRADES COMPLETADO

2026-04-29 12:55:37 | INFO     | ============================================================
2026-04-29 12:55:37 | INFO     | TRADING PIPELINE INICIADO
2026-04-29 12:55:37 | INFO     | ============================================================
2026-04-29 12:55:37 | INFO     | 📁 Directorios de trabajo configurados
2026-04-29 12:55:37 | INFO     | 🚀 Ejecutando modo: SYNC_TRADES
2026-04-29 12:55:37 | INFO     | 
============================================================
2026-04-29 12:55:37 | INFO     | MODO: SYNC TRADES
2026-04-29 12:55:37 | INFO     | ============================================================

2026-04-29 12:55:37 | INFO     | 🔄 Sincronización completada. Trades cerrados registrados: 0
2026-04-29 12:55:37 | INFO     | ✅ MODO SYNC TRADES COMPLETADO

2026-04-29 12:56:37 | INFO     | ============================================================
2026-04-29 12:56:37 | INFO     | TRADING PIPELINE INICIADO
2026-04-29 12:56:37 | INFO     | ============================================================
2026-04-29 12:56:37 | INFO     | 📁 Directorios de trabajo configurados
2026-04-29 12:56:37 | INFO     | 🚀 Ejecutando modo: SYNC_TRADES
2026-04-29 12:56:37 | INFO     | 
============================================================
2026-04-29 12:56:37 | INFO     | MODO: SYNC TRADES
2026-04-29 12:56:37 | INFO     | ============================================================

2026-04-29 12:56:37 | INFO     | 🔄 Sincronización completada. Trades cerrados registrados: 0
2026-04-29 12:56:37 | INFO     | ✅ MODO SYNC TRADES COMPLETADO

2026-04-29 12:57:37 | INFO     | ============================================================
2026-04-29 12:57:37 | INFO     | TRADING PIPELINE INICIADO
2026-04-29 12:57:37 | INFO     | ============================================================
2026-04-29 12:57:37 | INFO     | 📁 Directorios de trabajo configurados
2026-04-29 12:57:37 | INFO     | 🚀 Ejecutando modo: SYNC_TRADES
2026-04-29 12:57:37 | INFO     | 
============================================================
2026-04-29 12:57:37 | INFO     | MODO: SYNC TRADES
2026-04-29 12:57:37 | INFO     | ============================================================

2026-04-29 12:57:37 | INFO     | 🔄 Sincronización completada. Trades cerrados registrados: 0
2026-04-29 12:57:37 | INFO     | ✅ MODO SYNC TRADES COMPLETADO

2026-04-29 12:58:07 | INFO     | ============================================================
2026-04-29 12:58:07 | INFO     | TRADING PIPELINE INICIADO
2026-04-29 12:58:07 | INFO     | ============================================================
2026-04-29 12:58:07 | INFO     | 📁 Directorios de trabajo configurados
2026-04-29 12:58:07 | INFO     | 🚀 Ejecutando modo: PRODUCTION
2026-04-29 12:58:07 | INFO     | 
============================================================
2026-04-29 12:58:07 | INFO     | MODO: PRODUCCIÓN
2026-04-29 12:58:07 | INFO     | ============================================================

2026-04-29 12:58:07 | INFO     | 📥 Cargando datos para producción...
2026-04-29 12:58:07 | INFO     | PASO 1: CARGANDO DATOS
2026-04-29 12:58:07 | INFO     | ------------------------------------------------------------
2026-04-29 12:58:07 | INFO     |   -> Símbolo 'EURUSD' cargado desde config/config.yaml
2026-04-29 12:58:07 | INFO     |   -> Timeframe 'M5' cargado desde config/config.yaml
2026-04-29 12:58:07 | INFO     | ✓ Datos cargados: 3000 filas, 6 columnas.
2026-04-29 12:58:07 | INFO     | PASO 2: LIMPIANDO DATOS
2026-04-29 12:58:07 | INFO     | ------------------------------------------------------------
2026-04-29 12:58:07 | INFO     | ✓ Datos limpios: 3000 filas restantes.
2026-04-29 12:58:07 | INFO     | PASO 3: GENERANDO FEATURES
2026-04-29 12:58:07 | INFO     | ------------------------------------------------------------
2026-04-29 12:58:07 | INFO     |   -> Retornos agregados para períodos: [1, 5, 10]
2026-04-29 12:58:07 | INFO     |   -> Indicadores técnicos agregados.
2026-04-29 12:58:07 | INFO     |   -> Lags agregados para la columna: 'Close'
2026-04-29 12:58:07 | INFO     |   -> Lags agregados para la columna: 'Volume'
2026-04-29 12:58:07 | INFO     |   -> Conteos de valores NaN generados por las features:
2026-04-29 12:58:07 | INFO     | ✓ Features generadas. Total columnas: 37.
2026-04-29 12:58:07 | INFO     | 🏆 Modelo campeón global según backtest: PROPHET
2026-04-29 12:58:07 | INFO     | 🎯 Producción configurada para operar únicamente con el modelo campeón.
2026-04-29 12:58:07 | INFO     | 📦 Release activa de producción: 20260429_063853 (activada 2026-04-29T06:41:48)
2026-04-29 12:58:07 | INFO     | Presupuesto de riesgo: total=156.36 | abierto=54.00 | restante=102.36 | por_trade=52.12
2026-04-29 12:58:07 | INFO     | 🔎 Generando señales de producción para TODOS los modelos habilitados...

2026-04-29 12:58:07 | INFO     | ➡ Procesando modelo: PROPHET | params={'changepoint_prior_scale': 0.01, 'daily_seasonality': False, 'seasonality_mode': 'additive', 'seasonality_prior_scale': 1.0, 'use_lagged_regressors': True, 'weekly_seasonality': True, 'yearly_seasonality': False}
2026-04-29 12:58:07 | INFO     |   💾 Intentando cargar el modelo desde: C:\Users\USER\Documentos\Maestria\Mark-III\outputs\models\releases\20260429_063853\prophet_best.pkl
2026-04-29 12:58:07 | INFO     | [PROPHET] Cargando artefacto desde: C:\Users\USER\Documentos\Maestria\Mark-III\outputs\models\releases\20260429_063853\prophet_best.pkl
2026-04-29 12:58:07 | INFO     | [PROPHET] Tipo de artefacto: <class 'dict'>
2026-04-29 12:58:07 | INFO     | [PROPHET] Claves del artefacto: ['model_class', 'params', 'model', 'target_name', 'feature_names']
2026-04-29 12:58:07 | INFO     | [PROPHET] Modelo cargado desde: C:\Users\USER\Documentos\Maestria\Mark-III\outputs\models\releases\20260429_063853\prophet_best.pkl
2026-04-29 12:58:07 | INFO     | [PROPHET] Regresores restaurados: ['Open', 'High', 'Low', 'Close', 'TickVolume', 'Volume', 'Return_1', 'LogReturn_1', 'Return_5', 'ReturnFwd_5', 'LogReturn_5', 'Return_10', 'ReturnFwd_10', 'LogReturn_10', 'SMA_20', 'SMA_50', 'EMA_12', 'EMA_26', 'RSI_14', 'MACD', 'MACD_Signal', 'MACD_Hist', 'BB_Upper', 'BB_Lower', 'BB_Width', 'ATR_14', 'Close_lag1', 'Close_lag2', 'Close_lag3', 'Close_lag5', 'Close_lag10', 'Volume_lag1', 'Volume_lag2', 'Volume_lag3', 'Volume_lag5', 'Volume_lag10']
2026-04-29 12:58:07 | INFO     | [PROPHET] Predicción (yhat) para 2026-04-29 20:50:00: 0.000081
2026-04-29 12:58:07 | INFO     |   📈 Modelo PROPHET -> retorno=0.000081, pips=0.95, signal=HOLD, confidence=0.498, entry_plan=nan, SL_plan=nan, TP_plan=nan, entry_live=nan, SL_live=nan, TP_live=nan, lots=0.00, balance=5211.89, risk=0.00, open_risk=54.00, remaining_budget=102.36
2026-04-29 12:58:07 | INFO     | 
💾 Señales de producción guardadas en: outputs\production\production_signals.csv
2026-04-29 12:58:07 | INFO     | ✅ MODO PRODUCCIÓN COMPLETADO

2026-04-29 12:58:37 | INFO     | ============================================================
2026-04-29 12:58:37 | INFO     | TRADING PIPELINE INICIADO
2026-04-29 12:58:37 | INFO     | ============================================================
2026-04-29 12:58:37 | INFO     | 📁 Directorios de trabajo configurados
2026-04-29 12:58:37 | INFO     | 🚀 Ejecutando modo: SYNC_TRADES
2026-04-29 12:58:37 | INFO     | 
============================================================
2026-04-29 12:58:37 | INFO     | MODO: SYNC TRADES
2026-04-29 12:58:37 | INFO     | ============================================================

2026-04-29 12:58:37 | INFO     | 🔄 Sincronización completada. Trades cerrados registrados: 0
2026-04-29 12:58:37 | INFO     | ✅ MODO SYNC TRADES COMPLETADO

2026-04-29 13:00:04 | INFO     | ============================================================
2026-04-29 13:00:04 | INFO     | TRADING PIPELINE INICIADO
2026-04-29 13:00:04 | INFO     | ============================================================
2026-04-29 13:00:04 | INFO     | 📁 Directorios de trabajo configurados
2026-04-29 13:00:04 | INFO     | 🚀 Ejecutando modo: SYNC_TRADES
2026-04-29 13:00:04 | INFO     | 
============================================================
2026-04-29 13:00:04 | INFO     | MODO: SYNC TRADES
2026-04-29 13:00:04 | INFO     | ============================================================

2026-04-29 13:00:06 | INFO     | 🔄 Sincronización completada. Trades cerrados registrados: 0
2026-04-29 13:00:06 | INFO     | ✅ MODO SYNC TRADES COMPLETADO

2026-04-29 13:00:37 | INFO     | ============================================================
2026-04-29 13:00:37 | INFO     | TRADING PIPELINE INICIADO
2026-04-29 13:00:37 | INFO     | ============================================================
2026-04-29 13:00:37 | INFO     | 📁 Directorios de trabajo configurados
2026-04-29 13:00:37 | INFO     | 🚀 Ejecutando modo: SYNC_TRADES
2026-04-29 13:00:37 | INFO     | 
============================================================
2026-04-29 13:00:37 | INFO     | MODO: SYNC TRADES
2026-04-29 13:00:37 | INFO     | ============================================================

2026-04-29 13:00:37 | INFO     | 🔄 Sincronización completada. Trades cerrados registrados: 0
2026-04-29 13:00:37 | INFO     | ✅ MODO SYNC TRADES COMPLETADO

2026-04-29 13:01:37 | INFO     | ============================================================
2026-04-29 13:01:37 | INFO     | TRADING PIPELINE INICIADO
2026-04-29 13:01:37 | INFO     | ============================================================
2026-04-29 13:01:37 | INFO     | 📁 Directorios de trabajo configurados
2026-04-29 13:01:37 | INFO     | 🚀 Ejecutando modo: SYNC_TRADES
2026-04-29 13:01:37 | INFO     | 
============================================================
2026-04-29 13:01:37 | INFO     | MODO: SYNC TRADES
2026-04-29 13:01:37 | INFO     | ============================================================

2026-04-29 13:01:37 | INFO     | 🔄 Sincronización completada. Trades cerrados registrados: 0
2026-04-29 13:01:37 | INFO     | ✅ MODO SYNC TRADES COMPLETADO

2026-04-29 13:02:37 | INFO     | ============================================================
2026-04-29 13:02:37 | INFO     | TRADING PIPELINE INICIADO
2026-04-29 13:02:37 | INFO     | ============================================================
2026-04-29 13:02:37 | INFO     | 📁 Directorios de trabajo configurados
2026-04-29 13:02:37 | INFO     | 🚀 Ejecutando modo: SYNC_TRADES
2026-04-29 13:02:37 | INFO     | 
============================================================
2026-04-29 13:02:37 | INFO     | MODO: SYNC TRADES
2026-04-29 13:02:37 | INFO     | ============================================================

2026-04-29 13:02:37 | INFO     | 🔄 Sincronización completada. Trades cerrados registrados: 0
2026-04-29 13:02:37 | INFO     | ✅ MODO SYNC TRADES COMPLETADO

2026-04-29 13:03:07 | INFO     | ============================================================
2026-04-29 13:03:07 | INFO     | TRADING PIPELINE INICIADO
2026-04-29 13:03:07 | INFO     | ============================================================
2026-04-29 13:03:07 | INFO     | 📁 Directorios de trabajo configurados
2026-04-29 13:03:07 | INFO     | 🚀 Ejecutando modo: PRODUCTION
2026-04-29 13:03:07 | INFO     | 
============================================================
2026-04-29 13:03:07 | INFO     | MODO: PRODUCCIÓN
2026-04-29 13:03:07 | INFO     | ============================================================

2026-04-29 13:03:07 | INFO     | 📥 Cargando datos para producción...
2026-04-29 13:03:07 | INFO     | PASO 1: CARGANDO DATOS
2026-04-29 13:03:07 | INFO     | ------------------------------------------------------------
2026-04-29 13:03:07 | INFO     |   -> Símbolo 'EURUSD' cargado desde config/config.yaml
2026-04-29 13:03:07 | INFO     |   -> Timeframe 'M5' cargado desde config/config.yaml
2026-04-29 13:03:07 | INFO     | ✓ Datos cargados: 3000 filas, 6 columnas.
2026-04-29 13:03:07 | INFO     | PASO 2: LIMPIANDO DATOS
2026-04-29 13:03:07 | INFO     | ------------------------------------------------------------
2026-04-29 13:03:07 | INFO     | ✓ Datos limpios: 3000 filas restantes.
2026-04-29 13:03:07 | INFO     | PASO 3: GENERANDO FEATURES
2026-04-29 13:03:07 | INFO     | ------------------------------------------------------------
2026-04-29 13:03:07 | INFO     |   -> Retornos agregados para períodos: [1, 5, 10]
2026-04-29 13:03:07 | INFO     |   -> Indicadores técnicos agregados.
2026-04-29 13:03:07 | INFO     |   -> Lags agregados para la columna: 'Close'
2026-04-29 13:03:07 | INFO     |   -> Lags agregados para la columna: 'Volume'
2026-04-29 13:03:07 | INFO     |   -> Conteos de valores NaN generados por las features:
2026-04-29 13:03:07 | INFO     | ✓ Features generadas. Total columnas: 37.
2026-04-29 13:03:07 | INFO     | 🏆 Modelo campeón global según backtest: PROPHET
2026-04-29 13:03:07 | INFO     | 🎯 Producción configurada para operar únicamente con el modelo campeón.
2026-04-29 13:03:07 | INFO     | 📦 Release activa de producción: 20260429_063853 (activada 2026-04-29T06:41:48)
2026-04-29 13:03:07 | INFO     | Presupuesto de riesgo: total=156.33 | abierto=53.00 | restante=103.33 | por_trade=52.11
2026-04-29 13:03:07 | INFO     | 🔎 Generando señales de producción para TODOS los modelos habilitados...

2026-04-29 13:03:07 | INFO     | ➡ Procesando modelo: PROPHET | params={'changepoint_prior_scale': 0.01, 'daily_seasonality': False, 'seasonality_mode': 'additive', 'seasonality_prior_scale': 1.0, 'use_lagged_regressors': True, 'weekly_seasonality': True, 'yearly_seasonality': False}
2026-04-29 13:03:07 | INFO     |   💾 Intentando cargar el modelo desde: C:\Users\USER\Documentos\Maestria\Mark-III\outputs\models\releases\20260429_063853\prophet_best.pkl
2026-04-29 13:03:07 | INFO     | [PROPHET] Cargando artefacto desde: C:\Users\USER\Documentos\Maestria\Mark-III\outputs\models\releases\20260429_063853\prophet_best.pkl
2026-04-29 13:03:07 | INFO     | [PROPHET] Tipo de artefacto: <class 'dict'>
2026-04-29 13:03:07 | INFO     | [PROPHET] Claves del artefacto: ['model_class', 'params', 'model', 'target_name', 'feature_names']
2026-04-29 13:03:07 | INFO     | [PROPHET] Modelo cargado desde: C:\Users\USER\Documentos\Maestria\Mark-III\outputs\models\releases\20260429_063853\prophet_best.pkl
2026-04-29 13:03:07 | INFO     | [PROPHET] Regresores restaurados: ['Open', 'High', 'Low', 'Close', 'TickVolume', 'Volume', 'Return_1', 'LogReturn_1', 'Return_5', 'ReturnFwd_5', 'LogReturn_5', 'Return_10', 'ReturnFwd_10', 'LogReturn_10', 'SMA_20', 'SMA_50', 'EMA_12', 'EMA_26', 'RSI_14', 'MACD', 'MACD_Signal', 'MACD_Hist', 'BB_Upper', 'BB_Lower', 'BB_Width', 'ATR_14', 'Close_lag1', 'Close_lag2', 'Close_lag3', 'Close_lag5', 'Close_lag10', 'Volume_lag1', 'Volume_lag2', 'Volume_lag3', 'Volume_lag5', 'Volume_lag10']
2026-04-29 13:03:07 | INFO     | [PROPHET] Predicción (yhat) para 2026-04-29 20:55:00: -0.000153
2026-04-29 13:03:07 | INFO     |   📈 Modelo PROPHET -> retorno=-0.000153, pips=-1.79, signal=HOLD, confidence=0.597, entry_plan=nan, SL_plan=nan, TP_plan=nan, entry_live=nan, SL_live=nan, TP_live=nan, lots=0.00, balance=5210.87, risk=0.00, open_risk=53.00, remaining_budget=103.33
2026-04-29 13:03:07 | INFO     | 
💾 Señales de producción guardadas en: outputs\production\production_signals.csv
2026-04-29 13:03:08 | INFO     | ✅ MODO PRODUCCIÓN COMPLETADO

2026-04-29 13:03:37 | INFO     | ============================================================
2026-04-29 13:03:37 | INFO     | TRADING PIPELINE INICIADO
2026-04-29 13:03:37 | INFO     | ============================================================
2026-04-29 13:03:37 | INFO     | 📁 Directorios de trabajo configurados
2026-04-29 13:03:37 | INFO     | 🚀 Ejecutando modo: SYNC_TRADES
2026-04-29 13:03:37 | INFO     | 
============================================================
2026-04-29 13:03:37 | INFO     | MODO: SYNC TRADES
2026-04-29 13:03:37 | INFO     | ============================================================

2026-04-29 13:03:37 | INFO     | 🔄 Sincronización completada. Trades cerrados registrados: 0
2026-04-29 13:03:37 | INFO     | ✅ MODO SYNC TRADES COMPLETADO

2026-04-29 13:04:37 | INFO     | ============================================================
2026-04-29 13:04:40 | INFO     | TRADING PIPELINE INICIADO
2026-04-29 13:04:40 | INFO     | ============================================================
2026-04-29 13:04:40 | INFO     | 📁 Directorios de trabajo configurados
2026-04-29 13:04:40 | INFO     | 🚀 Ejecutando modo: SYNC_TRADES
2026-04-29 13:04:40 | INFO     | 
============================================================
2026-04-29 13:04:40 | INFO     | MODO: SYNC TRADES
2026-04-29 13:04:40 | INFO     | ============================================================

2026-04-29 13:04:40 | INFO     | 🔄 Sincronización completada. Trades cerrados registrados: 0
2026-04-29 13:04:40 | INFO     | ✅ MODO SYNC TRADES COMPLETADO

2026-04-29 13:05:37 | INFO     | ============================================================
2026-04-29 13:05:37 | INFO     | TRADING PIPELINE INICIADO
2026-04-29 13:05:37 | INFO     | ============================================================
2026-04-29 13:05:37 | INFO     | 📁 Directorios de trabajo configurados
2026-04-29 13:05:37 | INFO     | 🚀 Ejecutando modo: SYNC_TRADES
2026-04-29 13:05:37 | INFO     | 
============================================================
2026-04-29 13:05:37 | INFO     | MODO: SYNC TRADES
2026-04-29 13:05:37 | INFO     | ============================================================

2026-04-29 13:05:37 | INFO     | 🔄 Sincronización completada. Trades cerrados registrados: 0
2026-04-29 13:05:37 | INFO     | ✅ MODO SYNC TRADES COMPLETADO

2026-04-29 13:06:37 | INFO     | ============================================================
2026-04-29 13:06:37 | INFO     | TRADING PIPELINE INICIADO
2026-04-29 13:06:37 | INFO     | ============================================================
2026-04-29 13:06:37 | INFO     | 📁 Directorios de trabajo configurados
2026-04-29 13:06:37 | INFO     | 🚀 Ejecutando modo: SYNC_TRADES
2026-04-29 13:06:37 | INFO     | 
============================================================
2026-04-29 13:06:37 | INFO     | MODO: SYNC TRADES
2026-04-29 13:06:37 | INFO     | ============================================================

2026-04-29 13:06:37 | INFO     | 🔄 Sincronización completada. Trades cerrados registrados: 0
2026-04-29 13:06:37 | INFO     | ✅ MODO SYNC TRADES COMPLETADO

2026-04-29 13:07:37 | INFO     | ============================================================
2026-04-29 13:07:37 | INFO     | TRADING PIPELINE INICIADO
2026-04-29 13:07:37 | INFO     | ============================================================
2026-04-29 13:07:37 | INFO     | 📁 Directorios de trabajo configurados
2026-04-29 13:07:37 | INFO     | 🚀 Ejecutando modo: SYNC_TRADES
2026-04-29 13:07:37 | INFO     | 
============================================================
2026-04-29 13:07:37 | INFO     | MODO: SYNC TRADES
2026-04-29 13:07:37 | INFO     | ============================================================

2026-04-29 13:07:37 | INFO     | 🔄 Sincronización completada. Trades cerrados registrados: 0
2026-04-29 13:07:37 | INFO     | ✅ MODO SYNC TRADES COMPLETADO

2026-04-29 13:08:07 | INFO     | ============================================================
2026-04-29 13:08:07 | INFO     | TRADING PIPELINE INICIADO
2026-04-29 13:08:07 | INFO     | ============================================================
2026-04-29 13:08:07 | INFO     | 📁 Directorios de trabajo configurados
2026-04-29 13:08:07 | INFO     | 🚀 Ejecutando modo: PRODUCTION
2026-04-29 13:08:07 | INFO     | 
============================================================
2026-04-29 13:08:07 | INFO     | MODO: PRODUCCIÓN
2026-04-29 13:08:07 | INFO     | ============================================================

2026-04-29 13:08:07 | INFO     | 📥 Cargando datos para producción...
2026-04-29 13:08:07 | INFO     | PASO 1: CARGANDO DATOS
2026-04-29 13:08:07 | INFO     | ------------------------------------------------------------
2026-04-29 13:08:07 | INFO     |   -> Símbolo 'EURUSD' cargado desde config/config.yaml
2026-04-29 13:08:07 | INFO     |   -> Timeframe 'M5' cargado desde config/config.yaml
2026-04-29 13:08:07 | INFO     | ✓ Datos cargados: 3000 filas, 6 columnas.
2026-04-29 13:08:07 | INFO     | PASO 2: LIMPIANDO DATOS
2026-04-29 13:08:07 | INFO     | ------------------------------------------------------------
2026-04-29 13:08:07 | INFO     | ✓ Datos limpios: 3000 filas restantes.
2026-04-29 13:08:07 | INFO     | PASO 3: GENERANDO FEATURES
2026-04-29 13:08:07 | INFO     | ------------------------------------------------------------
2026-04-29 13:08:07 | INFO     |   -> Retornos agregados para períodos: [1, 5, 10]
2026-04-29 13:08:07 | INFO     |   -> Indicadores técnicos agregados.
2026-04-29 13:08:07 | INFO     |   -> Lags agregados para la columna: 'Close'
2026-04-29 13:08:07 | INFO     |   -> Lags agregados para la columna: 'Volume'
2026-04-29 13:08:07 | INFO     |   -> Conteos de valores NaN generados por las features:
2026-04-29 13:08:07 | INFO     | ✓ Features generadas. Total columnas: 37.
2026-04-29 13:08:07 | INFO     | 🏆 Modelo campeón global según backtest: PROPHET
2026-04-29 13:08:07 | INFO     | 🎯 Producción configurada para operar únicamente con el modelo campeón.
2026-04-29 13:08:07 | INFO     | 📦 Release activa de producción: 20260429_063853 (activada 2026-04-29T06:41:48)
2026-04-29 13:08:07 | INFO     | Presupuesto de riesgo: total=156.33 | abierto=53.00 | restante=103.33 | por_trade=52.11
2026-04-29 13:08:07 | INFO     | 🔎 Generando señales de producción para TODOS los modelos habilitados...

2026-04-29 13:08:07 | INFO     | ➡ Procesando modelo: PROPHET | params={'changepoint_prior_scale': 0.01, 'daily_seasonality': False, 'seasonality_mode': 'additive', 'seasonality_prior_scale': 1.0, 'use_lagged_regressors': True, 'weekly_seasonality': True, 'yearly_seasonality': False}
2026-04-29 13:08:07 | INFO     |   💾 Intentando cargar el modelo desde: C:\Users\USER\Documentos\Maestria\Mark-III\outputs\models\releases\20260429_063853\prophet_best.pkl
2026-04-29 13:08:07 | INFO     | [PROPHET] Cargando artefacto desde: C:\Users\USER\Documentos\Maestria\Mark-III\outputs\models\releases\20260429_063853\prophet_best.pkl
2026-04-29 13:08:07 | INFO     | [PROPHET] Tipo de artefacto: <class 'dict'>
2026-04-29 13:08:07 | INFO     | [PROPHET] Claves del artefacto: ['model_class', 'params', 'model', 'target_name', 'feature_names']
2026-04-29 13:08:07 | INFO     | [PROPHET] Modelo cargado desde: C:\Users\USER\Documentos\Maestria\Mark-III\outputs\models\releases\20260429_063853\prophet_best.pkl
2026-04-29 13:08:07 | INFO     | [PROPHET] Regresores restaurados: ['Open', 'High', 'Low', 'Close', 'TickVolume', 'Volume', 'Return_1', 'LogReturn_1', 'Return_5', 'ReturnFwd_5', 'LogReturn_5', 'Return_10', 'ReturnFwd_10', 'LogReturn_10', 'SMA_20', 'SMA_50', 'EMA_12', 'EMA_26', 'RSI_14', 'MACD', 'MACD_Signal', 'MACD_Hist', 'BB_Upper', 'BB_Lower', 'BB_Width', 'ATR_14', 'Close_lag1', 'Close_lag2', 'Close_lag3', 'Close_lag5', 'Close_lag10', 'Volume_lag1', 'Volume_lag2', 'Volume_lag3', 'Volume_lag5', 'Volume_lag10']
2026-04-29 13:08:07 | INFO     | [PROPHET] Predicción (yhat) para 2026-04-29 21:00:00: -0.000227
2026-04-29 13:08:07 | INFO     |   📈 Modelo PROPHET -> retorno=-0.000227, pips=-2.65, signal=SELL, confidence=0.699, entry_plan=1.16815, SL_plan=1.16915, TP_plan=1.16615, entry_live=1.16762, SL_live=1.16862, TP_live=1.16562, lots=0.52, balance=5210.87, risk=52.00, open_risk=53.00, remaining_budget=103.33
2026-04-29 13:08:07 | INFO     | 
💾 Señales de producción guardadas en: outputs\production\production_signals.csv
2026-04-29 13:08:07 | INFO     | ✅ Orden enviada: model=PROPHET signal=SELL symbol=EURUSD lots=0.52 position_id=1846079799 SL=1.16862 TP=1.16562 protection=PROTECTED
2026-04-29 13:08:07 | INFO     | ✅ MODO PRODUCCIÓN COMPLETADO

2026-04-29 13:08:37 | INFO     | ============================================================
2026-04-29 13:08:37 | INFO     | TRADING PIPELINE INICIADO
2026-04-29 13:08:37 | INFO     | ============================================================
2026-04-29 13:08:37 | INFO     | 📁 Directorios de trabajo configurados
2026-04-29 13:08:37 | INFO     | 🚀 Ejecutando modo: SYNC_TRADES
2026-04-29 13:08:37 | INFO     | 
============================================================
2026-04-29 13:08:37 | INFO     | MODO: SYNC TRADES
2026-04-29 13:08:37 | INFO     | ============================================================

2026-04-29 13:08:37 | INFO     | 🔄 Sincronización completada. Trades cerrados registrados: 0
2026-04-29 13:08:37 | INFO     | ✅ MODO SYNC TRADES COMPLETADO

2026-04-29 13:09:37 | INFO     | ============================================================
2026-04-29 13:09:37 | INFO     | TRADING PIPELINE INICIADO
2026-04-29 13:09:37 | INFO     | ============================================================
2026-04-29 13:09:37 | INFO     | 📁 Directorios de trabajo configurados
2026-04-29 13:09:37 | INFO     | 🚀 Ejecutando modo: SYNC_TRADES
2026-04-29 13:09:37 | INFO     | 
============================================================
2026-04-29 13:09:37 | INFO     | MODO: SYNC TRADES
2026-04-29 13:09:37 | INFO     | ============================================================

2026-04-29 13:09:37 | INFO     | 🔄 Sincronización completada. Trades cerrados registrados: 0
2026-04-29 13:09:37 | INFO     | ✅ MODO SYNC TRADES COMPLETADO

2026-04-29 13:10:37 | INFO     | ============================================================
2026-04-29 13:10:37 | INFO     | TRADING PIPELINE INICIADO
2026-04-29 13:10:37 | INFO     | ============================================================
2026-04-29 13:10:37 | INFO     | 📁 Directorios de trabajo configurados
2026-04-29 13:10:37 | INFO     | 🚀 Ejecutando modo: SYNC_TRADES
2026-04-29 13:10:37 | INFO     | 
============================================================
2026-04-29 13:10:37 | INFO     | MODO: SYNC TRADES
2026-04-29 13:10:37 | INFO     | ============================================================

2026-04-29 13:10:37 | INFO     | 🔄 Sincronización completada. Trades cerrados registrados: 0
2026-04-29 13:10:37 | INFO     | ✅ MODO SYNC TRADES COMPLETADO

2026-04-29 13:11:37 | INFO     | ============================================================
2026-04-29 13:11:37 | INFO     | TRADING PIPELINE INICIADO
2026-04-29 13:11:37 | INFO     | ============================================================
2026-04-29 13:11:37 | INFO     | 📁 Directorios de trabajo configurados
2026-04-29 13:11:37 | INFO     | 🚀 Ejecutando modo: SYNC_TRADES
2026-04-29 13:11:37 | INFO     | 
============================================================
2026-04-29 13:11:37 | INFO     | MODO: SYNC TRADES
2026-04-29 13:11:37 | INFO     | ============================================================

2026-04-29 13:11:37 | INFO     | 🔄 Sincronización completada. Trades cerrados registrados: 0
2026-04-29 13:11:37 | INFO     | ✅ MODO SYNC TRADES COMPLETADO

2026-04-29 13:12:38 | INFO     | ============================================================
2026-04-29 13:12:38 | INFO     | TRADING PIPELINE INICIADO
2026-04-29 13:12:38 | INFO     | ============================================================
2026-04-29 13:12:38 | INFO     | 📁 Directorios de trabajo configurados
2026-04-29 13:12:38 | INFO     | 🚀 Ejecutando modo: SYNC_TRADES
2026-04-29 13:12:38 | INFO     | 
============================================================
2026-04-29 13:12:38 | INFO     | MODO: SYNC TRADES
2026-04-29 13:12:38 | INFO     | ============================================================

2026-04-29 13:12:38 | INFO     | 🔄 Sincronización completada. Trades cerrados registrados: 0
2026-04-29 13:12:38 | INFO     | ✅ MODO SYNC TRADES COMPLETADO

2026-04-29 13:13:07 | INFO     | ============================================================
2026-04-29 13:13:07 | INFO     | TRADING PIPELINE INICIADO
2026-04-29 13:13:07 | INFO     | ============================================================
2026-04-29 13:13:07 | INFO     | 📁 Directorios de trabajo configurados
2026-04-29 13:13:07 | INFO     | 🚀 Ejecutando modo: PRODUCTION
2026-04-29 13:13:07 | INFO     | 
============================================================
2026-04-29 13:13:07 | INFO     | MODO: PRODUCCIÓN
2026-04-29 13:13:07 | INFO     | ============================================================

2026-04-29 13:13:07 | INFO     | 📥 Cargando datos para producción...
2026-04-29 13:13:07 | INFO     | PASO 1: CARGANDO DATOS
2026-04-29 13:13:07 | INFO     | ------------------------------------------------------------
2026-04-29 13:13:07 | INFO     |   -> Símbolo 'EURUSD' cargado desde config/config.yaml
2026-04-29 13:13:07 | INFO     |   -> Timeframe 'M5' cargado desde config/config.yaml
2026-04-29 13:13:07 | INFO     | ✓ Datos cargados: 3000 filas, 6 columnas.
2026-04-29 13:13:07 | INFO     | PASO 2: LIMPIANDO DATOS
2026-04-29 13:13:07 | INFO     | ------------------------------------------------------------
2026-04-29 13:13:07 | INFO     | ✓ Datos limpios: 3000 filas restantes.
2026-04-29 13:13:07 | INFO     | PASO 3: GENERANDO FEATURES
2026-04-29 13:13:07 | INFO     | ------------------------------------------------------------
2026-04-29 13:13:07 | INFO     |   -> Retornos agregados para períodos: [1, 5, 10]
2026-04-29 13:13:07 | INFO     |   -> Indicadores técnicos agregados.
2026-04-29 13:13:07 | INFO     |   -> Lags agregados para la columna: 'Close'
2026-04-29 13:13:07 | INFO     |   -> Lags agregados para la columna: 'Volume'
2026-04-29 13:13:07 | INFO     |   -> Conteos de valores NaN generados por las features:
2026-04-29 13:13:07 | INFO     | ✓ Features generadas. Total columnas: 37.
2026-04-29 13:13:07 | INFO     | 🏆 Modelo campeón global según backtest: PROPHET
2026-04-29 13:13:07 | INFO     | 🎯 Producción configurada para operar únicamente con el modelo campeón.
2026-04-29 13:13:07 | INFO     | 📦 Release activa de producción: 20260429_063853 (activada 2026-04-29T06:41:48)
2026-04-29 13:13:07 | INFO     | Presupuesto de riesgo: total=159.51 | abierto=52.00 | restante=107.51 | por_trade=53.17
2026-04-29 13:13:07 | INFO     | 🔎 Generando señales de producción para TODOS los modelos habilitados...

2026-04-29 13:13:07 | INFO     | ➡ Procesando modelo: PROPHET | params={'changepoint_prior_scale': 0.01, 'daily_seasonality': False, 'seasonality_mode': 'additive', 'seasonality_prior_scale': 1.0, 'use_lagged_regressors': True, 'weekly_seasonality': True, 'yearly_seasonality': False}
2026-04-29 13:13:07 | INFO     |   💾 Intentando cargar el modelo desde: C:\Users\USER\Documentos\Maestria\Mark-III\outputs\models\releases\20260429_063853\prophet_best.pkl
2026-04-29 13:13:07 | INFO     | [PROPHET] Cargando artefacto desde: C:\Users\USER\Documentos\Maestria\Mark-III\outputs\models\releases\20260429_063853\prophet_best.pkl
2026-04-29 13:13:07 | INFO     | [PROPHET] Tipo de artefacto: <class 'dict'>
2026-04-29 13:13:07 | INFO     | [PROPHET] Claves del artefacto: ['model_class', 'params', 'model', 'target_name', 'feature_names']
2026-04-29 13:13:07 | INFO     | [PROPHET] Modelo cargado desde: C:\Users\USER\Documentos\Maestria\Mark-III\outputs\models\releases\20260429_063853\prophet_best.pkl
2026-04-29 13:13:07 | INFO     | [PROPHET] Regresores restaurados: ['Open', 'High', 'Low', 'Close', 'TickVolume', 'Volume', 'Return_1', 'LogReturn_1', 'Return_5', 'ReturnFwd_5', 'LogReturn_5', 'Return_10', 'ReturnFwd_10', 'LogReturn_10', 'SMA_20', 'SMA_50', 'EMA_12', 'EMA_26', 'RSI_14', 'MACD', 'MACD_Signal', 'MACD_Hist', 'BB_Upper', 'BB_Lower', 'BB_Width', 'ATR_14', 'Close_lag1', 'Close_lag2', 'Close_lag3', 'Close_lag5', 'Close_lag10', 'Volume_lag1', 'Volume_lag2', 'Volume_lag3', 'Volume_lag5', 'Volume_lag10']
2026-04-29 13:13:07 | INFO     | [PROPHET] Predicción (yhat) para 2026-04-29 21:05:00: -0.000049
2026-04-29 13:13:07 | INFO     |   📈 Modelo PROPHET -> retorno=-0.000049, pips=-0.57, signal=HOLD, confidence=0.454, entry_plan=nan, SL_plan=nan, TP_plan=nan, entry_live=nan, SL_live=nan, TP_live=nan, lots=0.00, balance=5316.87, risk=0.00, open_risk=52.00, remaining_budget=107.51
2026-04-29 13:13:07 | INFO     | 
💾 Señales de producción guardadas en: outputs\production\production_signals.csv
2026-04-29 13:13:07 | INFO     | ✅ MODO PRODUCCIÓN COMPLETADO

2026-04-29 13:13:37 | INFO     | ============================================================
2026-04-29 13:13:37 | INFO     | TRADING PIPELINE INICIADO
2026-04-29 13:13:37 | INFO     | ============================================================
2026-04-29 13:13:37 | INFO     | 📁 Directorios de trabajo configurados
2026-04-29 13:13:37 | INFO     | 🚀 Ejecutando modo: SYNC_TRADES
2026-04-29 13:13:37 | INFO     | 
============================================================
2026-04-29 13:13:37 | INFO     | MODO: SYNC TRADES
2026-04-29 13:13:37 | INFO     | ============================================================

2026-04-29 13:13:37 | INFO     | 🔄 Sincronización completada. Trades cerrados registrados: 0
2026-04-29 13:13:37 | INFO     | ✅ MODO SYNC TRADES COMPLETADO

2026-04-29 13:14:37 | INFO     | ============================================================
2026-04-29 13:14:37 | INFO     | TRADING PIPELINE INICIADO
2026-04-29 13:14:37 | INFO     | ============================================================
2026-04-29 13:14:37 | INFO     | 📁 Directorios de trabajo configurados
2026-04-29 13:14:37 | INFO     | 🚀 Ejecutando modo: SYNC_TRADES
2026-04-29 13:14:37 | INFO     | 
============================================================
2026-04-29 13:14:37 | INFO     | MODO: SYNC TRADES
2026-04-29 13:14:37 | INFO     | ============================================================

2026-04-29 13:14:37 | INFO     | 🔄 Sincronización completada. Trades cerrados registrados: 0
2026-04-29 13:14:37 | INFO     | ✅ MODO SYNC TRADES COMPLETADO

2026-04-29 13:15:37 | INFO     | ============================================================
2026-04-29 13:15:37 | INFO     | TRADING PIPELINE INICIADO
2026-04-29 13:15:37 | INFO     | ============================================================
2026-04-29 13:15:37 | INFO     | 📁 Directorios de trabajo configurados
2026-04-29 13:15:37 | INFO     | 🚀 Ejecutando modo: SYNC_TRADES
2026-04-29 13:15:37 | INFO     | 
============================================================
2026-04-29 13:15:37 | INFO     | MODO: SYNC TRADES
2026-04-29 13:15:37 | INFO     | ============================================================

2026-04-29 13:15:37 | INFO     | 🔄 Sincronización completada. Trades cerrados registrados: 0
2026-04-29 13:15:37 | INFO     | ✅ MODO SYNC TRADES COMPLETADO

2026-04-29 13:16:37 | INFO     | ============================================================
2026-04-29 13:16:37 | INFO     | TRADING PIPELINE INICIADO
2026-04-29 13:16:37 | INFO     | ============================================================
2026-04-29 13:16:37 | INFO     | 📁 Directorios de trabajo configurados
2026-04-29 13:16:37 | INFO     | 🚀 Ejecutando modo: SYNC_TRADES
2026-04-29 13:16:37 | INFO     | 
============================================================
2026-04-29 13:16:37 | INFO     | MODO: SYNC TRADES
2026-04-29 13:16:37 | INFO     | ============================================================

2026-04-29 13:16:37 | INFO     | 🔄 Sincronización completada. Trades cerrados registrados: 0
2026-04-29 13:16:37 | INFO     | ✅ MODO SYNC TRADES COMPLETADO

2026-04-29 13:17:37 | INFO     | ============================================================
2026-04-29 13:17:37 | INFO     | TRADING PIPELINE INICIADO
2026-04-29 13:17:37 | INFO     | ============================================================
2026-04-29 13:17:37 | INFO     | 📁 Directorios de trabajo configurados
2026-04-29 13:17:37 | INFO     | 🚀 Ejecutando modo: SYNC_TRADES
2026-04-29 13:17:37 | INFO     | 
============================================================
2026-04-29 13:17:37 | INFO     | MODO: SYNC TRADES
2026-04-29 13:17:37 | INFO     | ============================================================

2026-04-29 13:17:37 | INFO     | 🔄 Sincronización completada. Trades cerrados registrados: 0
2026-04-29 13:17:37 | INFO     | ✅ MODO SYNC TRADES COMPLETADO

2026-04-29 13:18:07 | INFO     | ============================================================
2026-04-29 13:18:07 | INFO     | TRADING PIPELINE INICIADO
2026-04-29 13:18:07 | INFO     | ============================================================
2026-04-29 13:18:07 | INFO     | 📁 Directorios de trabajo configurados
2026-04-29 13:18:07 | INFO     | 🚀 Ejecutando modo: PRODUCTION
2026-04-29 13:18:07 | INFO     | 
============================================================
2026-04-29 13:18:07 | INFO     | MODO: PRODUCCIÓN
2026-04-29 13:18:07 | INFO     | ============================================================

2026-04-29 13:18:07 | INFO     | 📥 Cargando datos para producción...
2026-04-29 13:18:07 | INFO     | PASO 1: CARGANDO DATOS
2026-04-29 13:18:07 | INFO     | ------------------------------------------------------------
2026-04-29 13:18:07 | INFO     |   -> Símbolo 'EURUSD' cargado desde config/config.yaml
2026-04-29 13:18:07 | INFO     |   -> Timeframe 'M5' cargado desde config/config.yaml
2026-04-29 13:18:07 | INFO     | ✓ Datos cargados: 3000 filas, 6 columnas.
2026-04-29 13:18:07 | INFO     | PASO 2: LIMPIANDO DATOS
2026-04-29 13:18:07 | INFO     | ------------------------------------------------------------
2026-04-29 13:18:07 | INFO     | ✓ Datos limpios: 3000 filas restantes.
2026-04-29 13:18:07 | INFO     | PASO 3: GENERANDO FEATURES
2026-04-29 13:18:07 | INFO     | ------------------------------------------------------------
2026-04-29 13:18:07 | INFO     |   -> Retornos agregados para períodos: [1, 5, 10]
2026-04-29 13:18:07 | INFO     |   -> Indicadores técnicos agregados.
2026-04-29 13:18:07 | INFO     |   -> Lags agregados para la columna: 'Close'
2026-04-29 13:18:07 | INFO     |   -> Lags agregados para la columna: 'Volume'
2026-04-29 13:18:07 | INFO     |   -> Conteos de valores NaN generados por las features:
2026-04-29 13:18:07 | INFO     | ✓ Features generadas. Total columnas: 37.
2026-04-29 13:18:07 | INFO     | 🏆 Modelo campeón global según backtest: PROPHET
2026-04-29 13:18:07 | INFO     | 🎯 Producción configurada para operar únicamente con el modelo campeón.
2026-04-29 13:18:07 | INFO     | 📦 Release activa de producción: 20260429_063853 (activada 2026-04-29T06:41:48)
2026-04-29 13:18:07 | INFO     | Presupuesto de riesgo: total=159.51 | abierto=52.00 | restante=107.51 | por_trade=53.17
2026-04-29 13:18:07 | INFO     | 🔎 Generando señales de producción para TODOS los modelos habilitados...

2026-04-29 13:18:07 | INFO     | ➡ Procesando modelo: PROPHET | params={'changepoint_prior_scale': 0.01, 'daily_seasonality': False, 'seasonality_mode': 'additive', 'seasonality_prior_scale': 1.0, 'use_lagged_regressors': True, 'weekly_seasonality': True, 'yearly_seasonality': False}
2026-04-29 13:18:07 | INFO     |   💾 Intentando cargar el modelo desde: C:\Users\USER\Documentos\Maestria\Mark-III\outputs\models\releases\20260429_063853\prophet_best.pkl
2026-04-29 13:18:07 | INFO     | [PROPHET] Cargando artefacto desde: C:\Users\USER\Documentos\Maestria\Mark-III\outputs\models\releases\20260429_063853\prophet_best.pkl
2026-04-29 13:18:07 | INFO     | [PROPHET] Tipo de artefacto: <class 'dict'>
2026-04-29 13:18:07 | INFO     | [PROPHET] Claves del artefacto: ['model_class', 'params', 'model', 'target_name', 'feature_names']
2026-04-29 13:18:07 | INFO     | [PROPHET] Modelo cargado desde: C:\Users\USER\Documentos\Maestria\Mark-III\outputs\models\releases\20260429_063853\prophet_best.pkl
2026-04-29 13:18:07 | INFO     | [PROPHET] Regresores restaurados: ['Open', 'High', 'Low', 'Close', 'TickVolume', 'Volume', 'Return_1', 'LogReturn_1', 'Return_5', 'ReturnFwd_5', 'LogReturn_5', 'Return_10', 'ReturnFwd_10', 'LogReturn_10', 'SMA_20', 'SMA_50', 'EMA_12', 'EMA_26', 'RSI_14', 'MACD', 'MACD_Signal', 'MACD_Hist', 'BB_Upper', 'BB_Lower', 'BB_Width', 'ATR_14', 'Close_lag1', 'Close_lag2', 'Close_lag3', 'Close_lag5', 'Close_lag10', 'Volume_lag1', 'Volume_lag2', 'Volume_lag3', 'Volume_lag5', 'Volume_lag10']
2026-04-29 13:18:07 | INFO     | [PROPHET] Predicción (yhat) para 2026-04-29 21:10:00: 0.000442
2026-04-29 13:18:07 | INFO     |   📈 Modelo PROPHET -> retorno=0.000442, pips=5.16, signal=BUY, confidence=0.936, entry_plan=1.16721, SL_plan=1.16621, TP_plan=1.16921, entry_live=1.1682, SL_live=1.1672, TP_live=1.1702, lots=0.53, balance=5316.87, risk=53.00, open_risk=52.00, remaining_budget=107.51
2026-04-29 13:18:07 | INFO     | 
💾 Señales de producción guardadas en: outputs\production\production_signals.csv
2026-04-29 13:18:08 | INFO     | ✅ Orden enviada: model=PROPHET signal=BUY symbol=EURUSD lots=0.53 position_id=1846173570 SL=1.1672 TP=1.1702 protection=PROTECTED
2026-04-29 13:18:08 | INFO     | ✅ MODO PRODUCCIÓN COMPLETADO

2026-04-29 13:18:37 | INFO     | ============================================================
2026-04-29 13:18:37 | INFO     | TRADING PIPELINE INICIADO
2026-04-29 13:18:37 | INFO     | ============================================================
2026-04-29 13:18:37 | INFO     | 📁 Directorios de trabajo configurados
2026-04-29 13:18:37 | INFO     | 🚀 Ejecutando modo: SYNC_TRADES
2026-04-29 13:18:37 | INFO     | 
============================================================
2026-04-29 13:18:37 | INFO     | MODO: SYNC TRADES
2026-04-29 13:18:37 | INFO     | ============================================================

2026-04-29 13:18:37 | INFO     | 🔄 Sincronización completada. Trades cerrados registrados: 0
2026-04-29 13:18:37 | INFO     | ✅ MODO SYNC TRADES COMPLETADO

2026-04-29 13:19:37 | INFO     | ============================================================
2026-04-29 13:19:37 | INFO     | TRADING PIPELINE INICIADO
2026-04-29 13:19:37 | INFO     | ============================================================
2026-04-29 13:19:37 | INFO     | 📁 Directorios de trabajo configurados
2026-04-29 13:19:37 | INFO     | 🚀 Ejecutando modo: SYNC_TRADES
2026-04-29 13:19:37 | INFO     | 
============================================================
2026-04-29 13:19:37 | INFO     | MODO: SYNC TRADES
2026-04-29 13:19:37 | INFO     | ============================================================

2026-04-29 13:19:37 | INFO     | 🔄 Sincronización completada. Trades cerrados registrados: 0
2026-04-29 13:19:37 | INFO     | ✅ MODO SYNC TRADES COMPLETADO

2026-04-29 13:20:37 | INFO     | ============================================================
2026-04-29 13:20:37 | INFO     | TRADING PIPELINE INICIADO
2026-04-29 13:20:37 | INFO     | ============================================================
2026-04-29 13:20:37 | INFO     | 📁 Directorios de trabajo configurados
2026-04-29 13:20:37 | INFO     | 🚀 Ejecutando modo: SYNC_TRADES
2026-04-29 13:20:37 | INFO     | 
============================================================
2026-04-29 13:20:37 | INFO     | MODO: SYNC TRADES
2026-04-29 13:20:37 | INFO     | ============================================================

2026-04-29 13:20:37 | INFO     | 🔄 Sincronización completada. Trades cerrados registrados: 0
2026-04-29 13:20:37 | INFO     | ✅ MODO SYNC TRADES COMPLETADO

2026-04-29 13:21:37 | INFO     | ============================================================
2026-04-29 13:21:37 | INFO     | TRADING PIPELINE INICIADO
2026-04-29 13:21:37 | INFO     | ============================================================
2026-04-29 13:21:37 | INFO     | 📁 Directorios de trabajo configurados
2026-04-29 13:21:37 | INFO     | 🚀 Ejecutando modo: SYNC_TRADES
2026-04-29 13:21:37 | INFO     | 
============================================================
2026-04-29 13:21:37 | INFO     | MODO: SYNC TRADES
2026-04-29 13:21:37 | INFO     | ============================================================

2026-04-29 13:21:37 | INFO     | 🔄 Sincronización completada. Trades cerrados registrados: 0
2026-04-29 13:21:37 | INFO     | ✅ MODO SYNC TRADES COMPLETADO

2026-04-29 13:22:37 | INFO     | ============================================================
2026-04-29 13:22:37 | INFO     | TRADING PIPELINE INICIADO
2026-04-29 13:22:37 | INFO     | ============================================================
2026-04-29 13:22:37 | INFO     | 📁 Directorios de trabajo configurados
2026-04-29 13:22:37 | INFO     | 🚀 Ejecutando modo: SYNC_TRADES
2026-04-29 13:22:37 | INFO     | 
============================================================
2026-04-29 13:22:37 | INFO     | MODO: SYNC TRADES
2026-04-29 13:22:37 | INFO     | ============================================================

2026-04-29 13:22:37 | INFO     | 🔄 Sincronización completada. Trades cerrados registrados: 0
2026-04-29 13:22:37 | INFO     | ✅ MODO SYNC TRADES COMPLETADO

2026-04-29 13:23:07 | INFO     | ============================================================
2026-04-29 13:23:07 | INFO     | TRADING PIPELINE INICIADO
2026-04-29 13:23:07 | INFO     | ============================================================
2026-04-29 13:23:07 | INFO     | 📁 Directorios de trabajo configurados
2026-04-29 13:23:07 | INFO     | 🚀 Ejecutando modo: PRODUCTION
2026-04-29 13:23:07 | INFO     | 
============================================================
2026-04-29 13:23:07 | INFO     | MODO: PRODUCCIÓN
2026-04-29 13:23:07 | INFO     | ============================================================

2026-04-29 13:23:07 | INFO     | 📥 Cargando datos para producción...
2026-04-29 13:23:07 | INFO     | PASO 1: CARGANDO DATOS
2026-04-29 13:23:07 | INFO     | ------------------------------------------------------------
2026-04-29 13:23:07 | INFO     |   -> Símbolo 'EURUSD' cargado desde config/config.yaml
2026-04-29 13:23:07 | INFO     |   -> Timeframe 'M5' cargado desde config/config.yaml
2026-04-29 13:23:07 | INFO     | ✓ Datos cargados: 3000 filas, 6 columnas.
2026-04-29 13:23:07 | INFO     | PASO 2: LIMPIANDO DATOS
2026-04-29 13:23:07 | INFO     | ------------------------------------------------------------
2026-04-29 13:23:07 | INFO     | ✓ Datos limpios: 3000 filas restantes.
2026-04-29 13:23:07 | INFO     | PASO 3: GENERANDO FEATURES
2026-04-29 13:23:07 | INFO     | ------------------------------------------------------------
2026-04-29 13:23:07 | INFO     |   -> Retornos agregados para períodos: [1, 5, 10]
2026-04-29 13:23:07 | INFO     |   -> Indicadores técnicos agregados.
2026-04-29 13:23:07 | INFO     |   -> Lags agregados para la columna: 'Close'
2026-04-29 13:23:07 | INFO     |   -> Lags agregados para la columna: 'Volume'
2026-04-29 13:23:07 | INFO     |   -> Conteos de valores NaN generados por las features:
2026-04-29 13:23:07 | INFO     | ✓ Features generadas. Total columnas: 37.
2026-04-29 13:23:07 | INFO     | 🏆 Modelo campeón global según backtest: PROPHET
2026-04-29 13:23:07 | INFO     | 🎯 Producción configurada para operar únicamente con el modelo campeón.
2026-04-29 13:23:07 | INFO     | 📦 Release activa de producción: 20260429_063853 (activada 2026-04-29T06:41:48)
2026-04-29 13:23:07 | INFO     | Presupuesto de riesgo: total=159.51 | abierto=105.00 | restante=54.51 | por_trade=53.17
2026-04-29 13:23:07 | INFO     | 🔎 Generando señales de producción para TODOS los modelos habilitados...

2026-04-29 13:23:07 | INFO     | ➡ Procesando modelo: PROPHET | params={'changepoint_prior_scale': 0.01, 'daily_seasonality': False, 'seasonality_mode': 'additive', 'seasonality_prior_scale': 1.0, 'use_lagged_regressors': True, 'weekly_seasonality': True, 'yearly_seasonality': False}
2026-04-29 13:23:07 | INFO     |   💾 Intentando cargar el modelo desde: C:\Users\USER\Documentos\Maestria\Mark-III\outputs\models\releases\20260429_063853\prophet_best.pkl
2026-04-29 13:23:07 | INFO     | [PROPHET] Cargando artefacto desde: C:\Users\USER\Documentos\Maestria\Mark-III\outputs\models\releases\20260429_063853\prophet_best.pkl
2026-04-29 13:23:07 | INFO     | [PROPHET] Tipo de artefacto: <class 'dict'>
2026-04-29 13:23:07 | INFO     | [PROPHET] Claves del artefacto: ['model_class', 'params', 'model', 'target_name', 'feature_names']
2026-04-29 13:23:07 | INFO     | [PROPHET] Modelo cargado desde: C:\Users\USER\Documentos\Maestria\Mark-III\outputs\models\releases\20260429_063853\prophet_best.pkl
2026-04-29 13:23:07 | INFO     | [PROPHET] Regresores restaurados: ['Open', 'High', 'Low', 'Close', 'TickVolume', 'Volume', 'Return_1', 'LogReturn_1', 'Return_5', 'ReturnFwd_5', 'LogReturn_5', 'Return_10', 'ReturnFwd_10', 'LogReturn_10', 'SMA_20', 'SMA_50', 'EMA_12', 'EMA_26', 'RSI_14', 'MACD', 'MACD_Signal', 'MACD_Hist', 'BB_Upper', 'BB_Lower', 'BB_Width', 'ATR_14', 'Close_lag1', 'Close_lag2', 'Close_lag3', 'Close_lag5', 'Close_lag10', 'Volume_lag1', 'Volume_lag2', 'Volume_lag3', 'Volume_lag5', 'Volume_lag10']
2026-04-29 13:23:07 | INFO     | [PROPHET] Predicción (yhat) para 2026-04-29 21:15:00: -0.000354
2026-04-29 13:23:07 | INFO     |   📈 Modelo PROPHET -> retorno=-0.000354, pips=-4.14, signal=SELL, confidence=0.873, entry_plan=1.16838, SL_plan=1.16938, TP_plan=1.16638, entry_live=1.16778, SL_live=1.16878, TP_live=1.16578, lots=0.53, balance=5316.87, risk=53.00, open_risk=105.00, remaining_budget=54.51
2026-04-29 13:23:07 | INFO     | 
💾 Señales de producción guardadas en: outputs\production\production_signals.csv
2026-04-29 13:23:07 | INFO     | ✅ Orden enviada: model=PROPHET signal=SELL symbol=EURUSD lots=0.53 position_id=1846198307 SL=1.16878 TP=1.16578 protection=PROTECTED
2026-04-29 13:23:07 | INFO     | ✅ MODO PRODUCCIÓN COMPLETADO

2026-04-29 13:23:37 | INFO     | ============================================================
2026-04-29 13:23:37 | INFO     | TRADING PIPELINE INICIADO
2026-04-29 13:23:37 | INFO     | ============================================================
2026-04-29 13:23:37 | INFO     | 📁 Directorios de trabajo configurados
2026-04-29 13:23:37 | INFO     | 🚀 Ejecutando modo: SYNC_TRADES
2026-04-29 13:23:37 | INFO     | 
============================================================
2026-04-29 13:23:37 | INFO     | MODO: SYNC TRADES
2026-04-29 13:23:37 | INFO     | ============================================================

2026-04-29 13:23:37 | INFO     | 🔄 Sincronización completada. Trades cerrados registrados: 0
2026-04-29 13:23:37 | INFO     | ✅ MODO SYNC TRADES COMPLETADO

2026-04-29 13:24:37 | INFO     | ============================================================
2026-04-29 13:24:37 | INFO     | TRADING PIPELINE INICIADO
2026-04-29 13:24:37 | INFO     | ============================================================
2026-04-29 13:24:37 | INFO     | 📁 Directorios de trabajo configurados
2026-04-29 13:24:37 | INFO     | 🚀 Ejecutando modo: SYNC_TRADES
2026-04-29 13:24:37 | INFO     | 
============================================================
2026-04-29 13:24:37 | INFO     | MODO: SYNC TRADES
2026-04-29 13:24:37 | INFO     | ============================================================

2026-04-29 13:24:37 | INFO     | 🔄 Sincronización completada. Trades cerrados registrados: 0
2026-04-29 13:24:37 | INFO     | ✅ MODO SYNC TRADES COMPLETADO

2026-04-29 13:25:37 | INFO     | ============================================================
2026-04-29 13:25:37 | INFO     | TRADING PIPELINE INICIADO
2026-04-29 13:25:37 | INFO     | ============================================================
2026-04-29 13:25:37 | INFO     | 📁 Directorios de trabajo configurados
2026-04-29 13:25:37 | INFO     | 🚀 Ejecutando modo: SYNC_TRADES
2026-04-29 13:25:37 | INFO     | 
============================================================
2026-04-29 13:25:37 | INFO     | MODO: SYNC TRADES
2026-04-29 13:25:37 | INFO     | ============================================================

2026-04-29 13:25:37 | INFO     | 🔄 Sincronización completada. Trades cerrados registrados: 0
2026-04-29 13:25:37 | INFO     | ✅ MODO SYNC TRADES COMPLETADO

2026-04-29 13:26:37 | INFO     | ============================================================
2026-04-29 13:26:37 | INFO     | TRADING PIPELINE INICIADO
2026-04-29 13:26:37 | INFO     | ============================================================
2026-04-29 13:26:37 | INFO     | 📁 Directorios de trabajo configurados
2026-04-29 13:26:37 | INFO     | 🚀 Ejecutando modo: SYNC_TRADES
2026-04-29 13:26:37 | INFO     | 
============================================================
2026-04-29 13:26:37 | INFO     | MODO: SYNC TRADES
2026-04-29 13:26:37 | INFO     | ============================================================

2026-04-29 13:26:37 | INFO     | 🔄 Sincronización completada. Trades cerrados registrados: 0
2026-04-29 13:26:37 | INFO     | ✅ MODO SYNC TRADES COMPLETADO

2026-04-29 13:27:37 | INFO     | ============================================================
2026-04-29 13:27:37 | INFO     | TRADING PIPELINE INICIADO
2026-04-29 13:27:37 | INFO     | ============================================================
2026-04-29 13:27:37 | INFO     | 📁 Directorios de trabajo configurados
2026-04-29 13:27:37 | INFO     | 🚀 Ejecutando modo: SYNC_TRADES
2026-04-29 13:27:37 | INFO     | 
============================================================
2026-04-29 13:27:37 | INFO     | MODO: SYNC TRADES
2026-04-29 13:27:37 | INFO     | ============================================================

2026-04-29 13:27:37 | INFO     | 🔄 Sincronización completada. Trades cerrados registrados: 0
2026-04-29 13:27:37 | INFO     | ✅ MODO SYNC TRADES COMPLETADO

2026-04-29 13:28:07 | INFO     | ============================================================
2026-04-29 13:28:07 | INFO     | TRADING PIPELINE INICIADO
2026-04-29 13:28:07 | INFO     | ============================================================
2026-04-29 13:28:07 | INFO     | 📁 Directorios de trabajo configurados
2026-04-29 13:28:07 | INFO     | 🚀 Ejecutando modo: PRODUCTION
2026-04-29 13:28:07 | INFO     | 
============================================================
2026-04-29 13:28:07 | INFO     | MODO: PRODUCCIÓN
2026-04-29 13:28:07 | INFO     | ============================================================

2026-04-29 13:28:07 | INFO     | 📥 Cargando datos para producción...
2026-04-29 13:28:07 | INFO     | PASO 1: CARGANDO DATOS
2026-04-29 13:28:07 | INFO     | ------------------------------------------------------------
2026-04-29 13:28:07 | INFO     |   -> Símbolo 'EURUSD' cargado desde config/config.yaml
2026-04-29 13:28:07 | INFO     |   -> Timeframe 'M5' cargado desde config/config.yaml
2026-04-29 13:28:07 | INFO     | ✓ Datos cargados: 3000 filas, 6 columnas.
2026-04-29 13:28:07 | INFO     | PASO 2: LIMPIANDO DATOS
2026-04-29 13:28:07 | INFO     | ------------------------------------------------------------
2026-04-29 13:28:07 | INFO     | ✓ Datos limpios: 3000 filas restantes.
2026-04-29 13:28:07 | INFO     | PASO 3: GENERANDO FEATURES
2026-04-29 13:28:07 | INFO     | ------------------------------------------------------------
2026-04-29 13:28:07 | INFO     |   -> Retornos agregados para períodos: [1, 5, 10]
2026-04-29 13:28:07 | INFO     |   -> Indicadores técnicos agregados.
2026-04-29 13:28:07 | INFO     |   -> Lags agregados para la columna: 'Close'
2026-04-29 13:28:07 | INFO     |   -> Lags agregados para la columna: 'Volume'
2026-04-29 13:28:07 | INFO     |   -> Conteos de valores NaN generados por las features:
2026-04-29 13:28:07 | INFO     | ✓ Features generadas. Total columnas: 37.
2026-04-29 13:28:07 | INFO     | 🏆 Modelo campeón global según backtest: PROPHET
2026-04-29 13:28:07 | INFO     | 🎯 Producción configurada para operar únicamente con el modelo campeón.
2026-04-29 13:28:07 | INFO     | 📦 Release activa de producción: 20260429_063853 (activada 2026-04-29T06:41:48)
2026-04-29 13:28:07 | INFO     | Presupuesto de riesgo: total=159.51 | abierto=158.00 | restante=1.51 | por_trade=53.17
2026-04-29 13:28:07 | INFO     | 🔎 Generando señales de producción para TODOS los modelos habilitados...

2026-04-29 13:28:07 | INFO     | ➡ Procesando modelo: PROPHET | params={'changepoint_prior_scale': 0.01, 'daily_seasonality': False, 'seasonality_mode': 'additive', 'seasonality_prior_scale': 1.0, 'use_lagged_regressors': True, 'weekly_seasonality': True, 'yearly_seasonality': False}
2026-04-29 13:28:07 | INFO     |   💾 Intentando cargar el modelo desde: C:\Users\USER\Documentos\Maestria\Mark-III\outputs\models\releases\20260429_063853\prophet_best.pkl
2026-04-29 13:28:07 | INFO     | [PROPHET] Cargando artefacto desde: C:\Users\USER\Documentos\Maestria\Mark-III\outputs\models\releases\20260429_063853\prophet_best.pkl
2026-04-29 13:28:07 | INFO     | [PROPHET] Tipo de artefacto: <class 'dict'>
2026-04-29 13:28:07 | INFO     | [PROPHET] Claves del artefacto: ['model_class', 'params', 'model', 'target_name', 'feature_names']
2026-04-29 13:28:07 | INFO     | [PROPHET] Modelo cargado desde: C:\Users\USER\Documentos\Maestria\Mark-III\outputs\models\releases\20260429_063853\prophet_best.pkl
2026-04-29 13:28:07 | INFO     | [PROPHET] Regresores restaurados: ['Open', 'High', 'Low', 'Close', 'TickVolume', 'Volume', 'Return_1', 'LogReturn_1', 'Return_5', 'ReturnFwd_5', 'LogReturn_5', 'Return_10', 'ReturnFwd_10', 'LogReturn_10', 'SMA_20', 'SMA_50', 'EMA_12', 'EMA_26', 'RSI_14', 'MACD', 'MACD_Signal', 'MACD_Hist', 'BB_Upper', 'BB_Lower', 'BB_Width', 'ATR_14', 'Close_lag1', 'Close_lag2', 'Close_lag3', 'Close_lag5', 'Close_lag10', 'Volume_lag1', 'Volume_lag2', 'Volume_lag3', 'Volume_lag5', 'Volume_lag10']
2026-04-29 13:28:07 | INFO     | [PROPHET] Predicción (yhat) para 2026-04-29 21:20:00: -0.000082
2026-04-29 13:28:07 | INFO     |   📈 Modelo PROPHET -> retorno=-0.000082, pips=-0.96, signal=HOLD, confidence=0.500, entry_plan=nan, SL_plan=nan, TP_plan=nan, entry_live=nan, SL_live=nan, TP_live=nan, lots=0.00, balance=5316.87, risk=0.00, open_risk=158.00, remaining_budget=1.51
2026-04-29 13:28:07 | INFO     | 
💾 Señales de producción guardadas en: outputs\production\production_signals.csv
2026-04-29 13:28:07 | INFO     | ✅ MODO PRODUCCIÓN COMPLETADO

2026-04-29 13:28:37 | INFO     | ============================================================
2026-04-29 13:28:37 | INFO     | TRADING PIPELINE INICIADO
2026-04-29 13:28:37 | INFO     | ============================================================
2026-04-29 13:28:37 | INFO     | 📁 Directorios de trabajo configurados
2026-04-29 13:28:37 | INFO     | 🚀 Ejecutando modo: SYNC_TRADES
2026-04-29 13:28:37 | INFO     | 
============================================================
2026-04-29 13:28:37 | INFO     | MODO: SYNC TRADES
2026-04-29 13:28:37 | INFO     | ============================================================

2026-04-29 13:28:37 | INFO     | 🔄 Sincronización completada. Trades cerrados registrados: 0
2026-04-29 13:28:37 | INFO     | ✅ MODO SYNC TRADES COMPLETADO

2026-04-29 13:29:37 | INFO     | ============================================================
2026-04-29 13:29:37 | INFO     | TRADING PIPELINE INICIADO
2026-04-29 13:29:37 | INFO     | ============================================================
2026-04-29 13:29:37 | INFO     | 📁 Directorios de trabajo configurados
2026-04-29 13:29:37 | INFO     | 🚀 Ejecutando modo: SYNC_TRADES
2026-04-29 13:29:37 | INFO     | 
============================================================
2026-04-29 13:29:37 | INFO     | MODO: SYNC TRADES
2026-04-29 13:29:37 | INFO     | ============================================================

2026-04-29 13:29:37 | INFO     | 🔄 Sincronización completada. Trades cerrados registrados: 0
2026-04-29 13:29:37 | INFO     | ✅ MODO SYNC TRADES COMPLETADO

2026-04-29 13:30:37 | INFO     | ============================================================
2026-04-29 13:30:37 | INFO     | TRADING PIPELINE INICIADO
2026-04-29 13:30:37 | INFO     | ============================================================
2026-04-29 13:30:37 | INFO     | 📁 Directorios de trabajo configurados
2026-04-29 13:30:37 | INFO     | 🚀 Ejecutando modo: SYNC_TRADES
2026-04-29 13:30:37 | INFO     | 
============================================================
2026-04-29 13:30:37 | INFO     | MODO: SYNC TRADES
2026-04-29 13:30:37 | INFO     | ============================================================

2026-04-29 13:30:37 | INFO     | 🔄 Sincronización completada. Trades cerrados registrados: 0
2026-04-29 13:30:37 | INFO     | ✅ MODO SYNC TRADES COMPLETADO

2026-04-29 13:31:37 | INFO     | ============================================================
2026-04-29 13:31:37 | INFO     | TRADING PIPELINE INICIADO
2026-04-29 13:31:37 | INFO     | ============================================================
2026-04-29 13:31:37 | INFO     | 📁 Directorios de trabajo configurados
2026-04-29 13:31:37 | INFO     | 🚀 Ejecutando modo: SYNC_TRADES
2026-04-29 13:31:37 | INFO     | 
============================================================
2026-04-29 13:31:37 | INFO     | MODO: SYNC TRADES
2026-04-29 13:31:37 | INFO     | ============================================================

2026-04-29 13:31:37 | INFO     | 🔄 Sincronización completada. Trades cerrados registrados: 0
2026-04-29 13:31:37 | INFO     | ✅ MODO SYNC TRADES COMPLETADO

2026-04-29 13:32:37 | INFO     | ============================================================
2026-04-29 13:32:37 | INFO     | TRADING PIPELINE INICIADO
2026-04-29 13:32:37 | INFO     | ============================================================
2026-04-29 13:32:37 | INFO     | 📁 Directorios de trabajo configurados
2026-04-29 13:32:37 | INFO     | 🚀 Ejecutando modo: SYNC_TRADES
2026-04-29 13:32:37 | INFO     | 
============================================================
2026-04-29 13:32:37 | INFO     | MODO: SYNC TRADES
2026-04-29 13:32:37 | INFO     | ============================================================

2026-04-29 13:32:37 | INFO     | 🔄 Sincronización completada. Trades cerrados registrados: 0
2026-04-29 13:32:37 | INFO     | ✅ MODO SYNC TRADES COMPLETADO

2026-04-29 13:33:07 | INFO     | ============================================================
2026-04-29 13:33:07 | INFO     | TRADING PIPELINE INICIADO
2026-04-29 13:33:07 | INFO     | ============================================================
2026-04-29 13:33:07 | INFO     | 📁 Directorios de trabajo configurados
2026-04-29 13:33:07 | INFO     | 🚀 Ejecutando modo: PRODUCTION
2026-04-29 13:33:07 | INFO     | 
============================================================
2026-04-29 13:33:07 | INFO     | MODO: PRODUCCIÓN
2026-04-29 13:33:07 | INFO     | ============================================================

2026-04-29 13:33:07 | INFO     | 📥 Cargando datos para producción...
2026-04-29 13:33:07 | INFO     | PASO 1: CARGANDO DATOS
2026-04-29 13:33:07 | INFO     | ------------------------------------------------------------
2026-04-29 13:33:07 | INFO     |   -> Símbolo 'EURUSD' cargado desde config/config.yaml
2026-04-29 13:33:07 | INFO     |   -> Timeframe 'M5' cargado desde config/config.yaml
2026-04-29 13:33:07 | INFO     | ✓ Datos cargados: 3000 filas, 6 columnas.
2026-04-29 13:33:07 | INFO     | PASO 2: LIMPIANDO DATOS
2026-04-29 13:33:07 | INFO     | ------------------------------------------------------------
2026-04-29 13:33:07 | INFO     | ✓ Datos limpios: 3000 filas restantes.
2026-04-29 13:33:07 | INFO     | PASO 3: GENERANDO FEATURES
2026-04-29 13:33:07 | INFO     | ------------------------------------------------------------
2026-04-29 13:33:07 | INFO     |   -> Retornos agregados para períodos: [1, 5, 10]
2026-04-29 13:33:07 | INFO     |   -> Indicadores técnicos agregados.
2026-04-29 13:33:07 | INFO     |   -> Lags agregados para la columna: 'Close'
2026-04-29 13:33:07 | INFO     |   -> Lags agregados para la columna: 'Volume'
2026-04-29 13:33:07 | INFO     |   -> Conteos de valores NaN generados por las features:
2026-04-29 13:33:07 | INFO     | ✓ Features generadas. Total columnas: 37.
2026-04-29 13:33:07 | INFO     | 🏆 Modelo campeón global según backtest: PROPHET
2026-04-29 13:33:07 | INFO     | 🎯 Producción configurada para operar únicamente con el modelo campeón.
2026-04-29 13:33:07 | INFO     | 📦 Release activa de producción: 20260429_063853 (activada 2026-04-29T06:41:48)
2026-04-29 13:33:07 | INFO     | Presupuesto de riesgo: total=159.51 | abierto=158.00 | restante=1.51 | por_trade=53.17
2026-04-29 13:33:07 | INFO     | 🔎 Generando señales de producción para TODOS los modelos habilitados...

2026-04-29 13:33:07 | INFO     | ➡ Procesando modelo: PROPHET | params={'changepoint_prior_scale': 0.01, 'daily_seasonality': False, 'seasonality_mode': 'additive', 'seasonality_prior_scale': 1.0, 'use_lagged_regressors': True, 'weekly_seasonality': True, 'yearly_seasonality': False}
2026-04-29 13:33:07 | INFO     |   💾 Intentando cargar el modelo desde: C:\Users\USER\Documentos\Maestria\Mark-III\outputs\models\releases\20260429_063853\prophet_best.pkl
2026-04-29 13:33:07 | INFO     | [PROPHET] Cargando artefacto desde: C:\Users\USER\Documentos\Maestria\Mark-III\outputs\models\releases\20260429_063853\prophet_best.pkl
2026-04-29 13:33:07 | INFO     | [PROPHET] Tipo de artefacto: <class 'dict'>
2026-04-29 13:33:07 | INFO     | [PROPHET] Claves del artefacto: ['model_class', 'params', 'model', 'target_name', 'feature_names']
2026-04-29 13:33:07 | INFO     | [PROPHET] Modelo cargado desde: C:\Users\USER\Documentos\Maestria\Mark-III\outputs\models\releases\20260429_063853\prophet_best.pkl
2026-04-29 13:33:07 | INFO     | [PROPHET] Regresores restaurados: ['Open', 'High', 'Low', 'Close', 'TickVolume', 'Volume', 'Return_1', 'LogReturn_1', 'Return_5', 'ReturnFwd_5', 'LogReturn_5', 'Return_10', 'ReturnFwd_10', 'LogReturn_10', 'SMA_20', 'SMA_50', 'EMA_12', 'EMA_26', 'RSI_14', 'MACD', 'MACD_Signal', 'MACD_Hist', 'BB_Upper', 'BB_Lower', 'BB_Width', 'ATR_14', 'Close_lag1', 'Close_lag2', 'Close_lag3', 'Close_lag5', 'Close_lag10', 'Volume_lag1', 'Volume_lag2', 'Volume_lag3', 'Volume_lag5', 'Volume_lag10']
2026-04-29 13:33:07 | INFO     | [PROPHET] Predicción (yhat) para 2026-04-29 21:25:00: 0.000214
2026-04-29 13:33:07 | INFO     |   📈 Modelo PROPHET -> retorno=0.000214, pips=2.50, signal=BUY, confidence=0.681, entry_plan=1.16726, SL_plan=1.16626, TP_plan=1.16926, entry_live=1.16772, SL_live=1.16672, TP_live=1.16972, lots=0.02, balance=5316.87, risk=2.00, open_risk=158.00, remaining_budget=1.51
2026-04-29 13:33:07 | INFO     | 
💾 Señales de producción guardadas en: outputs\production\production_signals.csv
2026-04-29 13:33:07 | INFO     | ✅ Orden enviada: model=PROPHET signal=BUY symbol=EURUSD lots=0.02 position_id=1846252662 SL=1.16672 TP=1.16972 protection=PROTECTED
2026-04-29 13:33:07 | INFO     | ✅ MODO PRODUCCIÓN COMPLETADO

2026-04-29 13:33:37 | INFO     | ============================================================
2026-04-29 13:33:37 | INFO     | TRADING PIPELINE INICIADO
2026-04-29 13:33:37 | INFO     | ============================================================
2026-04-29 13:33:37 | INFO     | 📁 Directorios de trabajo configurados
2026-04-29 13:33:37 | INFO     | 🚀 Ejecutando modo: SYNC_TRADES
2026-04-29 13:33:37 | INFO     | 
============================================================
2026-04-29 13:33:37 | INFO     | MODO: SYNC TRADES
2026-04-29 13:33:37 | INFO     | ============================================================

2026-04-29 13:33:37 | INFO     | 🔄 Sincronización completada. Trades cerrados registrados: 0
2026-04-29 13:33:37 | INFO     | ✅ MODO SYNC TRADES COMPLETADO

2026-04-29 13:34:37 | INFO     | ============================================================
2026-04-29 13:34:37 | INFO     | TRADING PIPELINE INICIADO
2026-04-29 13:34:37 | INFO     | ============================================================
2026-04-29 13:34:37 | INFO     | 📁 Directorios de trabajo configurados
2026-04-29 13:34:37 | INFO     | 🚀 Ejecutando modo: SYNC_TRADES
2026-04-29 13:34:37 | INFO     | 
============================================================
2026-04-29 13:34:37 | INFO     | MODO: SYNC TRADES
2026-04-29 13:34:37 | INFO     | ============================================================

2026-04-29 13:34:37 | INFO     | 🔄 Sincronización completada. Trades cerrados registrados: 0
2026-04-29 13:34:37 | INFO     | ✅ MODO SYNC TRADES COMPLETADO

2026-04-29 13:35:37 | INFO     | ============================================================
2026-04-29 13:35:37 | INFO     | TRADING PIPELINE INICIADO
2026-04-29 13:35:37 | INFO     | ============================================================
2026-04-29 13:35:37 | INFO     | 📁 Directorios de trabajo configurados
2026-04-29 13:35:37 | INFO     | 🚀 Ejecutando modo: SYNC_TRADES
2026-04-29 13:35:37 | INFO     | 
============================================================
2026-04-29 13:35:37 | INFO     | MODO: SYNC TRADES
2026-04-29 13:35:37 | INFO     | ============================================================

2026-04-29 13:35:37 | INFO     | 🔄 Sincronización completada. Trades cerrados registrados: 0
2026-04-29 13:35:37 | INFO     | ✅ MODO SYNC TRADES COMPLETADO

2026-04-29 13:36:37 | INFO     | ============================================================
2026-04-29 13:36:37 | INFO     | TRADING PIPELINE INICIADO
2026-04-29 13:36:37 | INFO     | ============================================================
2026-04-29 13:36:37 | INFO     | 📁 Directorios de trabajo configurados
2026-04-29 13:36:37 | INFO     | 🚀 Ejecutando modo: SYNC_TRADES
2026-04-29 13:36:37 | INFO     | 
============================================================
2026-04-29 13:36:37 | INFO     | MODO: SYNC TRADES
2026-04-29 13:36:37 | INFO     | ============================================================

2026-04-29 13:36:37 | INFO     | 🔄 Sincronización completada. Trades cerrados registrados: 0
2026-04-29 13:36:37 | INFO     | ✅ MODO SYNC TRADES COMPLETADO

2026-04-29 13:37:38 | INFO     | ============================================================
2026-04-29 13:37:38 | INFO     | TRADING PIPELINE INICIADO
2026-04-29 13:37:38 | INFO     | ============================================================
2026-04-29 13:37:38 | INFO     | 📁 Directorios de trabajo configurados
2026-04-29 13:37:38 | INFO     | 🚀 Ejecutando modo: SYNC_TRADES
2026-04-29 13:37:38 | INFO     | 
============================================================
2026-04-29 13:37:38 | INFO     | MODO: SYNC TRADES
2026-04-29 13:37:38 | INFO     | ============================================================

2026-04-29 13:37:38 | INFO     | 🔄 Sincronización completada. Trades cerrados registrados: 0
2026-04-29 13:37:38 | INFO     | ✅ MODO SYNC TRADES COMPLETADO

2026-04-29 13:38:08 | INFO     | ============================================================
2026-04-29 13:38:08 | INFO     | TRADING PIPELINE INICIADO
2026-04-29 13:38:08 | INFO     | ============================================================
2026-04-29 13:38:08 | INFO     | 📁 Directorios de trabajo configurados
2026-04-29 13:38:08 | INFO     | 🚀 Ejecutando modo: PRODUCTION
2026-04-29 13:38:08 | INFO     | 
============================================================
2026-04-29 13:38:08 | INFO     | MODO: PRODUCCIÓN
2026-04-29 13:38:08 | INFO     | ============================================================

2026-04-29 13:38:08 | INFO     | 📥 Cargando datos para producción...
2026-04-29 13:38:08 | INFO     | PASO 1: CARGANDO DATOS
2026-04-29 13:38:08 | INFO     | ------------------------------------------------------------
2026-04-29 13:38:08 | INFO     |   -> Símbolo 'EURUSD' cargado desde config/config.yaml
2026-04-29 13:38:08 | INFO     |   -> Timeframe 'M5' cargado desde config/config.yaml
2026-04-29 13:38:08 | INFO     | ✓ Datos cargados: 3000 filas, 6 columnas.
2026-04-29 13:38:08 | INFO     | PASO 2: LIMPIANDO DATOS
2026-04-29 13:38:08 | INFO     | ------------------------------------------------------------
2026-04-29 13:38:08 | INFO     | ✓ Datos limpios: 3000 filas restantes.
2026-04-29 13:38:08 | INFO     | PASO 3: GENERANDO FEATURES
2026-04-29 13:38:08 | INFO     | ------------------------------------------------------------
2026-04-29 13:38:08 | INFO     |   -> Retornos agregados para períodos: [1, 5, 10]
2026-04-29 13:38:08 | INFO     |   -> Indicadores técnicos agregados.
2026-04-29 13:38:08 | INFO     |   -> Lags agregados para la columna: 'Close'
2026-04-29 13:38:08 | INFO     |   -> Lags agregados para la columna: 'Volume'
2026-04-29 13:38:08 | INFO     |   -> Conteos de valores NaN generados por las features:
2026-04-29 13:38:08 | INFO     | ✓ Features generadas. Total columnas: 37.
2026-04-29 13:38:08 | INFO     | 🏆 Modelo campeón global según backtest: PROPHET
2026-04-29 13:38:08 | INFO     | 🎯 Producción configurada para operar únicamente con el modelo campeón.
2026-04-29 13:38:08 | INFO     | 📦 Release activa de producción: 20260429_063853 (activada 2026-04-29T06:41:48)
2026-04-29 13:38:08 | INFO     | Presupuesto de riesgo: total=157.86 | abierto=105.00 | restante=52.86 | por_trade=52.62
2026-04-29 13:38:08 | INFO     | 🔎 Generando señales de producción para TODOS los modelos habilitados...

2026-04-29 13:38:08 | INFO     | ➡ Procesando modelo: PROPHET | params={'changepoint_prior_scale': 0.01, 'daily_seasonality': False, 'seasonality_mode': 'additive', 'seasonality_prior_scale': 1.0, 'use_lagged_regressors': True, 'weekly_seasonality': True, 'yearly_seasonality': False}
2026-04-29 13:38:08 | INFO     |   💾 Intentando cargar el modelo desde: C:\Users\USER\Documentos\Maestria\Mark-III\outputs\models\releases\20260429_063853\prophet_best.pkl
2026-04-29 13:38:08 | INFO     | [PROPHET] Cargando artefacto desde: C:\Users\USER\Documentos\Maestria\Mark-III\outputs\models\releases\20260429_063853\prophet_best.pkl
2026-04-29 13:38:08 | INFO     | [PROPHET] Tipo de artefacto: <class 'dict'>
2026-04-29 13:38:08 | INFO     | [PROPHET] Claves del artefacto: ['model_class', 'params', 'model', 'target_name', 'feature_names']
2026-04-29 13:38:08 | INFO     | [PROPHET] Modelo cargado desde: C:\Users\USER\Documentos\Maestria\Mark-III\outputs\models\releases\20260429_063853\prophet_best.pkl
2026-04-29 13:38:08 | INFO     | [PROPHET] Regresores restaurados: ['Open', 'High', 'Low', 'Close', 'TickVolume', 'Volume', 'Return_1', 'LogReturn_1', 'Return_5', 'ReturnFwd_5', 'LogReturn_5', 'Return_10', 'ReturnFwd_10', 'LogReturn_10', 'SMA_20', 'SMA_50', 'EMA_12', 'EMA_26', 'RSI_14', 'MACD', 'MACD_Signal', 'MACD_Hist', 'BB_Upper', 'BB_Lower', 'BB_Width', 'ATR_14', 'Close_lag1', 'Close_lag2', 'Close_lag3', 'Close_lag5', 'Close_lag10', 'Volume_lag1', 'Volume_lag2', 'Volume_lag3', 'Volume_lag5', 'Volume_lag10']
2026-04-29 13:38:08 | INFO     | [PROPHET] Predicción (yhat) para 2026-04-29 21:30:00: 0.000089
2026-04-29 13:38:08 | INFO     |   📈 Modelo PROPHET -> retorno=0.000089, pips=1.04, signal=HOLD, confidence=0.509, entry_plan=nan, SL_plan=nan, TP_plan=nan, entry_live=nan, SL_live=nan, TP_live=nan, lots=0.00, balance=5261.89, risk=0.00, open_risk=105.00, remaining_budget=52.86
2026-04-29 13:38:08 | INFO     | 
💾 Señales de producción guardadas en: outputs\production\production_signals.csv
2026-04-29 13:38:08 | INFO     | ✅ MODO PRODUCCIÓN COMPLETADO

2026-04-29 13:38:37 | INFO     | ============================================================
2026-04-29 13:38:37 | INFO     | TRADING PIPELINE INICIADO
2026-04-29 13:38:37 | INFO     | ============================================================
2026-04-29 13:38:37 | INFO     | 📁 Directorios de trabajo configurados
2026-04-29 13:38:37 | INFO     | 🚀 Ejecutando modo: SYNC_TRADES
2026-04-29 13:38:37 | INFO     | 
============================================================
2026-04-29 13:38:37 | INFO     | MODO: SYNC TRADES
2026-04-29 13:38:37 | INFO     | ============================================================

2026-04-29 13:38:37 | INFO     | 🔄 Sincronización completada. Trades cerrados registrados: 0
2026-04-29 13:38:37 | INFO     | ✅ MODO SYNC TRADES COMPLETADO

2026-04-29 13:39:37 | INFO     | ============================================================
2026-04-29 13:39:37 | INFO     | TRADING PIPELINE INICIADO
2026-04-29 13:39:37 | INFO     | ============================================================
2026-04-29 13:39:37 | INFO     | 📁 Directorios de trabajo configurados
2026-04-29 13:39:37 | INFO     | 🚀 Ejecutando modo: SYNC_TRADES
2026-04-29 13:39:37 | INFO     | 
============================================================
2026-04-29 13:39:37 | INFO     | MODO: SYNC TRADES
2026-04-29 13:39:37 | INFO     | ============================================================

2026-04-29 13:39:37 | INFO     | 🔄 Sincronización completada. Trades cerrados registrados: 0
2026-04-29 13:39:37 | INFO     | ✅ MODO SYNC TRADES COMPLETADO

2026-04-29 13:40:38 | INFO     | ============================================================
2026-04-29 13:40:38 | INFO     | TRADING PIPELINE INICIADO
2026-04-29 13:40:38 | INFO     | ============================================================
2026-04-29 13:40:38 | INFO     | 📁 Directorios de trabajo configurados
2026-04-29 13:40:38 | INFO     | 🚀 Ejecutando modo: SYNC_TRADES
2026-04-29 13:40:38 | INFO     | 
============================================================
2026-04-29 13:40:38 | INFO     | MODO: SYNC TRADES
2026-04-29 13:40:38 | INFO     | ============================================================

2026-04-29 13:40:38 | INFO     | 🔄 Sincronización completada. Trades cerrados registrados: 0
2026-04-29 13:40:38 | INFO     | ✅ MODO SYNC TRADES COMPLETADO

2026-04-29 13:41:37 | INFO     | ============================================================
2026-04-29 13:41:37 | INFO     | TRADING PIPELINE INICIADO
2026-04-29 13:41:37 | INFO     | ============================================================
2026-04-29 13:41:37 | INFO     | 📁 Directorios de trabajo configurados
2026-04-29 13:41:37 | INFO     | 🚀 Ejecutando modo: SYNC_TRADES
2026-04-29 13:41:37 | INFO     | 
============================================================
2026-04-29 13:41:37 | INFO     | MODO: SYNC TRADES
2026-04-29 13:41:37 | INFO     | ============================================================

2026-04-29 13:41:37 | INFO     | 🔄 Sincronización completada. Trades cerrados registrados: 0
2026-04-29 13:41:37 | INFO     | ✅ MODO SYNC TRADES COMPLETADO

2026-04-29 13:42:37 | INFO     | ============================================================
2026-04-29 13:42:37 | INFO     | TRADING PIPELINE INICIADO
2026-04-29 13:42:37 | INFO     | ============================================================
2026-04-29 13:42:37 | INFO     | 📁 Directorios de trabajo configurados
2026-04-29 13:42:37 | INFO     | 🚀 Ejecutando modo: SYNC_TRADES
2026-04-29 13:42:37 | INFO     | 
============================================================
2026-04-29 13:42:37 | INFO     | MODO: SYNC TRADES
2026-04-29 13:42:37 | INFO     | ============================================================

2026-04-29 13:42:37 | INFO     | 🔄 Sincronización completada. Trades cerrados registrados: 0
2026-04-29 13:42:37 | INFO     | ✅ MODO SYNC TRADES COMPLETADO

2026-04-29 13:43:07 | INFO     | ============================================================
2026-04-29 13:43:07 | INFO     | TRADING PIPELINE INICIADO
2026-04-29 13:43:07 | INFO     | ============================================================
2026-04-29 13:43:07 | INFO     | 📁 Directorios de trabajo configurados
2026-04-29 13:43:07 | INFO     | 🚀 Ejecutando modo: PRODUCTION
2026-04-29 13:43:07 | INFO     | 
============================================================
2026-04-29 13:43:07 | INFO     | MODO: PRODUCCIÓN
2026-04-29 13:43:07 | INFO     | ============================================================

2026-04-29 13:43:07 | INFO     | 📥 Cargando datos para producción...
2026-04-29 13:43:07 | INFO     | PASO 1: CARGANDO DATOS
2026-04-29 13:43:07 | INFO     | ------------------------------------------------------------
2026-04-29 13:43:07 | INFO     |   -> Símbolo 'EURUSD' cargado desde config/config.yaml
2026-04-29 13:43:07 | INFO     |   -> Timeframe 'M5' cargado desde config/config.yaml
2026-04-29 13:43:07 | INFO     | ✓ Datos cargados: 3000 filas, 6 columnas.
2026-04-29 13:43:07 | INFO     | PASO 2: LIMPIANDO DATOS
2026-04-29 13:43:07 | INFO     | ------------------------------------------------------------
2026-04-29 13:43:07 | INFO     | ✓ Datos limpios: 3000 filas restantes.
2026-04-29 13:43:07 | INFO     | PASO 3: GENERANDO FEATURES
2026-04-29 13:43:07 | INFO     | ------------------------------------------------------------
2026-04-29 13:43:07 | INFO     |   -> Retornos agregados para períodos: [1, 5, 10]
2026-04-29 13:43:07 | INFO     |   -> Indicadores técnicos agregados.
2026-04-29 13:43:07 | INFO     |   -> Lags agregados para la columna: 'Close'
2026-04-29 13:43:07 | INFO     |   -> Lags agregados para la columna: 'Volume'
2026-04-29 13:43:07 | INFO     |   -> Conteos de valores NaN generados por las features:
2026-04-29 13:43:07 | INFO     | ✓ Features generadas. Total columnas: 37.
2026-04-29 13:43:07 | INFO     | 🏆 Modelo campeón global según backtest: PROPHET
2026-04-29 13:43:07 | INFO     | 🎯 Producción configurada para operar únicamente con el modelo campeón.
2026-04-29 13:43:07 | INFO     | 📦 Release activa de producción: 20260429_063853 (activada 2026-04-29T06:41:48)
2026-04-29 13:43:07 | INFO     | Presupuesto de riesgo: total=157.86 | abierto=105.00 | restante=52.86 | por_trade=52.62
2026-04-29 13:43:07 | INFO     | 🔎 Generando señales de producción para TODOS los modelos habilitados...

2026-04-29 13:43:07 | INFO     | ➡ Procesando modelo: PROPHET | params={'changepoint_prior_scale': 0.01, 'daily_seasonality': False, 'seasonality_mode': 'additive', 'seasonality_prior_scale': 1.0, 'use_lagged_regressors': True, 'weekly_seasonality': True, 'yearly_seasonality': False}
2026-04-29 13:43:07 | INFO     |   💾 Intentando cargar el modelo desde: C:\Users\USER\Documentos\Maestria\Mark-III\outputs\models\releases\20260429_063853\prophet_best.pkl
2026-04-29 13:43:07 | INFO     | [PROPHET] Cargando artefacto desde: C:\Users\USER\Documentos\Maestria\Mark-III\outputs\models\releases\20260429_063853\prophet_best.pkl
2026-04-29 13:43:07 | INFO     | [PROPHET] Tipo de artefacto: <class 'dict'>
2026-04-29 13:43:07 | INFO     | [PROPHET] Claves del artefacto: ['model_class', 'params', 'model', 'target_name', 'feature_names']
2026-04-29 13:43:07 | INFO     | [PROPHET] Modelo cargado desde: C:\Users\USER\Documentos\Maestria\Mark-III\outputs\models\releases\20260429_063853\prophet_best.pkl
2026-04-29 13:43:07 | INFO     | [PROPHET] Regresores restaurados: ['Open', 'High', 'Low', 'Close', 'TickVolume', 'Volume', 'Return_1', 'LogReturn_1', 'Return_5', 'ReturnFwd_5', 'LogReturn_5', 'Return_10', 'ReturnFwd_10', 'LogReturn_10', 'SMA_20', 'SMA_50', 'EMA_12', 'EMA_26', 'RSI_14', 'MACD', 'MACD_Signal', 'MACD_Hist', 'BB_Upper', 'BB_Lower', 'BB_Width', 'ATR_14', 'Close_lag1', 'Close_lag2', 'Close_lag3', 'Close_lag5', 'Close_lag10', 'Volume_lag1', 'Volume_lag2', 'Volume_lag3', 'Volume_lag5', 'Volume_lag10']
2026-04-29 13:43:07 | INFO     | [PROPHET] Predicción (yhat) para 2026-04-29 21:35:00: -0.000457
2026-04-29 13:43:07 | INFO     |   📈 Modelo PROPHET -> retorno=-0.000457, pips=-5.33, signal=SELL, confidence=0.936, entry_plan=1.16772, SL_plan=1.16872, TP_plan=1.16572, entry_live=1.16696, SL_live=1.16796, TP_live=1.16496, lots=0.53, balance=5261.89, risk=53.00, open_risk=105.00, remaining_budget=52.86
2026-04-29 13:43:07 | INFO     | 
💾 Señales de producción guardadas en: outputs\production\production_signals.csv
2026-04-29 13:43:08 | INFO     | ✅ Orden enviada: model=PROPHET signal=SELL symbol=EURUSD lots=0.53 position_id=1846343193 SL=1.1679599999999999 TP=1.16496 protection=PROTECTED
2026-04-29 13:43:08 | INFO     | ✅ MODO PRODUCCIÓN COMPLETADO

2026-04-29 13:43:37 | INFO     | ============================================================
2026-04-29 13:43:37 | INFO     | TRADING PIPELINE INICIADO
2026-04-29 13:43:37 | INFO     | ============================================================
2026-04-29 13:43:37 | INFO     | 📁 Directorios de trabajo configurados
2026-04-29 13:43:37 | INFO     | 🚀 Ejecutando modo: SYNC_TRADES
2026-04-29 13:43:37 | INFO     | 
============================================================
2026-04-29 13:43:37 | INFO     | MODO: SYNC TRADES
2026-04-29 13:43:37 | INFO     | ============================================================

2026-04-29 13:43:37 | INFO     | 🔄 Sincronización completada. Trades cerrados registrados: 0
2026-04-29 13:43:37 | INFO     | ✅ MODO SYNC TRADES COMPLETADO

2026-04-29 13:44:37 | INFO     | ============================================================
2026-04-29 13:44:37 | INFO     | TRADING PIPELINE INICIADO
2026-04-29 13:44:37 | INFO     | ============================================================
2026-04-29 13:44:37 | INFO     | 📁 Directorios de trabajo configurados
2026-04-29 13:44:37 | INFO     | 🚀 Ejecutando modo: SYNC_TRADES
2026-04-29 13:44:37 | INFO     | 
============================================================
2026-04-29 13:44:37 | INFO     | MODO: SYNC TRADES
2026-04-29 13:44:37 | INFO     | ============================================================

2026-04-29 13:44:37 | INFO     | 🔄 Sincronización completada. Trades cerrados registrados: 0
2026-04-29 13:44:37 | INFO     | ✅ MODO SYNC TRADES COMPLETADO

2026-04-29 13:45:38 | INFO     | ============================================================
2026-04-29 13:45:38 | INFO     | TRADING PIPELINE INICIADO
2026-04-29 13:45:38 | INFO     | ============================================================
2026-04-29 13:45:38 | INFO     | 📁 Directorios de trabajo configurados
2026-04-29 13:45:38 | INFO     | 🚀 Ejecutando modo: SYNC_TRADES
2026-04-29 13:45:38 | INFO     | 
============================================================
2026-04-29 13:45:38 | INFO     | MODO: SYNC TRADES
2026-04-29 13:45:38 | INFO     | ============================================================

2026-04-29 13:45:38 | INFO     | 🔄 Sincronización completada. Trades cerrados registrados: 0
2026-04-29 13:45:38 | INFO     | ✅ MODO SYNC TRADES COMPLETADO

2026-04-29 13:46:37 | INFO     | ============================================================
2026-04-29 13:46:37 | INFO     | TRADING PIPELINE INICIADO
2026-04-29 13:46:37 | INFO     | ============================================================
2026-04-29 13:46:37 | INFO     | 📁 Directorios de trabajo configurados
2026-04-29 13:46:37 | INFO     | 🚀 Ejecutando modo: SYNC_TRADES
2026-04-29 13:46:37 | INFO     | 
============================================================
2026-04-29 13:46:37 | INFO     | MODO: SYNC TRADES
2026-04-29 13:46:37 | INFO     | ============================================================

2026-04-29 13:46:37 | INFO     | 🔄 Sincronización completada. Trades cerrados registrados: 0
2026-04-29 13:46:37 | INFO     | ✅ MODO SYNC TRADES COMPLETADO

2026-04-29 13:47:37 | INFO     | ============================================================
2026-04-29 13:47:37 | INFO     | TRADING PIPELINE INICIADO
2026-04-29 13:47:37 | INFO     | ============================================================
2026-04-29 13:47:37 | INFO     | 📁 Directorios de trabajo configurados
2026-04-29 13:47:37 | INFO     | 🚀 Ejecutando modo: SYNC_TRADES
2026-04-29 13:47:37 | INFO     | 
============================================================
2026-04-29 13:47:37 | INFO     | MODO: SYNC TRADES
2026-04-29 13:47:37 | INFO     | ============================================================

2026-04-29 13:47:37 | INFO     | 🔄 Sincronización completada. Trades cerrados registrados: 0
2026-04-29 13:47:37 | INFO     | ✅ MODO SYNC TRADES COMPLETADO

2026-04-29 13:48:07 | INFO     | ============================================================
2026-04-29 13:48:07 | INFO     | TRADING PIPELINE INICIADO
2026-04-29 13:48:07 | INFO     | ============================================================
2026-04-29 13:48:07 | INFO     | 📁 Directorios de trabajo configurados
2026-04-29 13:48:07 | INFO     | 🚀 Ejecutando modo: PRODUCTION
2026-04-29 13:48:07 | INFO     | 
============================================================
2026-04-29 13:48:07 | INFO     | MODO: PRODUCCIÓN
2026-04-29 13:48:07 | INFO     | ============================================================

2026-04-29 13:48:07 | INFO     | 📥 Cargando datos para producción...
2026-04-29 13:48:07 | INFO     | PASO 1: CARGANDO DATOS
2026-04-29 13:48:07 | INFO     | ------------------------------------------------------------
2026-04-29 13:48:07 | INFO     |   -> Símbolo 'EURUSD' cargado desde config/config.yaml
2026-04-29 13:48:07 | INFO     |   -> Timeframe 'M5' cargado desde config/config.yaml
2026-04-29 13:48:07 | INFO     | ✓ Datos cargados: 3000 filas, 6 columnas.
2026-04-29 13:48:07 | INFO     | PASO 2: LIMPIANDO DATOS
2026-04-29 13:48:07 | INFO     | ------------------------------------------------------------
2026-04-29 13:48:07 | INFO     | ✓ Datos limpios: 3000 filas restantes.
2026-04-29 13:48:07 | INFO     | PASO 3: GENERANDO FEATURES
2026-04-29 13:48:07 | INFO     | ------------------------------------------------------------
2026-04-29 13:48:07 | INFO     |   -> Retornos agregados para períodos: [1, 5, 10]
2026-04-29 13:48:07 | INFO     |   -> Indicadores técnicos agregados.
2026-04-29 13:48:07 | INFO     |   -> Lags agregados para la columna: 'Close'
2026-04-29 13:48:07 | INFO     |   -> Lags agregados para la columna: 'Volume'
2026-04-29 13:48:07 | INFO     |   -> Conteos de valores NaN generados por las features:
2026-04-29 13:48:07 | INFO     | ✓ Features generadas. Total columnas: 37.
2026-04-29 13:48:07 | INFO     | 🏆 Modelo campeón global según backtest: PROPHET
2026-04-29 13:48:07 | INFO     | 🎯 Producción configurada para operar únicamente con el modelo campeón.
2026-04-29 13:48:07 | INFO     | 📦 Release activa de producción: 20260429_063853 (activada 2026-04-29T06:41:48)
2026-04-29 13:48:07 | INFO     | Presupuesto de riesgo: total=162.56 | abierto=0.00 | restante=162.56 | por_trade=54.19
2026-04-29 13:48:07 | INFO     | 🔎 Generando señales de producción para TODOS los modelos habilitados...

2026-04-29 13:48:07 | INFO     | ➡ Procesando modelo: PROPHET | params={'changepoint_prior_scale': 0.01, 'daily_seasonality': False, 'seasonality_mode': 'additive', 'seasonality_prior_scale': 1.0, 'use_lagged_regressors': True, 'weekly_seasonality': True, 'yearly_seasonality': False}
2026-04-29 13:48:07 | INFO     |   💾 Intentando cargar el modelo desde: C:\Users\USER\Documentos\Maestria\Mark-III\outputs\models\releases\20260429_063853\prophet_best.pkl
2026-04-29 13:48:07 | INFO     | [PROPHET] Cargando artefacto desde: C:\Users\USER\Documentos\Maestria\Mark-III\outputs\models\releases\20260429_063853\prophet_best.pkl
2026-04-29 13:48:07 | INFO     | [PROPHET] Tipo de artefacto: <class 'dict'>
2026-04-29 13:48:07 | INFO     | [PROPHET] Claves del artefacto: ['model_class', 'params', 'model', 'target_name', 'feature_names']
2026-04-29 13:48:07 | INFO     | [PROPHET] Modelo cargado desde: C:\Users\USER\Documentos\Maestria\Mark-III\outputs\models\releases\20260429_063853\prophet_best.pkl
2026-04-29 13:48:07 | INFO     | [PROPHET] Regresores restaurados: ['Open', 'High', 'Low', 'Close', 'TickVolume', 'Volume', 'Return_1', 'LogReturn_1', 'Return_5', 'ReturnFwd_5', 'LogReturn_5', 'Return_10', 'ReturnFwd_10', 'LogReturn_10', 'SMA_20', 'SMA_50', 'EMA_12', 'EMA_26', 'RSI_14', 'MACD', 'MACD_Signal', 'MACD_Hist', 'BB_Upper', 'BB_Lower', 'BB_Width', 'ATR_14', 'Close_lag1', 'Close_lag2', 'Close_lag3', 'Close_lag5', 'Close_lag10', 'Volume_lag1', 'Volume_lag2', 'Volume_lag3', 'Volume_lag5', 'Volume_lag10']
2026-04-29 13:48:07 | INFO     | [PROPHET] Predicción (yhat) para 2026-04-29 21:40:00: -0.000032
2026-04-29 13:48:07 | INFO     |   📈 Modelo PROPHET -> retorno=-0.000032, pips=-0.37, signal=HOLD, confidence=0.430, entry_plan=nan, SL_plan=nan, TP_plan=nan, entry_live=nan, SL_live=nan, TP_live=nan, lots=0.00, balance=5418.72, risk=0.00, open_risk=0.00, remaining_budget=162.56
2026-04-29 13:48:07 | INFO     | 
💾 Señales de producción guardadas en: outputs\production\production_signals.csv
2026-04-29 13:48:07 | INFO     | ✅ MODO PRODUCCIÓN COMPLETADO

2026-04-29 13:48:37 | INFO     | ============================================================
2026-04-29 13:48:37 | INFO     | TRADING PIPELINE INICIADO
2026-04-29 13:48:37 | INFO     | ============================================================
2026-04-29 13:48:37 | INFO     | 📁 Directorios de trabajo configurados
2026-04-29 13:48:37 | INFO     | 🚀 Ejecutando modo: SYNC_TRADES
2026-04-29 13:48:37 | INFO     | 
============================================================
2026-04-29 13:48:37 | INFO     | MODO: SYNC TRADES
2026-04-29 13:48:37 | INFO     | ============================================================

2026-04-29 13:48:37 | INFO     | 🔄 Sincronización completada. Trades cerrados registrados: 0
2026-04-29 13:48:37 | INFO     | ✅ MODO SYNC TRADES COMPLETADO

2026-04-29 13:49:37 | INFO     | ============================================================
2026-04-29 13:49:37 | INFO     | TRADING PIPELINE INICIADO
2026-04-29 13:49:37 | INFO     | ============================================================
2026-04-29 13:49:37 | INFO     | 📁 Directorios de trabajo configurados
2026-04-29 13:49:37 | INFO     | 🚀 Ejecutando modo: SYNC_TRADES
2026-04-29 13:49:37 | INFO     | 
============================================================
2026-04-29 13:49:37 | INFO     | MODO: SYNC TRADES
2026-04-29 13:49:37 | INFO     | ============================================================

2026-04-29 13:49:37 | INFO     | 🔄 Sincronización completada. Trades cerrados registrados: 0
2026-04-29 13:49:37 | INFO     | ✅ MODO SYNC TRADES COMPLETADO

2026-04-29 13:50:38 | INFO     | ============================================================
2026-04-29 13:50:38 | INFO     | TRADING PIPELINE INICIADO
2026-04-29 13:50:38 | INFO     | ============================================================
2026-04-29 13:50:38 | INFO     | 📁 Directorios de trabajo configurados
2026-04-29 13:50:38 | INFO     | 🚀 Ejecutando modo: SYNC_TRADES
2026-04-29 13:50:38 | INFO     | 
============================================================
2026-04-29 13:50:38 | INFO     | MODO: SYNC TRADES
2026-04-29 13:50:38 | INFO     | ============================================================

2026-04-29 13:50:38 | INFO     | 🔄 Sincronización completada. Trades cerrados registrados: 0
2026-04-29 13:50:38 | INFO     | ✅ MODO SYNC TRADES COMPLETADO

2026-04-29 13:51:37 | INFO     | ============================================================
2026-04-29 13:51:37 | INFO     | TRADING PIPELINE INICIADO
2026-04-29 13:51:37 | INFO     | ============================================================
2026-04-29 13:51:37 | INFO     | 📁 Directorios de trabajo configurados
2026-04-29 13:51:37 | INFO     | 🚀 Ejecutando modo: SYNC_TRADES
2026-04-29 13:51:37 | INFO     | 
============================================================
2026-04-29 13:51:37 | INFO     | MODO: SYNC TRADES
2026-04-29 13:51:37 | INFO     | ============================================================

2026-04-29 13:51:37 | INFO     | 🔄 Sincronización completada. Trades cerrados registrados: 0
2026-04-29 13:51:37 | INFO     | ✅ MODO SYNC TRADES COMPLETADO

2026-04-29 13:52:37 | INFO     | ============================================================
2026-04-29 13:52:37 | INFO     | TRADING PIPELINE INICIADO
2026-04-29 13:52:37 | INFO     | ============================================================
2026-04-29 13:52:37 | INFO     | 📁 Directorios de trabajo configurados
2026-04-29 13:52:37 | INFO     | 🚀 Ejecutando modo: SYNC_TRADES
2026-04-29 13:52:37 | INFO     | 
============================================================
2026-04-29 13:52:37 | INFO     | MODO: SYNC TRADES
2026-04-29 13:52:37 | INFO     | ============================================================

2026-04-29 13:52:37 | INFO     | 🔄 Sincronización completada. Trades cerrados registrados: 0
2026-04-29 13:52:37 | INFO     | ✅ MODO SYNC TRADES COMPLETADO

2026-04-29 13:53:07 | INFO     | ============================================================
2026-04-29 13:53:07 | INFO     | TRADING PIPELINE INICIADO
2026-04-29 13:53:07 | INFO     | ============================================================
2026-04-29 13:53:07 | INFO     | 📁 Directorios de trabajo configurados
2026-04-29 13:53:07 | INFO     | 🚀 Ejecutando modo: PRODUCTION
2026-04-29 13:53:07 | INFO     | 
============================================================
2026-04-29 13:53:07 | INFO     | MODO: PRODUCCIÓN
2026-04-29 13:53:07 | INFO     | ============================================================

2026-04-29 13:53:07 | INFO     | 📥 Cargando datos para producción...
2026-04-29 13:53:07 | INFO     | PASO 1: CARGANDO DATOS
2026-04-29 13:53:07 | INFO     | ------------------------------------------------------------
2026-04-29 13:53:07 | INFO     |   -> Símbolo 'EURUSD' cargado desde config/config.yaml
2026-04-29 13:53:07 | INFO     |   -> Timeframe 'M5' cargado desde config/config.yaml
2026-04-29 13:53:07 | INFO     | ✓ Datos cargados: 3000 filas, 6 columnas.
2026-04-29 13:53:07 | INFO     | PASO 2: LIMPIANDO DATOS
2026-04-29 13:53:07 | INFO     | ------------------------------------------------------------
2026-04-29 13:53:07 | INFO     | ✓ Datos limpios: 3000 filas restantes.
2026-04-29 13:53:07 | INFO     | PASO 3: GENERANDO FEATURES
2026-04-29 13:53:07 | INFO     | ------------------------------------------------------------
2026-04-29 13:53:07 | INFO     |   -> Retornos agregados para períodos: [1, 5, 10]
2026-04-29 13:53:07 | INFO     |   -> Indicadores técnicos agregados.
2026-04-29 13:53:07 | INFO     |   -> Lags agregados para la columna: 'Close'
2026-04-29 13:53:07 | INFO     |   -> Lags agregados para la columna: 'Volume'
2026-04-29 13:53:07 | INFO     |   -> Conteos de valores NaN generados por las features:
2026-04-29 13:53:07 | INFO     | ✓ Features generadas. Total columnas: 37.
2026-04-29 13:53:07 | INFO     | 🏆 Modelo campeón global según backtest: PROPHET
2026-04-29 13:53:07 | INFO     | 🎯 Producción configurada para operar únicamente con el modelo campeón.
2026-04-29 13:53:07 | INFO     | 📦 Release activa de producción: 20260429_063853 (activada 2026-04-29T06:41:48)
2026-04-29 13:53:07 | INFO     | Presupuesto de riesgo: total=162.56 | abierto=0.00 | restante=162.56 | por_trade=54.19
2026-04-29 13:53:07 | INFO     | 🔎 Generando señales de producción para TODOS los modelos habilitados...

2026-04-29 13:53:07 | INFO     | ➡ Procesando modelo: PROPHET | params={'changepoint_prior_scale': 0.01, 'daily_seasonality': False, 'seasonality_mode': 'additive', 'seasonality_prior_scale': 1.0, 'use_lagged_regressors': True, 'weekly_seasonality': True, 'yearly_seasonality': False}
2026-04-29 13:53:07 | INFO     |   💾 Intentando cargar el modelo desde: C:\Users\USER\Documentos\Maestria\Mark-III\outputs\models\releases\20260429_063853\prophet_best.pkl
2026-04-29 13:53:07 | INFO     | [PROPHET] Cargando artefacto desde: C:\Users\USER\Documentos\Maestria\Mark-III\outputs\models\releases\20260429_063853\prophet_best.pkl
2026-04-29 13:53:07 | INFO     | [PROPHET] Tipo de artefacto: <class 'dict'>
2026-04-29 13:53:07 | INFO     | [PROPHET] Claves del artefacto: ['model_class', 'params', 'model', 'target_name', 'feature_names']
2026-04-29 13:53:07 | INFO     | [PROPHET] Modelo cargado desde: C:\Users\USER\Documentos\Maestria\Mark-III\outputs\models\releases\20260429_063853\prophet_best.pkl
2026-04-29 13:53:07 | INFO     | [PROPHET] Regresores restaurados: ['Open', 'High', 'Low', 'Close', 'TickVolume', 'Volume', 'Return_1', 'LogReturn_1', 'Return_5', 'ReturnFwd_5', 'LogReturn_5', 'Return_10', 'ReturnFwd_10', 'LogReturn_10', 'SMA_20', 'SMA_50', 'EMA_12', 'EMA_26', 'RSI_14', 'MACD', 'MACD_Signal', 'MACD_Hist', 'BB_Upper', 'BB_Lower', 'BB_Width', 'ATR_14', 'Close_lag1', 'Close_lag2', 'Close_lag3', 'Close_lag5', 'Close_lag10', 'Volume_lag1', 'Volume_lag2', 'Volume_lag3', 'Volume_lag5', 'Volume_lag10']
2026-04-29 13:53:07 | INFO     | [PROPHET] Predicción (yhat) para 2026-04-29 21:45:00: 0.000134
2026-04-29 13:53:07 | INFO     |   📈 Modelo PROPHET -> retorno=0.000134, pips=1.57, signal=HOLD, confidence=0.571, entry_plan=nan, SL_plan=nan, TP_plan=nan, entry_live=nan, SL_live=nan, TP_live=nan, lots=0.00, balance=5418.72, risk=0.00, open_risk=0.00, remaining_budget=162.56
2026-04-29 13:53:07 | INFO     | 
💾 Señales de producción guardadas en: outputs\production\production_signals.csv
2026-04-29 13:53:07 | INFO     | ✅ MODO PRODUCCIÓN COMPLETADO

2026-04-29 13:53:37 | INFO     | ============================================================
2026-04-29 13:53:37 | INFO     | TRADING PIPELINE INICIADO
2026-04-29 13:53:37 | INFO     | ============================================================
2026-04-29 13:53:37 | INFO     | 📁 Directorios de trabajo configurados
2026-04-29 13:53:37 | INFO     | 🚀 Ejecutando modo: SYNC_TRADES
2026-04-29 13:53:37 | INFO     | 
============================================================
2026-04-29 13:53:37 | INFO     | MODO: SYNC TRADES
2026-04-29 13:53:37 | INFO     | ============================================================

2026-04-29 13:53:37 | INFO     | 🔄 Sincronización completada. Trades cerrados registrados: 0
2026-04-29 13:53:37 | INFO     | ✅ MODO SYNC TRADES COMPLETADO

2026-04-29 13:54:37 | INFO     | ============================================================
2026-04-29 13:54:37 | INFO     | TRADING PIPELINE INICIADO
2026-04-29 13:54:37 | INFO     | ============================================================
2026-04-29 13:54:37 | INFO     | 📁 Directorios de trabajo configurados
2026-04-29 13:54:37 | INFO     | 🚀 Ejecutando modo: SYNC_TRADES
2026-04-29 13:54:37 | INFO     | 
============================================================
2026-04-29 13:54:37 | INFO     | MODO: SYNC TRADES
2026-04-29 13:54:37 | INFO     | ============================================================

2026-04-29 13:54:37 | INFO     | 🔄 Sincronización completada. Trades cerrados registrados: 0
2026-04-29 13:54:37 | INFO     | ✅ MODO SYNC TRADES COMPLETADO

2026-04-29 13:55:38 | INFO     | ============================================================
2026-04-29 13:55:38 | INFO     | TRADING PIPELINE INICIADO
2026-04-29 13:55:38 | INFO     | ============================================================
2026-04-29 13:55:38 | INFO     | 📁 Directorios de trabajo configurados
2026-04-29 13:55:38 | INFO     | 🚀 Ejecutando modo: SYNC_TRADES
2026-04-29 13:55:38 | INFO     | 
============================================================
2026-04-29 13:55:38 | INFO     | MODO: SYNC TRADES
2026-04-29 13:55:38 | INFO     | ============================================================

2026-04-29 13:55:38 | INFO     | 🔄 Sincronización completada. Trades cerrados registrados: 0
2026-04-29 13:55:38 | INFO     | ✅ MODO SYNC TRADES COMPLETADO

2026-04-29 13:56:37 | INFO     | ============================================================
2026-04-29 13:56:37 | INFO     | TRADING PIPELINE INICIADO
2026-04-29 13:56:37 | INFO     | ============================================================
2026-04-29 13:56:37 | INFO     | 📁 Directorios de trabajo configurados
2026-04-29 13:56:37 | INFO     | 🚀 Ejecutando modo: SYNC_TRADES
2026-04-29 13:56:37 | INFO     | 
============================================================
2026-04-29 13:56:37 | INFO     | MODO: SYNC TRADES
2026-04-29 13:56:37 | INFO     | ============================================================

2026-04-29 13:56:37 | INFO     | 🔄 Sincronización completada. Trades cerrados registrados: 0
2026-04-29 13:56:37 | INFO     | ✅ MODO SYNC TRADES COMPLETADO

2026-04-29 13:57:37 | INFO     | ============================================================
2026-04-29 13:57:37 | INFO     | TRADING PIPELINE INICIADO
2026-04-29 13:57:37 | INFO     | ============================================================
2026-04-29 13:57:37 | INFO     | 📁 Directorios de trabajo configurados
2026-04-29 13:57:37 | INFO     | 🚀 Ejecutando modo: SYNC_TRADES
2026-04-29 13:57:37 | INFO     | 
============================================================
2026-04-29 13:57:37 | INFO     | MODO: SYNC TRADES
2026-04-29 13:57:37 | INFO     | ============================================================

2026-04-29 13:57:37 | INFO     | 🔄 Sincronización completada. Trades cerrados registrados: 0
2026-04-29 13:57:37 | INFO     | ✅ MODO SYNC TRADES COMPLETADO

2026-04-29 13:58:07 | INFO     | ============================================================
2026-04-29 13:58:07 | INFO     | TRADING PIPELINE INICIADO
2026-04-29 13:58:07 | INFO     | ============================================================
2026-04-29 13:58:07 | INFO     | 📁 Directorios de trabajo configurados
2026-04-29 13:58:07 | INFO     | 🚀 Ejecutando modo: PRODUCTION
2026-04-29 13:58:07 | INFO     | 
============================================================
2026-04-29 13:58:07 | INFO     | MODO: PRODUCCIÓN
2026-04-29 13:58:07 | INFO     | ============================================================

2026-04-29 13:58:07 | INFO     | 📥 Cargando datos para producción...
2026-04-29 13:58:07 | INFO     | PASO 1: CARGANDO DATOS
2026-04-29 13:58:07 | INFO     | ------------------------------------------------------------
2026-04-29 13:58:07 | INFO     |   -> Símbolo 'EURUSD' cargado desde config/config.yaml
2026-04-29 13:58:07 | INFO     |   -> Timeframe 'M5' cargado desde config/config.yaml
2026-04-29 13:58:07 | INFO     | ✓ Datos cargados: 3000 filas, 6 columnas.
2026-04-29 13:58:07 | INFO     | PASO 2: LIMPIANDO DATOS
2026-04-29 13:58:07 | INFO     | ------------------------------------------------------------
2026-04-29 13:58:07 | INFO     | ✓ Datos limpios: 3000 filas restantes.
2026-04-29 13:58:07 | INFO     | PASO 3: GENERANDO FEATURES
2026-04-29 13:58:07 | INFO     | ------------------------------------------------------------
2026-04-29 13:58:07 | INFO     |   -> Retornos agregados para períodos: [1, 5, 10]
2026-04-29 13:58:07 | INFO     |   -> Indicadores técnicos agregados.
2026-04-29 13:58:07 | INFO     |   -> Lags agregados para la columna: 'Close'
2026-04-29 13:58:07 | INFO     |   -> Lags agregados para la columna: 'Volume'
2026-04-29 13:58:07 | INFO     |   -> Conteos de valores NaN generados por las features:
2026-04-29 13:58:07 | INFO     | ✓ Features generadas. Total columnas: 37.
2026-04-29 13:58:07 | INFO     | 🏆 Modelo campeón global según backtest: PROPHET
2026-04-29 13:58:07 | INFO     | 🎯 Producción configurada para operar únicamente con el modelo campeón.
2026-04-29 13:58:07 | INFO     | 📦 Release activa de producción: 20260429_063853 (activada 2026-04-29T06:41:48)
2026-04-29 13:58:07 | INFO     | Presupuesto de riesgo: total=162.56 | abierto=0.00 | restante=162.56 | por_trade=54.19
2026-04-29 13:58:07 | INFO     | 🔎 Generando señales de producción para TODOS los modelos habilitados...

2026-04-29 13:58:07 | INFO     | ➡ Procesando modelo: PROPHET | params={'changepoint_prior_scale': 0.01, 'daily_seasonality': False, 'seasonality_mode': 'additive', 'seasonality_prior_scale': 1.0, 'use_lagged_regressors': True, 'weekly_seasonality': True, 'yearly_seasonality': False}
2026-04-29 13:58:07 | INFO     |   💾 Intentando cargar el modelo desde: C:\Users\USER\Documentos\Maestria\Mark-III\outputs\models\releases\20260429_063853\prophet_best.pkl
2026-04-29 13:58:07 | INFO     | [PROPHET] Cargando artefacto desde: C:\Users\USER\Documentos\Maestria\Mark-III\outputs\models\releases\20260429_063853\prophet_best.pkl
2026-04-29 13:58:07 | INFO     | [PROPHET] Tipo de artefacto: <class 'dict'>
2026-04-29 13:58:07 | INFO     | [PROPHET] Claves del artefacto: ['model_class', 'params', 'model', 'target_name', 'feature_names']
2026-04-29 13:58:07 | INFO     | [PROPHET] Modelo cargado desde: C:\Users\USER\Documentos\Maestria\Mark-III\outputs\models\releases\20260429_063853\prophet_best.pkl
2026-04-29 13:58:07 | INFO     | [PROPHET] Regresores restaurados: ['Open', 'High', 'Low', 'Close', 'TickVolume', 'Volume', 'Return_1', 'LogReturn_1', 'Return_5', 'ReturnFwd_5', 'LogReturn_5', 'Return_10', 'ReturnFwd_10', 'LogReturn_10', 'SMA_20', 'SMA_50', 'EMA_12', 'EMA_26', 'RSI_14', 'MACD', 'MACD_Signal', 'MACD_Hist', 'BB_Upper', 'BB_Lower', 'BB_Width', 'ATR_14', 'Close_lag1', 'Close_lag2', 'Close_lag3', 'Close_lag5', 'Close_lag10', 'Volume_lag1', 'Volume_lag2', 'Volume_lag3', 'Volume_lag5', 'Volume_lag10']
2026-04-29 13:58:07 | INFO     | [PROPHET] Predicción (yhat) para 2026-04-29 21:50:00: 0.000742
2026-04-29 13:58:07 | INFO     |   📈 Modelo PROPHET -> retorno=0.000742, pips=8.65, signal=BUY, confidence=0.936, entry_plan=1.16615, SL_plan=1.16505, TP_plan=1.16836, entry_live=1.16727, SL_live=1.16617, TP_live=1.16948, lots=0.49, balance=5418.72, risk=53.90, open_risk=0.00, remaining_budget=162.56
2026-04-29 13:58:07 | INFO     | 
💾 Señales de producción guardadas en: outputs\production\production_signals.csv
2026-04-29 13:58:08 | INFO     | ✅ Orden enviada: model=PROPHET signal=BUY symbol=EURUSD lots=0.49 position_id=1846433872 SL=1.16617 TP=1.16948 protection=PROTECTED
2026-04-29 13:58:08 | INFO     | ✅ MODO PRODUCCIÓN COMPLETADO

2026-04-29 13:58:37 | INFO     | ============================================================
2026-04-29 13:58:37 | INFO     | TRADING PIPELINE INICIADO
2026-04-29 13:58:37 | INFO     | ============================================================
2026-04-29 13:58:37 | INFO     | 📁 Directorios de trabajo configurados
2026-04-29 13:58:37 | INFO     | 🚀 Ejecutando modo: SYNC_TRADES
2026-04-29 13:58:37 | INFO     | 
============================================================
2026-04-29 13:58:37 | INFO     | MODO: SYNC TRADES
2026-04-29 13:58:37 | INFO     | ============================================================

2026-04-29 13:58:37 | INFO     | 🔄 Sincronización completada. Trades cerrados registrados: 0
2026-04-29 13:58:37 | INFO     | ✅ MODO SYNC TRADES COMPLETADO

2026-04-29 13:59:37 | INFO     | ============================================================
2026-04-29 13:59:37 | INFO     | TRADING PIPELINE INICIADO
2026-04-29 13:59:37 | INFO     | ============================================================
2026-04-29 13:59:37 | INFO     | 📁 Directorios de trabajo configurados
2026-04-29 13:59:37 | INFO     | 🚀 Ejecutando modo: SYNC_TRADES
2026-04-29 13:59:37 | INFO     | 
============================================================
2026-04-29 13:59:37 | INFO     | MODO: SYNC TRADES
2026-04-29 13:59:37 | INFO     | ============================================================

2026-04-29 13:59:37 | INFO     | 🔄 Sincronización completada. Trades cerrados registrados: 0
2026-04-29 13:59:37 | INFO     | ✅ MODO SYNC TRADES COMPLETADO

2026-04-29 14:00:38 | INFO     | ============================================================
2026-04-29 14:00:38 | INFO     | TRADING PIPELINE INICIADO
2026-04-29 14:00:38 | INFO     | ============================================================
2026-04-29 14:00:38 | INFO     | 📁 Directorios de trabajo configurados
2026-04-29 14:00:38 | INFO     | 🚀 Ejecutando modo: SYNC_TRADES
2026-04-29 14:00:38 | INFO     | 
============================================================
2026-04-29 14:00:38 | INFO     | MODO: SYNC TRADES
2026-04-29 14:00:38 | INFO     | ============================================================

2026-04-29 14:00:38 | INFO     | 🔄 Sincronización completada. Trades cerrados registrados: 0
2026-04-29 14:00:38 | INFO     | ✅ MODO SYNC TRADES COMPLETADO

2026-04-29 14:01:37 | INFO     | ============================================================
2026-04-29 14:01:37 | INFO     | TRADING PIPELINE INICIADO
2026-04-29 14:01:37 | INFO     | ============================================================
2026-04-29 14:01:37 | INFO     | 📁 Directorios de trabajo configurados
2026-04-29 14:01:37 | INFO     | 🚀 Ejecutando modo: SYNC_TRADES
2026-04-29 14:01:37 | INFO     | 
============================================================
2026-04-29 14:01:37 | INFO     | MODO: SYNC TRADES
2026-04-29 14:01:37 | INFO     | ============================================================

2026-04-29 14:01:37 | INFO     | 🔄 Sincronización completada. Trades cerrados registrados: 0
2026-04-29 14:01:37 | INFO     | ✅ MODO SYNC TRADES COMPLETADO

2026-04-29 14:02:37 | INFO     | ============================================================
2026-04-29 14:02:37 | INFO     | TRADING PIPELINE INICIADO
2026-04-29 14:02:37 | INFO     | ============================================================
2026-04-29 14:02:37 | INFO     | 📁 Directorios de trabajo configurados
2026-04-29 14:02:37 | INFO     | 🚀 Ejecutando modo: SYNC_TRADES
2026-04-29 14:02:37 | INFO     | 
============================================================
2026-04-29 14:02:37 | INFO     | MODO: SYNC TRADES
2026-04-29 14:02:37 | INFO     | ============================================================

2026-04-29 14:02:37 | INFO     | 🔄 Sincronización completada. Trades cerrados registrados: 0
2026-04-29 14:02:37 | INFO     | ✅ MODO SYNC TRADES COMPLETADO

2026-04-29 14:03:07 | INFO     | ============================================================
2026-04-29 14:03:07 | INFO     | TRADING PIPELINE INICIADO
2026-04-29 14:03:07 | INFO     | ============================================================
2026-04-29 14:03:07 | INFO     | 📁 Directorios de trabajo configurados
2026-04-29 14:03:07 | INFO     | 🚀 Ejecutando modo: PRODUCTION
2026-04-29 14:03:07 | INFO     | 
============================================================
2026-04-29 14:03:07 | INFO     | MODO: PRODUCCIÓN
2026-04-29 14:03:07 | INFO     | ============================================================

2026-04-29 14:03:07 | INFO     | 📥 Cargando datos para producción...
2026-04-29 14:03:07 | INFO     | PASO 1: CARGANDO DATOS
2026-04-29 14:03:07 | INFO     | ------------------------------------------------------------
2026-04-29 14:03:07 | INFO     |   -> Símbolo 'EURUSD' cargado desde config/config.yaml
2026-04-29 14:03:07 | INFO     |   -> Timeframe 'M5' cargado desde config/config.yaml
2026-04-29 14:03:07 | INFO     | ✓ Datos cargados: 3000 filas, 6 columnas.
2026-04-29 14:03:07 | INFO     | PASO 2: LIMPIANDO DATOS
2026-04-29 14:03:07 | INFO     | ------------------------------------------------------------
2026-04-29 14:03:07 | INFO     | ✓ Datos limpios: 3000 filas restantes.
2026-04-29 14:03:07 | INFO     | PASO 3: GENERANDO FEATURES
2026-04-29 14:03:07 | INFO     | ------------------------------------------------------------
2026-04-29 14:03:07 | INFO     |   -> Retornos agregados para períodos: [1, 5, 10]
2026-04-29 14:03:07 | INFO     |   -> Indicadores técnicos agregados.
2026-04-29 14:03:07 | INFO     |   -> Lags agregados para la columna: 'Close'
2026-04-29 14:03:07 | INFO     |   -> Lags agregados para la columna: 'Volume'
2026-04-29 14:03:07 | INFO     |   -> Conteos de valores NaN generados por las features:
2026-04-29 14:03:07 | INFO     | ✓ Features generadas. Total columnas: 37.
2026-04-29 14:03:07 | INFO     | 🏆 Modelo campeón global según backtest: PROPHET
2026-04-29 14:03:07 | INFO     | 🎯 Producción configurada para operar únicamente con el modelo campeón.
2026-04-29 14:03:07 | INFO     | 📦 Release activa de producción: 20260429_063853 (activada 2026-04-29T06:41:48)
2026-04-29 14:03:07 | INFO     | Presupuesto de riesgo: total=162.56 | abierto=54.39 | restante=108.17 | por_trade=54.19
2026-04-29 14:03:07 | INFO     | 🔎 Generando señales de producción para TODOS los modelos habilitados...

2026-04-29 14:03:07 | INFO     | ➡ Procesando modelo: PROPHET | params={'changepoint_prior_scale': 0.01, 'daily_seasonality': False, 'seasonality_mode': 'additive', 'seasonality_prior_scale': 1.0, 'use_lagged_regressors': True, 'weekly_seasonality': True, 'yearly_seasonality': False}
2026-04-29 14:03:07 | INFO     |   💾 Intentando cargar el modelo desde: C:\Users\USER\Documentos\Maestria\Mark-III\outputs\models\releases\20260429_063853\prophet_best.pkl
2026-04-29 14:03:07 | INFO     | [PROPHET] Cargando artefacto desde: C:\Users\USER\Documentos\Maestria\Mark-III\outputs\models\releases\20260429_063853\prophet_best.pkl
2026-04-29 14:03:07 | INFO     | [PROPHET] Tipo de artefacto: <class 'dict'>
2026-04-29 14:03:07 | INFO     | [PROPHET] Claves del artefacto: ['model_class', 'params', 'model', 'target_name', 'feature_names']
2026-04-29 14:03:07 | INFO     | [PROPHET] Modelo cargado desde: C:\Users\USER\Documentos\Maestria\Mark-III\outputs\models\releases\20260429_063853\prophet_best.pkl
2026-04-29 14:03:07 | INFO     | [PROPHET] Regresores restaurados: ['Open', 'High', 'Low', 'Close', 'TickVolume', 'Volume', 'Return_1', 'LogReturn_1', 'Return_5', 'ReturnFwd_5', 'LogReturn_5', 'Return_10', 'ReturnFwd_10', 'LogReturn_10', 'SMA_20', 'SMA_50', 'EMA_12', 'EMA_26', 'RSI_14', 'MACD', 'MACD_Signal', 'MACD_Hist', 'BB_Upper', 'BB_Lower', 'BB_Width', 'ATR_14', 'Close_lag1', 'Close_lag2', 'Close_lag3', 'Close_lag5', 'Close_lag10', 'Volume_lag1', 'Volume_lag2', 'Volume_lag3', 'Volume_lag5', 'Volume_lag10']
2026-04-29 14:03:07 | INFO     | [PROPHET] Predicción (yhat) para 2026-04-29 21:55:00: -0.000023
2026-04-29 14:03:07 | INFO     |   📈 Modelo PROPHET -> retorno=-0.000023, pips=-0.27, signal=HOLD, confidence=0.418, entry_plan=nan, SL_plan=nan, TP_plan=nan, entry_live=nan, SL_live=nan, TP_live=nan, lots=0.00, balance=5418.72, risk=0.00, open_risk=54.39, remaining_budget=108.17
2026-04-29 14:03:07 | INFO     | 
💾 Señales de producción guardadas en: outputs\production\production_signals.csv
2026-04-29 14:03:07 | INFO     | ✅ MODO PRODUCCIÓN COMPLETADO

2026-04-29 14:03:37 | INFO     | ============================================================
2026-04-29 14:03:37 | INFO     | TRADING PIPELINE INICIADO
2026-04-29 14:03:37 | INFO     | ============================================================
2026-04-29 14:03:37 | INFO     | 📁 Directorios de trabajo configurados
2026-04-29 14:03:37 | INFO     | 🚀 Ejecutando modo: SYNC_TRADES
2026-04-29 14:03:37 | INFO     | 
============================================================
2026-04-29 14:03:37 | INFO     | MODO: SYNC TRADES
2026-04-29 14:03:37 | INFO     | ============================================================

2026-04-29 14:03:37 | INFO     | 🔄 Sincronización completada. Trades cerrados registrados: 0
2026-04-29 14:03:37 | INFO     | ✅ MODO SYNC TRADES COMPLETADO

2026-04-29 14:04:37 | INFO     | ============================================================
2026-04-29 14:04:37 | INFO     | TRADING PIPELINE INICIADO
2026-04-29 14:04:37 | INFO     | ============================================================
2026-04-29 14:04:37 | INFO     | 📁 Directorios de trabajo configurados
2026-04-29 14:04:37 | INFO     | 🚀 Ejecutando modo: SYNC_TRADES
2026-04-29 14:04:37 | INFO     | 
============================================================
2026-04-29 14:04:37 | INFO     | MODO: SYNC TRADES
2026-04-29 14:04:37 | INFO     | ============================================================

2026-04-29 14:04:37 | INFO     | 🔄 Sincronización completada. Trades cerrados registrados: 0
2026-04-29 14:04:37 | INFO     | ✅ MODO SYNC TRADES COMPLETADO

2026-04-29 14:05:37 | INFO     | ============================================================
2026-04-29 14:05:37 | INFO     | TRADING PIPELINE INICIADO
2026-04-29 14:05:37 | INFO     | ============================================================
2026-04-29 14:05:37 | INFO     | 📁 Directorios de trabajo configurados
2026-04-29 14:05:37 | INFO     | 🚀 Ejecutando modo: SYNC_TRADES
2026-04-29 14:05:37 | INFO     | 
============================================================
2026-04-29 14:05:37 | INFO     | MODO: SYNC TRADES
2026-04-29 14:05:37 | INFO     | ============================================================

2026-04-29 14:05:37 | INFO     | 🔄 Sincronización completada. Trades cerrados registrados: 0
2026-04-29 14:05:37 | INFO     | ✅ MODO SYNC TRADES COMPLETADO

2026-04-29 14:06:37 | INFO     | ============================================================
2026-04-29 14:06:37 | INFO     | TRADING PIPELINE INICIADO
2026-04-29 14:06:37 | INFO     | ============================================================
2026-04-29 14:06:37 | INFO     | 📁 Directorios de trabajo configurados
2026-04-29 14:06:37 | INFO     | 🚀 Ejecutando modo: SYNC_TRADES
2026-04-29 14:06:37 | INFO     | 
============================================================
2026-04-29 14:06:37 | INFO     | MODO: SYNC TRADES
2026-04-29 14:06:37 | INFO     | ============================================================

2026-04-29 14:06:37 | INFO     | 🔄 Sincronización completada. Trades cerrados registrados: 0
2026-04-29 14:06:37 | INFO     | ✅ MODO SYNC TRADES COMPLETADO

2026-04-29 14:07:37 | INFO     | ============================================================
2026-04-29 14:07:37 | INFO     | TRADING PIPELINE INICIADO
2026-04-29 14:07:37 | INFO     | ============================================================
2026-04-29 14:07:37 | INFO     | 📁 Directorios de trabajo configurados
2026-04-29 14:07:37 | INFO     | 🚀 Ejecutando modo: SYNC_TRADES
2026-04-29 14:07:37 | INFO     | 
============================================================
2026-04-29 14:07:37 | INFO     | MODO: SYNC TRADES
2026-04-29 14:07:37 | INFO     | ============================================================

2026-04-29 14:07:37 | INFO     | 🔄 Sincronización completada. Trades cerrados registrados: 0
2026-04-29 14:07:37 | INFO     | ✅ MODO SYNC TRADES COMPLETADO

2026-04-29 14:08:07 | INFO     | ============================================================
2026-04-29 14:08:07 | INFO     | TRADING PIPELINE INICIADO
2026-04-29 14:08:07 | INFO     | ============================================================
2026-04-29 14:08:07 | INFO     | 📁 Directorios de trabajo configurados
2026-04-29 14:08:07 | INFO     | 🚀 Ejecutando modo: PRODUCTION
2026-04-29 14:08:07 | INFO     | 
============================================================
2026-04-29 14:08:07 | INFO     | MODO: PRODUCCIÓN
2026-04-29 14:08:07 | INFO     | ============================================================

2026-04-29 14:08:07 | INFO     | 📥 Cargando datos para producción...
2026-04-29 14:08:07 | INFO     | PASO 1: CARGANDO DATOS
2026-04-29 14:08:07 | INFO     | ------------------------------------------------------------
2026-04-29 14:08:07 | INFO     |   -> Símbolo 'EURUSD' cargado desde config/config.yaml
2026-04-29 14:08:07 | INFO     |   -> Timeframe 'M5' cargado desde config/config.yaml
2026-04-29 14:08:07 | INFO     | ✓ Datos cargados: 3000 filas, 6 columnas.
2026-04-29 14:08:07 | INFO     | PASO 2: LIMPIANDO DATOS
2026-04-29 14:08:07 | INFO     | ------------------------------------------------------------
2026-04-29 14:08:07 | INFO     | ✓ Datos limpios: 3000 filas restantes.
2026-04-29 14:08:07 | INFO     | PASO 3: GENERANDO FEATURES
2026-04-29 14:08:07 | INFO     | ------------------------------------------------------------
2026-04-29 14:08:07 | INFO     |   -> Retornos agregados para períodos: [1, 5, 10]
2026-04-29 14:08:07 | INFO     |   -> Indicadores técnicos agregados.
2026-04-29 14:08:07 | INFO     |   -> Lags agregados para la columna: 'Close'
2026-04-29 14:08:07 | INFO     |   -> Lags agregados para la columna: 'Volume'
2026-04-29 14:08:07 | INFO     |   -> Conteos de valores NaN generados por las features:
2026-04-29 14:08:07 | INFO     | ✓ Features generadas. Total columnas: 37.
2026-04-29 14:08:07 | INFO     | 🏆 Modelo campeón global según backtest: PROPHET
2026-04-29 14:08:07 | INFO     | 🎯 Producción configurada para operar únicamente con el modelo campeón.
2026-04-29 14:08:07 | INFO     | 📦 Release activa de producción: 20260429_063853 (activada 2026-04-29T06:41:48)
2026-04-29 14:08:07 | INFO     | Presupuesto de riesgo: total=162.56 | abierto=54.39 | restante=108.17 | por_trade=54.19
2026-04-29 14:08:07 | INFO     | 🔎 Generando señales de producción para TODOS los modelos habilitados...

2026-04-29 14:08:07 | INFO     | ➡ Procesando modelo: PROPHET | params={'changepoint_prior_scale': 0.01, 'daily_seasonality': False, 'seasonality_mode': 'additive', 'seasonality_prior_scale': 1.0, 'use_lagged_regressors': True, 'weekly_seasonality': True, 'yearly_seasonality': False}
2026-04-29 14:08:07 | INFO     |   💾 Intentando cargar el modelo desde: C:\Users\USER\Documentos\Maestria\Mark-III\outputs\models\releases\20260429_063853\prophet_best.pkl
2026-04-29 14:08:07 | INFO     | [PROPHET] Cargando artefacto desde: C:\Users\USER\Documentos\Maestria\Mark-III\outputs\models\releases\20260429_063853\prophet_best.pkl
2026-04-29 14:08:07 | INFO     | [PROPHET] Tipo de artefacto: <class 'dict'>
2026-04-29 14:08:07 | INFO     | [PROPHET] Claves del artefacto: ['model_class', 'params', 'model', 'target_name', 'feature_names']
2026-04-29 14:08:07 | INFO     | [PROPHET] Modelo cargado desde: C:\Users\USER\Documentos\Maestria\Mark-III\outputs\models\releases\20260429_063853\prophet_best.pkl
2026-04-29 14:08:07 | INFO     | [PROPHET] Regresores restaurados: ['Open', 'High', 'Low', 'Close', 'TickVolume', 'Volume', 'Return_1', 'LogReturn_1', 'Return_5', 'ReturnFwd_5', 'LogReturn_5', 'Return_10', 'ReturnFwd_10', 'LogReturn_10', 'SMA_20', 'SMA_50', 'EMA_12', 'EMA_26', 'RSI_14', 'MACD', 'MACD_Signal', 'MACD_Hist', 'BB_Upper', 'BB_Lower', 'BB_Width', 'ATR_14', 'Close_lag1', 'Close_lag2', 'Close_lag3', 'Close_lag5', 'Close_lag10', 'Volume_lag1', 'Volume_lag2', 'Volume_lag3', 'Volume_lag5', 'Volume_lag10']
2026-04-29 14:08:07 | INFO     | [PROPHET] Predicción (yhat) para 2026-04-29 22:00:00: -0.000129
2026-04-29 14:08:07 | INFO     |   📈 Modelo PROPHET -> retorno=-0.000129, pips=-1.50, signal=HOLD, confidence=0.563, entry_plan=nan, SL_plan=nan, TP_plan=nan, entry_live=nan, SL_live=nan, TP_live=nan, lots=0.00, balance=5418.72, risk=0.00, open_risk=54.39, remaining_budget=108.17
2026-04-29 14:08:07 | INFO     | 
💾 Señales de producción guardadas en: outputs\production\production_signals.csv
2026-04-29 14:08:07 | INFO     | ✅ MODO PRODUCCIÓN COMPLETADO

2026-04-29 14:08:37 | INFO     | ============================================================
2026-04-29 14:08:37 | INFO     | TRADING PIPELINE INICIADO
2026-04-29 14:08:37 | INFO     | ============================================================
2026-04-29 14:08:37 | INFO     | 📁 Directorios de trabajo configurados
2026-04-29 14:08:37 | INFO     | 🚀 Ejecutando modo: SYNC_TRADES
2026-04-29 14:08:37 | INFO     | 
============================================================
2026-04-29 14:08:37 | INFO     | MODO: SYNC TRADES
2026-04-29 14:08:37 | INFO     | ============================================================

2026-04-29 14:08:37 | INFO     | 🔄 Sincronización completada. Trades cerrados registrados: 0
2026-04-29 14:08:37 | INFO     | ✅ MODO SYNC TRADES COMPLETADO

2026-04-29 14:09:37 | INFO     | ============================================================
2026-04-29 14:09:37 | INFO     | TRADING PIPELINE INICIADO
2026-04-29 14:09:37 | INFO     | ============================================================
2026-04-29 14:09:37 | INFO     | 📁 Directorios de trabajo configurados
2026-04-29 14:09:37 | INFO     | 🚀 Ejecutando modo: SYNC_TRADES
2026-04-29 14:09:37 | INFO     | 
============================================================
2026-04-29 14:09:37 | INFO     | MODO: SYNC TRADES
2026-04-29 14:09:37 | INFO     | ============================================================

2026-04-29 14:09:37 | INFO     | 🔄 Sincronización completada. Trades cerrados registrados: 0
2026-04-29 14:09:37 | INFO     | ✅ MODO SYNC TRADES COMPLETADO

2026-04-29 14:10:37 | INFO     | ============================================================
2026-04-29 14:10:37 | INFO     | TRADING PIPELINE INICIADO
2026-04-29 14:10:37 | INFO     | ============================================================
2026-04-29 14:10:37 | INFO     | 📁 Directorios de trabajo configurados
2026-04-29 14:10:37 | INFO     | 🚀 Ejecutando modo: SYNC_TRADES
2026-04-29 14:10:37 | INFO     | 
============================================================
2026-04-29 14:10:37 | INFO     | MODO: SYNC TRADES
2026-04-29 14:10:37 | INFO     | ============================================================

2026-04-29 14:10:37 | INFO     | 🔄 Sincronización completada. Trades cerrados registrados: 0
2026-04-29 14:10:37 | INFO     | ✅ MODO SYNC TRADES COMPLETADO

2026-04-29 14:11:37 | INFO     | ============================================================
2026-04-29 14:11:37 | INFO     | TRADING PIPELINE INICIADO
2026-04-29 14:11:37 | INFO     | ============================================================
2026-04-29 14:11:37 | INFO     | 📁 Directorios de trabajo configurados
2026-04-29 14:11:37 | INFO     | 🚀 Ejecutando modo: SYNC_TRADES
2026-04-29 14:11:37 | INFO     | 
============================================================
2026-04-29 14:11:37 | INFO     | MODO: SYNC TRADES
2026-04-29 14:11:37 | INFO     | ============================================================

2026-04-29 14:11:37 | INFO     | 🔄 Sincronización completada. Trades cerrados registrados: 0
2026-04-29 14:11:37 | INFO     | ✅ MODO SYNC TRADES COMPLETADO

2026-04-29 14:12:37 | INFO     | ============================================================
2026-04-29 14:12:37 | INFO     | TRADING PIPELINE INICIADO
2026-04-29 14:12:37 | INFO     | ============================================================
2026-04-29 14:12:37 | INFO     | 📁 Directorios de trabajo configurados
2026-04-29 14:12:37 | INFO     | 🚀 Ejecutando modo: SYNC_TRADES
2026-04-29 14:12:37 | INFO     | 
============================================================
2026-04-29 14:12:37 | INFO     | MODO: SYNC TRADES
2026-04-29 14:12:37 | INFO     | ============================================================

2026-04-29 14:12:37 | INFO     | 🔄 Sincronización completada. Trades cerrados registrados: 0
2026-04-29 14:12:37 | INFO     | ✅ MODO SYNC TRADES COMPLETADO

2026-04-29 14:13:07 | INFO     | ============================================================
2026-04-29 14:13:07 | INFO     | TRADING PIPELINE INICIADO
2026-04-29 14:13:07 | INFO     | ============================================================
2026-04-29 14:13:07 | INFO     | 📁 Directorios de trabajo configurados
2026-04-29 14:13:07 | INFO     | 🚀 Ejecutando modo: PRODUCTION
2026-04-29 14:13:07 | INFO     | 
============================================================
2026-04-29 14:13:07 | INFO     | MODO: PRODUCCIÓN
2026-04-29 14:13:07 | INFO     | ============================================================

2026-04-29 14:13:07 | INFO     | 📥 Cargando datos para producción...
2026-04-29 14:13:07 | INFO     | PASO 1: CARGANDO DATOS
2026-04-29 14:13:07 | INFO     | ------------------------------------------------------------
2026-04-29 14:13:07 | INFO     |   -> Símbolo 'EURUSD' cargado desde config/config.yaml
2026-04-29 14:13:07 | INFO     |   -> Timeframe 'M5' cargado desde config/config.yaml
2026-04-29 14:13:07 | INFO     | ✓ Datos cargados: 3000 filas, 6 columnas.
2026-04-29 14:13:07 | INFO     | PASO 2: LIMPIANDO DATOS
2026-04-29 14:13:07 | INFO     | ------------------------------------------------------------
2026-04-29 14:13:07 | INFO     | ✓ Datos limpios: 3000 filas restantes.
2026-04-29 14:13:07 | INFO     | PASO 3: GENERANDO FEATURES
2026-04-29 14:13:07 | INFO     | ------------------------------------------------------------
2026-04-29 14:13:07 | INFO     |   -> Retornos agregados para períodos: [1, 5, 10]
2026-04-29 14:13:07 | INFO     |   -> Indicadores técnicos agregados.
2026-04-29 14:13:07 | INFO     |   -> Lags agregados para la columna: 'Close'
2026-04-29 14:13:07 | INFO     |   -> Lags agregados para la columna: 'Volume'
2026-04-29 14:13:07 | INFO     |   -> Conteos de valores NaN generados por las features:
2026-04-29 14:13:07 | INFO     | ✓ Features generadas. Total columnas: 37.
2026-04-29 14:13:07 | INFO     | 🏆 Modelo campeón global según backtest: PROPHET
2026-04-29 14:13:07 | INFO     | 🎯 Producción configurada para operar únicamente con el modelo campeón.
2026-04-29 14:13:07 | INFO     | 📦 Release activa de producción: 20260429_063853 (activada 2026-04-29T06:41:48)
2026-04-29 14:13:07 | INFO     | Presupuesto de riesgo: total=162.56 | abierto=54.39 | restante=108.17 | por_trade=54.19
2026-04-29 14:13:07 | INFO     | 🔎 Generando señales de producción para TODOS los modelos habilitados...

2026-04-29 14:13:07 | INFO     | ➡ Procesando modelo: PROPHET | params={'changepoint_prior_scale': 0.01, 'daily_seasonality': False, 'seasonality_mode': 'additive', 'seasonality_prior_scale': 1.0, 'use_lagged_regressors': True, 'weekly_seasonality': True, 'yearly_seasonality': False}
2026-04-29 14:13:07 | INFO     |   💾 Intentando cargar el modelo desde: C:\Users\USER\Documentos\Maestria\Mark-III\outputs\models\releases\20260429_063853\prophet_best.pkl
2026-04-29 14:13:07 | INFO     | [PROPHET] Cargando artefacto desde: C:\Users\USER\Documentos\Maestria\Mark-III\outputs\models\releases\20260429_063853\prophet_best.pkl
2026-04-29 14:13:07 | INFO     | [PROPHET] Tipo de artefacto: <class 'dict'>
2026-04-29 14:13:07 | INFO     | [PROPHET] Claves del artefacto: ['model_class', 'params', 'model', 'target_name', 'feature_names']
2026-04-29 14:13:07 | INFO     | [PROPHET] Modelo cargado desde: C:\Users\USER\Documentos\Maestria\Mark-III\outputs\models\releases\20260429_063853\prophet_best.pkl
2026-04-29 14:13:07 | INFO     | [PROPHET] Regresores restaurados: ['Open', 'High', 'Low', 'Close', 'TickVolume', 'Volume', 'Return_1', 'LogReturn_1', 'Return_5', 'ReturnFwd_5', 'LogReturn_5', 'Return_10', 'ReturnFwd_10', 'LogReturn_10', 'SMA_20', 'SMA_50', 'EMA_12', 'EMA_26', 'RSI_14', 'MACD', 'MACD_Signal', 'MACD_Hist', 'BB_Upper', 'BB_Lower', 'BB_Width', 'ATR_14', 'Close_lag1', 'Close_lag2', 'Close_lag3', 'Close_lag5', 'Close_lag10', 'Volume_lag1', 'Volume_lag2', 'Volume_lag3', 'Volume_lag5', 'Volume_lag10']
2026-04-29 14:13:07 | INFO     | [PROPHET] Predicción (yhat) para 2026-04-29 22:05:00: 0.000235
2026-04-29 14:13:07 | INFO     |   📈 Modelo PROPHET -> retorno=0.000235, pips=2.75, signal=BUY, confidence=0.710, entry_plan=1.16646, SL_plan=1.16528, TP_plan=1.16881, entry_live=1.16728, SL_live=1.1661, TP_live=1.16963, lots=0.46, balance=5418.72, risk=54.28, open_risk=54.39, remaining_budget=108.17
2026-04-29 14:13:07 | INFO     | 
💾 Señales de producción guardadas en: outputs\production\production_signals.csv
2026-04-29 14:13:08 | INFO     | ✅ Orden enviada: model=PROPHET signal=BUY symbol=EURUSD lots=0.46 position_id=1846506334 SL=1.1661 TP=1.16963 protection=PROTECTED
2026-04-29 14:13:08 | INFO     | ✅ MODO PRODUCCIÓN COMPLETADO

2026-04-29 14:13:37 | INFO     | ============================================================
2026-04-29 14:13:37 | INFO     | TRADING PIPELINE INICIADO
2026-04-29 14:13:37 | INFO     | ============================================================
2026-04-29 14:13:37 | INFO     | 📁 Directorios de trabajo configurados
2026-04-29 14:13:37 | INFO     | 🚀 Ejecutando modo: SYNC_TRADES
2026-04-29 14:13:37 | INFO     | 
============================================================
2026-04-29 14:13:37 | INFO     | MODO: SYNC TRADES
2026-04-29 14:13:37 | INFO     | ============================================================

2026-04-29 14:13:37 | INFO     | 🔄 Sincronización completada. Trades cerrados registrados: 0
2026-04-29 14:13:37 | INFO     | ✅ MODO SYNC TRADES COMPLETADO

2026-04-29 14:14:37 | INFO     | ============================================================
2026-04-29 14:14:37 | INFO     | TRADING PIPELINE INICIADO
2026-04-29 14:14:37 | INFO     | ============================================================
2026-04-29 14:14:37 | INFO     | 📁 Directorios de trabajo configurados
2026-04-29 14:14:37 | INFO     | 🚀 Ejecutando modo: SYNC_TRADES
2026-04-29 14:14:37 | INFO     | 
============================================================
2026-04-29 14:14:37 | INFO     | MODO: SYNC TRADES
2026-04-29 14:14:37 | INFO     | ============================================================

2026-04-29 14:14:37 | INFO     | 🔄 Sincronización completada. Trades cerrados registrados: 0
2026-04-29 14:14:37 | INFO     | ✅ MODO SYNC TRADES COMPLETADO

2026-04-29 14:15:38 | INFO     | ============================================================
2026-04-29 14:15:38 | INFO     | TRADING PIPELINE INICIADO
2026-04-29 14:15:38 | INFO     | ============================================================
2026-04-29 14:15:38 | INFO     | 📁 Directorios de trabajo configurados
2026-04-29 14:15:38 | INFO     | 🚀 Ejecutando modo: SYNC_TRADES
2026-04-29 14:15:38 | INFO     | 
============================================================
2026-04-29 14:15:38 | INFO     | MODO: SYNC TRADES
2026-04-29 14:15:38 | INFO     | ============================================================

2026-04-29 14:15:38 | INFO     | 🔄 Sincronización completada. Trades cerrados registrados: 0
2026-04-29 14:15:38 | INFO     | ✅ MODO SYNC TRADES COMPLETADO

2026-04-29 14:16:37 | INFO     | ============================================================
2026-04-29 14:16:37 | INFO     | TRADING PIPELINE INICIADO
2026-04-29 14:16:37 | INFO     | ============================================================
2026-04-29 14:16:37 | INFO     | 📁 Directorios de trabajo configurados
2026-04-29 14:16:37 | INFO     | 🚀 Ejecutando modo: SYNC_TRADES
2026-04-29 14:16:37 | INFO     | 
============================================================
2026-04-29 14:16:37 | INFO     | MODO: SYNC TRADES
2026-04-29 14:16:37 | INFO     | ============================================================

2026-04-29 14:16:37 | INFO     | 🔄 Sincronización completada. Trades cerrados registrados: 0
2026-04-29 14:16:37 | INFO     | ✅ MODO SYNC TRADES COMPLETADO

2026-04-29 14:17:38 | INFO     | ============================================================
2026-04-29 14:17:38 | INFO     | TRADING PIPELINE INICIADO
2026-04-29 14:17:38 | INFO     | ============================================================
2026-04-29 14:17:38 | INFO     | 📁 Directorios de trabajo configurados
2026-04-29 14:17:38 | INFO     | 🚀 Ejecutando modo: SYNC_TRADES
2026-04-29 14:17:38 | INFO     | 
============================================================
2026-04-29 14:17:38 | INFO     | MODO: SYNC TRADES
2026-04-29 14:17:38 | INFO     | ============================================================

2026-04-29 14:17:38 | INFO     | 🔄 Sincronización completada. Trades cerrados registrados: 0
2026-04-29 14:17:38 | INFO     | ✅ MODO SYNC TRADES COMPLETADO

2026-04-29 14:18:07 | INFO     | ============================================================
2026-04-29 14:18:07 | INFO     | TRADING PIPELINE INICIADO
2026-04-29 14:18:07 | INFO     | ============================================================
2026-04-29 14:18:07 | INFO     | 📁 Directorios de trabajo configurados
2026-04-29 14:18:07 | INFO     | 🚀 Ejecutando modo: PRODUCTION
2026-04-29 14:18:07 | INFO     | 
============================================================
2026-04-29 14:18:07 | INFO     | MODO: PRODUCCIÓN
2026-04-29 14:18:07 | INFO     | ============================================================

2026-04-29 14:18:07 | INFO     | 📥 Cargando datos para producción...
2026-04-29 14:18:07 | INFO     | PASO 1: CARGANDO DATOS
2026-04-29 14:18:07 | INFO     | ------------------------------------------------------------
2026-04-29 14:18:07 | INFO     |   -> Símbolo 'EURUSD' cargado desde config/config.yaml
2026-04-29 14:18:07 | INFO     |   -> Timeframe 'M5' cargado desde config/config.yaml
2026-04-29 14:18:07 | INFO     | ✓ Datos cargados: 3000 filas, 6 columnas.
2026-04-29 14:18:07 | INFO     | PASO 2: LIMPIANDO DATOS
2026-04-29 14:18:07 | INFO     | ------------------------------------------------------------
2026-04-29 14:18:07 | INFO     | ✓ Datos limpios: 3000 filas restantes.
2026-04-29 14:18:07 | INFO     | PASO 3: GENERANDO FEATURES
2026-04-29 14:18:07 | INFO     | ------------------------------------------------------------
2026-04-29 14:18:07 | INFO     |   -> Retornos agregados para períodos: [1, 5, 10]
2026-04-29 14:18:07 | INFO     |   -> Indicadores técnicos agregados.
2026-04-29 14:18:07 | INFO     |   -> Lags agregados para la columna: 'Close'
2026-04-29 14:18:07 | INFO     |   -> Lags agregados para la columna: 'Volume'
2026-04-29 14:18:07 | INFO     |   -> Conteos de valores NaN generados por las features:
2026-04-29 14:18:07 | INFO     | ✓ Features generadas. Total columnas: 37.
2026-04-29 14:18:07 | INFO     | 🏆 Modelo campeón global según backtest: PROPHET
2026-04-29 14:18:07 | INFO     | 🎯 Producción configurada para operar únicamente con el modelo campeón.
2026-04-29 14:18:07 | INFO     | 📦 Release activa de producción: 20260429_063853 (activada 2026-04-29T06:41:48)
2026-04-29 14:18:07 | INFO     | Presupuesto de riesgo: total=162.56 | abierto=108.67 | restante=53.89 | por_trade=54.19
2026-04-29 14:18:07 | INFO     | 🔎 Generando señales de producción para TODOS los modelos habilitados...

2026-04-29 14:18:07 | INFO     | ➡ Procesando modelo: PROPHET | params={'changepoint_prior_scale': 0.01, 'daily_seasonality': False, 'seasonality_mode': 'additive', 'seasonality_prior_scale': 1.0, 'use_lagged_regressors': True, 'weekly_seasonality': True, 'yearly_seasonality': False}
2026-04-29 14:18:07 | INFO     |   💾 Intentando cargar el modelo desde: C:\Users\USER\Documentos\Maestria\Mark-III\outputs\models\releases\20260429_063853\prophet_best.pkl
2026-04-29 14:18:07 | INFO     | [PROPHET] Cargando artefacto desde: C:\Users\USER\Documentos\Maestria\Mark-III\outputs\models\releases\20260429_063853\prophet_best.pkl
2026-04-29 14:18:07 | INFO     | [PROPHET] Tipo de artefacto: <class 'dict'>
2026-04-29 14:18:07 | INFO     | [PROPHET] Claves del artefacto: ['model_class', 'params', 'model', 'target_name', 'feature_names']
2026-04-29 14:18:07 | INFO     | [PROPHET] Modelo cargado desde: C:\Users\USER\Documentos\Maestria\Mark-III\outputs\models\releases\20260429_063853\prophet_best.pkl
2026-04-29 14:18:07 | INFO     | [PROPHET] Regresores restaurados: ['Open', 'High', 'Low', 'Close', 'TickVolume', 'Volume', 'Return_1', 'LogReturn_1', 'Return_5', 'ReturnFwd_5', 'LogReturn_5', 'Return_10', 'ReturnFwd_10', 'LogReturn_10', 'SMA_20', 'SMA_50', 'EMA_12', 'EMA_26', 'RSI_14', 'MACD', 'MACD_Signal', 'MACD_Hist', 'BB_Upper', 'BB_Lower', 'BB_Width', 'ATR_14', 'Close_lag1', 'Close_lag2', 'Close_lag3', 'Close_lag5', 'Close_lag10', 'Volume_lag1', 'Volume_lag2', 'Volume_lag3', 'Volume_lag5', 'Volume_lag10']
2026-04-29 14:18:07 | INFO     | [PROPHET] Predicción (yhat) para 2026-04-29 22:10:00: 0.000193
2026-04-29 14:18:07 | INFO     |   📈 Modelo PROPHET -> retorno=0.000193, pips=2.25, signal=HOLD, confidence=0.652, entry_plan=nan, SL_plan=nan, TP_plan=nan, entry_live=nan, SL_live=nan, TP_live=nan, lots=0.00, balance=5418.72, risk=0.00, open_risk=108.67, remaining_budget=53.89
2026-04-29 14:18:07 | INFO     | 
💾 Señales de producción guardadas en: outputs\production\production_signals.csv
2026-04-29 14:18:07 | INFO     | ✅ MODO PRODUCCIÓN COMPLETADO

2026-04-29 14:18:37 | INFO     | ============================================================
2026-04-29 14:18:37 | INFO     | TRADING PIPELINE INICIADO
2026-04-29 14:18:37 | INFO     | ============================================================
2026-04-29 14:18:37 | INFO     | 📁 Directorios de trabajo configurados
2026-04-29 14:18:37 | INFO     | 🚀 Ejecutando modo: SYNC_TRADES
2026-04-29 14:18:37 | INFO     | 
============================================================
2026-04-29 14:18:37 | INFO     | MODO: SYNC TRADES
2026-04-29 14:18:37 | INFO     | ============================================================

2026-04-29 14:18:37 | INFO     | 🔄 Sincronización completada. Trades cerrados registrados: 0
2026-04-29 14:18:37 | INFO     | ✅ MODO SYNC TRADES COMPLETADO

2026-04-29 14:19:37 | INFO     | ============================================================
2026-04-29 14:19:37 | INFO     | TRADING PIPELINE INICIADO
2026-04-29 14:19:37 | INFO     | ============================================================
2026-04-29 14:19:37 | INFO     | 📁 Directorios de trabajo configurados
2026-04-29 14:19:37 | INFO     | 🚀 Ejecutando modo: SYNC_TRADES
2026-04-29 14:19:37 | INFO     | 
============================================================
2026-04-29 14:19:37 | INFO     | MODO: SYNC TRADES
2026-04-29 14:19:37 | INFO     | ============================================================

2026-04-29 14:19:38 | INFO     | 🔄 Sincronización completada. Trades cerrados registrados: 0
2026-04-29 14:19:38 | INFO     | ✅ MODO SYNC TRADES COMPLETADO

2026-04-29 14:20:37 | INFO     | ============================================================
2026-04-29 14:20:37 | INFO     | TRADING PIPELINE INICIADO
2026-04-29 14:20:37 | INFO     | ============================================================
2026-04-29 14:20:37 | INFO     | 📁 Directorios de trabajo configurados
2026-04-29 14:20:37 | INFO     | 🚀 Ejecutando modo: SYNC_TRADES
2026-04-29 14:20:37 | INFO     | 
============================================================
2026-04-29 14:20:37 | INFO     | MODO: SYNC TRADES
2026-04-29 14:20:37 | INFO     | ============================================================

2026-04-29 14:20:37 | INFO     | 🔄 Sincronización completada. Trades cerrados registrados: 0
2026-04-29 14:20:37 | INFO     | ✅ MODO SYNC TRADES COMPLETADO

2026-04-29 14:21:37 | INFO     | ============================================================
2026-04-29 14:21:37 | INFO     | TRADING PIPELINE INICIADO
2026-04-29 14:21:37 | INFO     | ============================================================
2026-04-29 14:21:37 | INFO     | 📁 Directorios de trabajo configurados
2026-04-29 14:21:37 | INFO     | 🚀 Ejecutando modo: SYNC_TRADES
2026-04-29 14:21:37 | INFO     | 
============================================================
2026-04-29 14:21:37 | INFO     | MODO: SYNC TRADES
2026-04-29 14:21:37 | INFO     | ============================================================

2026-04-29 14:21:37 | INFO     | 🔄 Sincronización completada. Trades cerrados registrados: 0
2026-04-29 14:21:37 | INFO     | ✅ MODO SYNC TRADES COMPLETADO

2026-04-29 14:22:37 | INFO     | ============================================================
2026-04-29 14:22:37 | INFO     | TRADING PIPELINE INICIADO
2026-04-29 14:22:37 | INFO     | ============================================================
2026-04-29 14:22:37 | INFO     | 📁 Directorios de trabajo configurados
2026-04-29 14:22:37 | INFO     | 🚀 Ejecutando modo: SYNC_TRADES
2026-04-29 14:22:37 | INFO     | 
============================================================
2026-04-29 14:22:37 | INFO     | MODO: SYNC TRADES
2026-04-29 14:22:37 | INFO     | ============================================================

2026-04-29 14:22:37 | INFO     | 🔄 Sincronización completada. Trades cerrados registrados: 0
2026-04-29 14:22:37 | INFO     | ✅ MODO SYNC TRADES COMPLETADO

2026-04-29 14:23:08 | INFO     | ============================================================
2026-04-29 14:23:08 | INFO     | TRADING PIPELINE INICIADO
2026-04-29 14:23:08 | INFO     | ============================================================
2026-04-29 14:23:08 | INFO     | 📁 Directorios de trabajo configurados
2026-04-29 14:23:08 | INFO     | 🚀 Ejecutando modo: PRODUCTION
2026-04-29 14:23:08 | INFO     | 
============================================================
2026-04-29 14:23:08 | INFO     | MODO: PRODUCCIÓN
2026-04-29 14:23:08 | INFO     | ============================================================

2026-04-29 14:23:08 | INFO     | 📥 Cargando datos para producción...
2026-04-29 14:23:08 | INFO     | PASO 1: CARGANDO DATOS
2026-04-29 14:23:08 | INFO     | ------------------------------------------------------------
2026-04-29 14:23:08 | INFO     |   -> Símbolo 'EURUSD' cargado desde config/config.yaml
2026-04-29 14:23:08 | INFO     |   -> Timeframe 'M5' cargado desde config/config.yaml
2026-04-29 14:23:08 | INFO     | ✓ Datos cargados: 3000 filas, 6 columnas.
2026-04-29 14:23:08 | INFO     | PASO 2: LIMPIANDO DATOS
2026-04-29 14:23:08 | INFO     | ------------------------------------------------------------
2026-04-29 14:23:08 | INFO     | ✓ Datos limpios: 3000 filas restantes.
2026-04-29 14:23:08 | INFO     | PASO 3: GENERANDO FEATURES
2026-04-29 14:23:08 | INFO     | ------------------------------------------------------------
2026-04-29 14:23:08 | INFO     |   -> Retornos agregados para períodos: [1, 5, 10]
2026-04-29 14:23:08 | INFO     |   -> Indicadores técnicos agregados.
2026-04-29 14:23:08 | INFO     |   -> Lags agregados para la columna: 'Close'
2026-04-29 14:23:08 | INFO     |   -> Lags agregados para la columna: 'Volume'
2026-04-29 14:23:08 | INFO     |   -> Conteos de valores NaN generados por las features:
2026-04-29 14:23:08 | INFO     | ✓ Features generadas. Total columnas: 37.
2026-04-29 14:23:08 | INFO     | 🏆 Modelo campeón global según backtest: PROPHET
2026-04-29 14:23:08 | INFO     | 🎯 Producción configurada para operar únicamente con el modelo campeón.
2026-04-29 14:23:08 | INFO     | 📦 Release activa de producción: 20260429_063853 (activada 2026-04-29T06:41:48)
2026-04-29 14:23:08 | INFO     | Presupuesto de riesgo: total=162.56 | abierto=108.67 | restante=53.89 | por_trade=54.19
2026-04-29 14:23:08 | INFO     | 🔎 Generando señales de producción para TODOS los modelos habilitados...

2026-04-29 14:23:08 | INFO     | ➡ Procesando modelo: PROPHET | params={'changepoint_prior_scale': 0.01, 'daily_seasonality': False, 'seasonality_mode': 'additive', 'seasonality_prior_scale': 1.0, 'use_lagged_regressors': True, 'weekly_seasonality': True, 'yearly_seasonality': False}
2026-04-29 14:23:08 | INFO     |   💾 Intentando cargar el modelo desde: C:\Users\USER\Documentos\Maestria\Mark-III\outputs\models\releases\20260429_063853\prophet_best.pkl
2026-04-29 14:23:08 | INFO     | [PROPHET] Cargando artefacto desde: C:\Users\USER\Documentos\Maestria\Mark-III\outputs\models\releases\20260429_063853\prophet_best.pkl
2026-04-29 14:23:08 | INFO     | [PROPHET] Tipo de artefacto: <class 'dict'>
2026-04-29 14:23:08 | INFO     | [PROPHET] Claves del artefacto: ['model_class', 'params', 'model', 'target_name', 'feature_names']
2026-04-29 14:23:08 | INFO     | [PROPHET] Modelo cargado desde: C:\Users\USER\Documentos\Maestria\Mark-III\outputs\models\releases\20260429_063853\prophet_best.pkl
2026-04-29 14:23:08 | INFO     | [PROPHET] Regresores restaurados: ['Open', 'High', 'Low', 'Close', 'TickVolume', 'Volume', 'Return_1', 'LogReturn_1', 'Return_5', 'ReturnFwd_5', 'LogReturn_5', 'Return_10', 'ReturnFwd_10', 'LogReturn_10', 'SMA_20', 'SMA_50', 'EMA_12', 'EMA_26', 'RSI_14', 'MACD', 'MACD_Signal', 'MACD_Hist', 'BB_Upper', 'BB_Lower', 'BB_Width', 'ATR_14', 'Close_lag1', 'Close_lag2', 'Close_lag3', 'Close_lag5', 'Close_lag10', 'Volume_lag1', 'Volume_lag2', 'Volume_lag3', 'Volume_lag5', 'Volume_lag10']
2026-04-29 14:23:08 | INFO     | [PROPHET] Predicción (yhat) para 2026-04-29 22:15:00: -0.000317
2026-04-29 14:23:08 | INFO     |   📈 Modelo PROPHET -> retorno=-0.000317, pips=-3.70, signal=SELL, confidence=0.822, entry_plan=1.16815, SL_plan=1.16922, TP_plan=1.166, entry_live=1.16745, SL_live=1.16852, TP_live=1.1653, lots=0.50, balance=5418.72, risk=53.50, open_risk=108.67, remaining_budget=53.89
2026-04-29 14:23:08 | INFO     | 
💾 Señales de producción guardadas en: outputs\production\production_signals.csv
2026-04-29 14:23:08 | INFO     | ✅ Orden enviada: model=PROPHET signal=SELL symbol=EURUSD lots=0.50 position_id=1846542015 SL=1.16852 TP=1.1653 protection=PROTECTED
2026-04-29 14:23:09 | INFO     | ✅ MODO PRODUCCIÓN COMPLETADO

2026-04-29 14:23:37 | INFO     | ============================================================
2026-04-29 14:23:37 | INFO     | TRADING PIPELINE INICIADO
2026-04-29 14:23:37 | INFO     | ============================================================
2026-04-29 14:23:37 | INFO     | 📁 Directorios de trabajo configurados
2026-04-29 14:23:37 | INFO     | 🚀 Ejecutando modo: SYNC_TRADES
2026-04-29 14:23:37 | INFO     | 
============================================================
2026-04-29 14:23:37 | INFO     | MODO: SYNC TRADES
2026-04-29 14:23:37 | INFO     | ============================================================

2026-04-29 14:23:37 | INFO     | 🔄 Sincronización completada. Trades cerrados registrados: 0
2026-04-29 14:23:37 | INFO     | ✅ MODO SYNC TRADES COMPLETADO

2026-04-29 14:24:37 | INFO     | ============================================================
2026-04-29 14:24:37 | INFO     | TRADING PIPELINE INICIADO
2026-04-29 14:24:37 | INFO     | ============================================================
2026-04-29 14:24:37 | INFO     | 📁 Directorios de trabajo configurados
2026-04-29 14:24:37 | INFO     | 🚀 Ejecutando modo: SYNC_TRADES
2026-04-29 14:24:37 | INFO     | 
============================================================
2026-04-29 14:24:37 | INFO     | MODO: SYNC TRADES
2026-04-29 14:24:37 | INFO     | ============================================================

2026-04-29 14:24:37 | INFO     | 🔄 Sincronización completada. Trades cerrados registrados: 0
2026-04-29 14:24:37 | INFO     | ✅ MODO SYNC TRADES COMPLETADO

2026-04-29 14:25:38 | INFO     | ============================================================
2026-04-29 14:25:38 | INFO     | TRADING PIPELINE INICIADO
2026-04-29 14:25:38 | INFO     | ============================================================
2026-04-29 14:25:38 | INFO     | 📁 Directorios de trabajo configurados
2026-04-29 14:25:38 | INFO     | 🚀 Ejecutando modo: SYNC_TRADES
2026-04-29 14:25:38 | INFO     | 
============================================================
2026-04-29 14:25:38 | INFO     | MODO: SYNC TRADES
2026-04-29 14:25:38 | INFO     | ============================================================

2026-04-29 14:25:38 | INFO     | 🔄 Sincronización completada. Trades cerrados registrados: 0
2026-04-29 14:25:38 | INFO     | ✅ MODO SYNC TRADES COMPLETADO

2026-04-29 14:26:37 | INFO     | ============================================================
2026-04-29 14:26:37 | INFO     | TRADING PIPELINE INICIADO
2026-04-29 14:26:37 | INFO     | ============================================================
2026-04-29 14:26:37 | INFO     | 📁 Directorios de trabajo configurados
2026-04-29 14:26:37 | INFO     | 🚀 Ejecutando modo: SYNC_TRADES
2026-04-29 14:26:37 | INFO     | 
============================================================
2026-04-29 14:26:37 | INFO     | MODO: SYNC TRADES
2026-04-29 14:26:37 | INFO     | ============================================================

2026-04-29 14:26:37 | INFO     | 🔄 Sincronización completada. Trades cerrados registrados: 0
2026-04-29 14:26:37 | INFO     | ✅ MODO SYNC TRADES COMPLETADO

2026-04-29 14:27:37 | INFO     | ============================================================
2026-04-29 14:27:37 | INFO     | TRADING PIPELINE INICIADO
2026-04-29 14:27:37 | INFO     | ============================================================
2026-04-29 14:27:37 | INFO     | 📁 Directorios de trabajo configurados
2026-04-29 14:27:37 | INFO     | 🚀 Ejecutando modo: SYNC_TRADES
2026-04-29 14:27:37 | INFO     | 
============================================================
2026-04-29 14:27:37 | INFO     | MODO: SYNC TRADES
2026-04-29 14:27:37 | INFO     | ============================================================

2026-04-29 14:27:37 | INFO     | 🔄 Sincronización completada. Trades cerrados registrados: 0
2026-04-29 14:27:37 | INFO     | ✅ MODO SYNC TRADES COMPLETADO

2026-04-29 14:28:07 | INFO     | ============================================================
2026-04-29 14:28:07 | INFO     | TRADING PIPELINE INICIADO
2026-04-29 14:28:07 | INFO     | ============================================================
2026-04-29 14:28:07 | INFO     | 📁 Directorios de trabajo configurados
2026-04-29 14:28:07 | INFO     | 🚀 Ejecutando modo: PRODUCTION
2026-04-29 14:28:07 | INFO     | 
============================================================
2026-04-29 14:28:07 | INFO     | MODO: PRODUCCIÓN
2026-04-29 14:28:07 | INFO     | ============================================================

2026-04-29 14:28:07 | INFO     | 📥 Cargando datos para producción...
2026-04-29 14:28:07 | INFO     | PASO 1: CARGANDO DATOS
2026-04-29 14:28:07 | INFO     | ------------------------------------------------------------
2026-04-29 14:28:07 | INFO     |   -> Símbolo 'EURUSD' cargado desde config/config.yaml
2026-04-29 14:28:07 | INFO     |   -> Timeframe 'M5' cargado desde config/config.yaml
2026-04-29 14:28:07 | INFO     | ✓ Datos cargados: 3000 filas, 6 columnas.
2026-04-29 14:28:07 | INFO     | PASO 2: LIMPIANDO DATOS
2026-04-29 14:28:07 | INFO     | ------------------------------------------------------------
2026-04-29 14:28:07 | INFO     | ✓ Datos limpios: 3000 filas restantes.
2026-04-29 14:28:07 | INFO     | PASO 3: GENERANDO FEATURES
2026-04-29 14:28:07 | INFO     | ------------------------------------------------------------
2026-04-29 14:28:07 | INFO     |   -> Retornos agregados para períodos: [1, 5, 10]
2026-04-29 14:28:07 | INFO     |   -> Indicadores técnicos agregados.
2026-04-29 14:28:07 | INFO     |   -> Lags agregados para la columna: 'Close'
2026-04-29 14:28:07 | INFO     |   -> Lags agregados para la columna: 'Volume'
2026-04-29 14:28:07 | INFO     |   -> Conteos de valores NaN generados por las features:
2026-04-29 14:28:07 | INFO     | ✓ Features generadas. Total columnas: 37.
2026-04-29 14:28:07 | INFO     | 🏆 Modelo campeón global según backtest: PROPHET
2026-04-29 14:28:07 | INFO     | 🎯 Producción configurada para operar únicamente con el modelo campeón.
2026-04-29 14:28:07 | INFO     | 📦 Release activa de producción: 20260429_063853 (activada 2026-04-29T06:41:48)
2026-04-29 14:28:07 | INFO     | Presupuesto de riesgo: total=162.56 | abierto=162.17 | restante=0.39 | por_trade=54.19
2026-04-29 14:28:07 | INFO     | 🔎 Generando señales de producción para TODOS los modelos habilitados...

2026-04-29 14:28:07 | INFO     | ➡ Procesando modelo: PROPHET | params={'changepoint_prior_scale': 0.01, 'daily_seasonality': False, 'seasonality_mode': 'additive', 'seasonality_prior_scale': 1.0, 'use_lagged_regressors': True, 'weekly_seasonality': True, 'yearly_seasonality': False}
2026-04-29 14:28:07 | INFO     |   💾 Intentando cargar el modelo desde: C:\Users\USER\Documentos\Maestria\Mark-III\outputs\models\releases\20260429_063853\prophet_best.pkl
2026-04-29 14:28:07 | INFO     | [PROPHET] Cargando artefacto desde: C:\Users\USER\Documentos\Maestria\Mark-III\outputs\models\releases\20260429_063853\prophet_best.pkl
2026-04-29 14:28:07 | INFO     | [PROPHET] Tipo de artefacto: <class 'dict'>
2026-04-29 14:28:07 | INFO     | [PROPHET] Claves del artefacto: ['model_class', 'params', 'model', 'target_name', 'feature_names']
2026-04-29 14:28:07 | INFO     | [PROPHET] Modelo cargado desde: C:\Users\USER\Documentos\Maestria\Mark-III\outputs\models\releases\20260429_063853\prophet_best.pkl
2026-04-29 14:28:07 | INFO     | [PROPHET] Regresores restaurados: ['Open', 'High', 'Low', 'Close', 'TickVolume', 'Volume', 'Return_1', 'LogReturn_1', 'Return_5', 'ReturnFwd_5', 'LogReturn_5', 'Return_10', 'ReturnFwd_10', 'LogReturn_10', 'SMA_20', 'SMA_50', 'EMA_12', 'EMA_26', 'RSI_14', 'MACD', 'MACD_Signal', 'MACD_Hist', 'BB_Upper', 'BB_Lower', 'BB_Width', 'ATR_14', 'Close_lag1', 'Close_lag2', 'Close_lag3', 'Close_lag5', 'Close_lag10', 'Volume_lag1', 'Volume_lag2', 'Volume_lag3', 'Volume_lag5', 'Volume_lag10']
2026-04-29 14:28:07 | INFO     | [PROPHET] Predicción (yhat) para 2026-04-29 22:20:00: -0.000315
2026-04-29 14:28:07 | INFO     |   📈 Modelo PROPHET -> retorno=-0.000315, pips=-3.68, signal=SELL, confidence=0.820, entry_plan=1.16793, SL_plan=1.16901, TP_plan=1.16577, entry_live=1.16744, SL_live=1.16852, TP_live=1.16528, lots=0.00, balance=5418.72, risk=0.00, open_risk=162.17, remaining_budget=0.39
2026-04-29 14:28:07 | INFO     | 
💾 Señales de producción guardadas en: outputs\production\production_signals.csv
2026-04-29 14:28:08 | INFO     | ✅ MODO PRODUCCIÓN COMPLETADO

2026-04-29 14:28:38 | INFO     | ============================================================
2026-04-29 14:28:38 | INFO     | TRADING PIPELINE INICIADO
2026-04-29 14:28:38 | INFO     | ============================================================
2026-04-29 14:28:38 | INFO     | 📁 Directorios de trabajo configurados
2026-04-29 14:28:38 | INFO     | 🚀 Ejecutando modo: SYNC_TRADES
2026-04-29 14:28:38 | INFO     | 
============================================================
2026-04-29 14:28:38 | INFO     | MODO: SYNC TRADES
2026-04-29 14:28:38 | INFO     | ============================================================

2026-04-29 14:28:38 | INFO     | 🔄 Sincronización completada. Trades cerrados registrados: 0
2026-04-29 14:28:38 | INFO     | ✅ MODO SYNC TRADES COMPLETADO

2026-04-29 14:29:37 | INFO     | ============================================================
2026-04-29 14:29:37 | INFO     | TRADING PIPELINE INICIADO
2026-04-29 14:29:37 | INFO     | ============================================================
2026-04-29 14:29:37 | INFO     | 📁 Directorios de trabajo configurados
2026-04-29 14:29:37 | INFO     | 🚀 Ejecutando modo: SYNC_TRADES
2026-04-29 14:29:37 | INFO     | 
============================================================
2026-04-29 14:29:37 | INFO     | MODO: SYNC TRADES
2026-04-29 14:29:37 | INFO     | ============================================================

2026-04-29 14:29:37 | INFO     | 🔄 Sincronización completada. Trades cerrados registrados: 0
2026-04-29 14:29:37 | INFO     | ✅ MODO SYNC TRADES COMPLETADO

2026-04-29 14:30:37 | INFO     | ============================================================
2026-04-29 14:30:37 | INFO     | TRADING PIPELINE INICIADO
2026-04-29 14:30:37 | INFO     | ============================================================
2026-04-29 14:30:37 | INFO     | 📁 Directorios de trabajo configurados
2026-04-29 14:30:37 | INFO     | 🚀 Ejecutando modo: SYNC_TRADES
2026-04-29 14:30:37 | INFO     | 
============================================================
2026-04-29 14:30:37 | INFO     | MODO: SYNC TRADES
2026-04-29 14:30:37 | INFO     | ============================================================

2026-04-29 14:30:37 | INFO     | 🔄 Sincronización completada. Trades cerrados registrados: 0
2026-04-29 14:30:37 | INFO     | ✅ MODO SYNC TRADES COMPLETADO

2026-04-29 14:31:37 | INFO     | ============================================================
2026-04-29 14:31:37 | INFO     | TRADING PIPELINE INICIADO
2026-04-29 14:31:37 | INFO     | ============================================================
2026-04-29 14:31:37 | INFO     | 📁 Directorios de trabajo configurados
2026-04-29 14:31:37 | INFO     | 🚀 Ejecutando modo: SYNC_TRADES
2026-04-29 14:31:37 | INFO     | 
============================================================
2026-04-29 14:31:37 | INFO     | MODO: SYNC TRADES
2026-04-29 14:31:37 | INFO     | ============================================================

2026-04-29 14:31:37 | INFO     | 🔄 Sincronización completada. Trades cerrados registrados: 0
2026-04-29 14:31:37 | INFO     | ✅ MODO SYNC TRADES COMPLETADO

2026-04-29 14:32:38 | INFO     | ============================================================
2026-04-29 14:32:38 | INFO     | TRADING PIPELINE INICIADO
2026-04-29 14:32:38 | INFO     | ============================================================
2026-04-29 14:32:38 | INFO     | 📁 Directorios de trabajo configurados
2026-04-29 14:32:38 | INFO     | 🚀 Ejecutando modo: SYNC_TRADES
2026-04-29 14:32:38 | INFO     | 
============================================================
2026-04-29 14:32:38 | INFO     | MODO: SYNC TRADES
2026-04-29 14:32:38 | INFO     | ============================================================

2026-04-29 14:32:38 | INFO     | 🔄 Sincronización completada. Trades cerrados registrados: 0
2026-04-29 14:32:38 | INFO     | ✅ MODO SYNC TRADES COMPLETADO

2026-04-29 14:33:07 | INFO     | ============================================================
2026-04-29 14:33:07 | INFO     | TRADING PIPELINE INICIADO
2026-04-29 14:33:07 | INFO     | ============================================================
2026-04-29 14:33:07 | INFO     | 📁 Directorios de trabajo configurados
2026-04-29 14:33:07 | INFO     | 🚀 Ejecutando modo: PRODUCTION
2026-04-29 14:33:07 | INFO     | 
============================================================
2026-04-29 14:33:07 | INFO     | MODO: PRODUCCIÓN
2026-04-29 14:33:07 | INFO     | ============================================================

2026-04-29 14:33:07 | INFO     | 📥 Cargando datos para producción...
2026-04-29 14:33:07 | INFO     | PASO 1: CARGANDO DATOS
2026-04-29 14:33:07 | INFO     | ------------------------------------------------------------
2026-04-29 14:33:07 | INFO     |   -> Símbolo 'EURUSD' cargado desde config/config.yaml
2026-04-29 14:33:07 | INFO     |   -> Timeframe 'M5' cargado desde config/config.yaml
2026-04-29 14:33:07 | INFO     | ✓ Datos cargados: 3000 filas, 6 columnas.
2026-04-29 14:33:07 | INFO     | PASO 2: LIMPIANDO DATOS
2026-04-29 14:33:07 | INFO     | ------------------------------------------------------------
2026-04-29 14:33:07 | INFO     | ✓ Datos limpios: 3000 filas restantes.
2026-04-29 14:33:07 | INFO     | PASO 3: GENERANDO FEATURES
2026-04-29 14:33:07 | INFO     | ------------------------------------------------------------
2026-04-29 14:33:07 | INFO     |   -> Retornos agregados para períodos: [1, 5, 10]
2026-04-29 14:33:07 | INFO     |   -> Indicadores técnicos agregados.
2026-04-29 14:33:07 | INFO     |   -> Lags agregados para la columna: 'Close'
2026-04-29 14:33:07 | INFO     |   -> Lags agregados para la columna: 'Volume'
2026-04-29 14:33:07 | INFO     |   -> Conteos de valores NaN generados por las features:
2026-04-29 14:33:07 | INFO     | ✓ Features generadas. Total columnas: 37.
2026-04-29 14:33:07 | INFO     | 🏆 Modelo campeón global según backtest: PROPHET
2026-04-29 14:33:07 | INFO     | 🎯 Producción configurada para operar únicamente con el modelo campeón.
2026-04-29 14:33:07 | INFO     | 📦 Release activa de producción: 20260429_063853 (activada 2026-04-29T06:41:48)
2026-04-29 14:33:07 | INFO     | Presupuesto de riesgo: total=162.56 | abierto=162.17 | restante=0.39 | por_trade=54.19
2026-04-29 14:33:07 | INFO     | 🔎 Generando señales de producción para TODOS los modelos habilitados...

2026-04-29 14:33:07 | INFO     | ➡ Procesando modelo: PROPHET | params={'changepoint_prior_scale': 0.01, 'daily_seasonality': False, 'seasonality_mode': 'additive', 'seasonality_prior_scale': 1.0, 'use_lagged_regressors': True, 'weekly_seasonality': True, 'yearly_seasonality': False}
2026-04-29 14:33:07 | INFO     |   💾 Intentando cargar el modelo desde: C:\Users\USER\Documentos\Maestria\Mark-III\outputs\models\releases\20260429_063853\prophet_best.pkl
2026-04-29 14:33:07 | INFO     | [PROPHET] Cargando artefacto desde: C:\Users\USER\Documentos\Maestria\Mark-III\outputs\models\releases\20260429_063853\prophet_best.pkl
2026-04-29 14:33:07 | INFO     | [PROPHET] Tipo de artefacto: <class 'dict'>
2026-04-29 14:33:07 | INFO     | [PROPHET] Claves del artefacto: ['model_class', 'params', 'model', 'target_name', 'feature_names']
2026-04-29 14:33:07 | INFO     | [PROPHET] Modelo cargado desde: C:\Users\USER\Documentos\Maestria\Mark-III\outputs\models\releases\20260429_063853\prophet_best.pkl
2026-04-29 14:33:07 | INFO     | [PROPHET] Regresores restaurados: ['Open', 'High', 'Low', 'Close', 'TickVolume', 'Volume', 'Return_1', 'LogReturn_1', 'Return_5', 'ReturnFwd_5', 'LogReturn_5', 'Return_10', 'ReturnFwd_10', 'LogReturn_10', 'SMA_20', 'SMA_50', 'EMA_12', 'EMA_26', 'RSI_14', 'MACD', 'MACD_Signal', 'MACD_Hist', 'BB_Upper', 'BB_Lower', 'BB_Width', 'ATR_14', 'Close_lag1', 'Close_lag2', 'Close_lag3', 'Close_lag5', 'Close_lag10', 'Volume_lag1', 'Volume_lag2', 'Volume_lag3', 'Volume_lag5', 'Volume_lag10']
2026-04-29 14:33:07 | INFO     | [PROPHET] Predicción (yhat) para 2026-04-29 22:25:00: -0.000016
2026-04-29 14:33:07 | INFO     |   📈 Modelo PROPHET -> retorno=-0.000016, pips=-0.19, signal=HOLD, confidence=0.409, entry_plan=nan, SL_plan=nan, TP_plan=nan, entry_live=nan, SL_live=nan, TP_live=nan, lots=0.00, balance=5418.72, risk=0.00, open_risk=162.17, remaining_budget=0.39
2026-04-29 14:33:07 | INFO     | 
💾 Señales de producción guardadas en: outputs\production\production_signals.csv
2026-04-29 14:33:07 | INFO     | ✅ MODO PRODUCCIÓN COMPLETADO

2026-04-29 14:33:38 | INFO     | ============================================================
2026-04-29 14:33:38 | INFO     | TRADING PIPELINE INICIADO
2026-04-29 14:33:38 | INFO     | ============================================================
2026-04-29 14:33:38 | INFO     | 📁 Directorios de trabajo configurados
2026-04-29 14:33:38 | INFO     | 🚀 Ejecutando modo: SYNC_TRADES
2026-04-29 14:33:38 | INFO     | 
============================================================
2026-04-29 14:33:38 | INFO     | MODO: SYNC TRADES
2026-04-29 14:33:38 | INFO     | ============================================================

2026-04-29 14:33:38 | INFO     | 🔄 Sincronización completada. Trades cerrados registrados: 0
2026-04-29 14:33:38 | INFO     | ✅ MODO SYNC TRADES COMPLETADO

2026-04-29 14:34:38 | INFO     | ============================================================
2026-04-29 14:34:38 | INFO     | TRADING PIPELINE INICIADO
2026-04-29 14:34:38 | INFO     | ============================================================
2026-04-29 14:34:38 | INFO     | 📁 Directorios de trabajo configurados
2026-04-29 14:34:38 | INFO     | 🚀 Ejecutando modo: SYNC_TRADES
2026-04-29 14:34:38 | INFO     | 
============================================================
2026-04-29 14:34:38 | INFO     | MODO: SYNC TRADES
2026-04-29 14:34:38 | INFO     | ============================================================

2026-04-29 14:34:38 | INFO     | 🔄 Sincronización completada. Trades cerrados registrados: 0
2026-04-29 14:34:38 | INFO     | ✅ MODO SYNC TRADES COMPLETADO

2026-04-29 14:35:38 | INFO     | ============================================================
2026-04-29 14:35:38 | INFO     | TRADING PIPELINE INICIADO
2026-04-29 14:35:38 | INFO     | ============================================================
2026-04-29 14:35:38 | INFO     | 📁 Directorios de trabajo configurados
2026-04-29 14:35:38 | INFO     | 🚀 Ejecutando modo: SYNC_TRADES
2026-04-29 14:35:38 | INFO     | 
============================================================
2026-04-29 14:35:38 | INFO     | MODO: SYNC TRADES
2026-04-29 14:35:38 | INFO     | ============================================================

2026-04-29 14:35:39 | INFO     | 🔄 Sincronización completada. Trades cerrados registrados: 0
2026-04-29 14:35:39 | INFO     | ✅ MODO SYNC TRADES COMPLETADO

2026-04-29 14:36:38 | INFO     | ============================================================
2026-04-29 14:36:38 | INFO     | TRADING PIPELINE INICIADO
2026-04-29 14:36:38 | INFO     | ============================================================
2026-04-29 14:36:38 | INFO     | 📁 Directorios de trabajo configurados
2026-04-29 14:36:38 | INFO     | 🚀 Ejecutando modo: SYNC_TRADES
2026-04-29 14:36:38 | INFO     | 
============================================================
2026-04-29 14:36:38 | INFO     | MODO: SYNC TRADES
2026-04-29 14:36:38 | INFO     | ============================================================

2026-04-29 14:36:38 | INFO     | 🔄 Sincronización completada. Trades cerrados registrados: 1
2026-04-29 14:36:38 | INFO     | ✅ MODO SYNC TRADES COMPLETADO

2026-04-29 14:37:37 | INFO     | ============================================================
2026-04-29 14:37:37 | INFO     | TRADING PIPELINE INICIADO
2026-04-29 14:37:37 | INFO     | ============================================================
2026-04-29 14:37:37 | INFO     | 📁 Directorios de trabajo configurados
2026-04-29 14:37:37 | INFO     | 🚀 Ejecutando modo: SYNC_TRADES
2026-04-29 14:37:37 | INFO     | 
============================================================
2026-04-29 14:37:37 | INFO     | MODO: SYNC TRADES
2026-04-29 14:37:37 | INFO     | ============================================================

2026-04-29 14:37:37 | INFO     | 🔄 Sincronización completada. Trades cerrados registrados: 1
2026-04-29 14:37:37 | INFO     | ✅ MODO SYNC TRADES COMPLETADO

2026-04-29 14:38:07 | INFO     | ============================================================
2026-04-29 14:38:07 | INFO     | TRADING PIPELINE INICIADO
2026-04-29 14:38:07 | INFO     | ============================================================
2026-04-29 14:38:07 | INFO     | 📁 Directorios de trabajo configurados
2026-04-29 14:38:07 | INFO     | 🚀 Ejecutando modo: PRODUCTION
2026-04-29 14:38:07 | INFO     | 
============================================================
2026-04-29 14:38:07 | INFO     | MODO: PRODUCCIÓN
2026-04-29 14:38:07 | INFO     | ============================================================

2026-04-29 14:38:07 | INFO     | 📥 Cargando datos para producción...
2026-04-29 14:38:07 | INFO     | PASO 1: CARGANDO DATOS
2026-04-29 14:38:07 | INFO     | ------------------------------------------------------------
2026-04-29 14:38:07 | INFO     |   -> Símbolo 'EURUSD' cargado desde config/config.yaml
2026-04-29 14:38:07 | INFO     |   -> Timeframe 'M5' cargado desde config/config.yaml
2026-04-29 14:38:07 | INFO     | ✓ Datos cargados: 3000 filas, 6 columnas.
2026-04-29 14:38:07 | INFO     | PASO 2: LIMPIANDO DATOS
2026-04-29 14:38:07 | INFO     | ------------------------------------------------------------
2026-04-29 14:38:07 | INFO     | ✓ Datos limpios: 3000 filas restantes.
2026-04-29 14:38:07 | INFO     | PASO 3: GENERANDO FEATURES
2026-04-29 14:38:07 | INFO     | ------------------------------------------------------------
2026-04-29 14:38:07 | INFO     |   -> Retornos agregados para períodos: [1, 5, 10]
2026-04-29 14:38:07 | INFO     |   -> Indicadores técnicos agregados.
2026-04-29 14:38:07 | INFO     |   -> Lags agregados para la columna: 'Close'
2026-04-29 14:38:07 | INFO     |   -> Lags agregados para la columna: 'Volume'
2026-04-29 14:38:07 | INFO     |   -> Conteos de valores NaN generados por las features:
2026-04-29 14:38:07 | INFO     | ✓ Features generadas. Total columnas: 37.
2026-04-29 14:38:08 | INFO     | 🏆 Modelo campeón global según backtest: PROPHET
2026-04-29 14:38:08 | INFO     | 🎯 Producción configurada para operar únicamente con el modelo campeón.
2026-04-29 14:38:08 | INFO     | 📦 Release activa de producción: 20260429_063853 (activada 2026-04-29T06:41:48)
2026-04-29 14:38:08 | INFO     | Presupuesto de riesgo: total=162.56 | abierto=162.17 | restante=0.39 | por_trade=54.19
2026-04-29 14:38:08 | INFO     | 🔎 Generando señales de producción para TODOS los modelos habilitados...

2026-04-29 14:38:08 | INFO     | ➡ Procesando modelo: PROPHET | params={'changepoint_prior_scale': 0.01, 'daily_seasonality': False, 'seasonality_mode': 'additive', 'seasonality_prior_scale': 1.0, 'use_lagged_regressors': True, 'weekly_seasonality': True, 'yearly_seasonality': False}
2026-04-29 14:38:08 | INFO     |   💾 Intentando cargar el modelo desde: C:\Users\USER\Documentos\Maestria\Mark-III\outputs\models\releases\20260429_063853\prophet_best.pkl
2026-04-29 14:38:08 | INFO     | [PROPHET] Cargando artefacto desde: C:\Users\USER\Documentos\Maestria\Mark-III\outputs\models\releases\20260429_063853\prophet_best.pkl
2026-04-29 14:38:08 | INFO     | [PROPHET] Tipo de artefacto: <class 'dict'>
2026-04-29 14:38:08 | INFO     | [PROPHET] Claves del artefacto: ['model_class', 'params', 'model', 'target_name', 'feature_names']
2026-04-29 14:38:08 | INFO     | [PROPHET] Modelo cargado desde: C:\Users\USER\Documentos\Maestria\Mark-III\outputs\models\releases\20260429_063853\prophet_best.pkl
2026-04-29 14:38:08 | INFO     | [PROPHET] Regresores restaurados: ['Open', 'High', 'Low', 'Close', 'TickVolume', 'Volume', 'Return_1', 'LogReturn_1', 'Return_5', 'ReturnFwd_5', 'LogReturn_5', 'Return_10', 'ReturnFwd_10', 'LogReturn_10', 'SMA_20', 'SMA_50', 'EMA_12', 'EMA_26', 'RSI_14', 'MACD', 'MACD_Signal', 'MACD_Hist', 'BB_Upper', 'BB_Lower', 'BB_Width', 'ATR_14', 'Close_lag1', 'Close_lag2', 'Close_lag3', 'Close_lag5', 'Close_lag10', 'Volume_lag1', 'Volume_lag2', 'Volume_lag3', 'Volume_lag5', 'Volume_lag10']
2026-04-29 14:38:08 | INFO     | [PROPHET] Predicción (yhat) para 2026-04-29 22:30:00: 0.000097
2026-04-29 14:38:08 | INFO     |   📈 Modelo PROPHET -> retorno=0.000097, pips=1.13, signal=HOLD, confidence=0.519, entry_plan=nan, SL_plan=nan, TP_plan=nan, entry_live=nan, SL_live=nan, TP_live=nan, lots=0.00, balance=5418.72, risk=0.00, open_risk=162.17, remaining_budget=0.39
2026-04-29 14:38:08 | INFO     | 
💾 Señales de producción guardadas en: outputs\production\production_signals.csv
2026-04-29 14:38:08 | INFO     | ✅ MODO PRODUCCIÓN COMPLETADO

2026-04-29 14:38:38 | INFO     | ============================================================
2026-04-29 14:38:38 | INFO     | TRADING PIPELINE INICIADO
2026-04-29 14:38:38 | INFO     | ============================================================
2026-04-29 14:38:38 | INFO     | 📁 Directorios de trabajo configurados
2026-04-29 14:38:38 | INFO     | 🚀 Ejecutando modo: SYNC_TRADES
2026-04-29 14:38:38 | INFO     | 
============================================================
2026-04-29 14:38:38 | INFO     | MODO: SYNC TRADES
2026-04-29 14:38:38 | INFO     | ============================================================

2026-04-29 14:38:38 | INFO     | 🔄 Sincronización completada. Trades cerrados registrados: 1
2026-04-29 14:38:38 | INFO     | ✅ MODO SYNC TRADES COMPLETADO

2026-04-29 14:39:38 | INFO     | ============================================================
2026-04-29 14:39:38 | INFO     | TRADING PIPELINE INICIADO
2026-04-29 14:39:38 | INFO     | ============================================================
2026-04-29 14:39:38 | INFO     | 📁 Directorios de trabajo configurados
2026-04-29 14:39:38 | INFO     | 🚀 Ejecutando modo: SYNC_TRADES
2026-04-29 14:39:38 | INFO     | 
============================================================
2026-04-29 14:39:38 | INFO     | MODO: SYNC TRADES
2026-04-29 14:39:38 | INFO     | ============================================================

2026-04-29 14:39:38 | INFO     | 🔄 Sincronización completada. Trades cerrados registrados: 1
2026-04-29 14:39:38 | INFO     | ✅ MODO SYNC TRADES COMPLETADO

2026-04-29 14:40:37 | INFO     | ============================================================
2026-04-29 14:40:37 | INFO     | TRADING PIPELINE INICIADO
2026-04-29 14:40:37 | INFO     | ============================================================
2026-04-29 14:40:37 | INFO     | 📁 Directorios de trabajo configurados
2026-04-29 14:40:37 | INFO     | 🚀 Ejecutando modo: SYNC_TRADES
2026-04-29 14:40:37 | INFO     | 
============================================================
2026-04-29 14:40:37 | INFO     | MODO: SYNC TRADES
2026-04-29 14:40:37 | INFO     | ============================================================

2026-04-29 14:40:37 | INFO     | 🔄 Sincronización completada. Trades cerrados registrados: 1
2026-04-29 14:40:37 | INFO     | ✅ MODO SYNC TRADES COMPLETADO

2026-04-29 14:41:37 | INFO     | ============================================================
2026-04-29 14:41:37 | INFO     | TRADING PIPELINE INICIADO
2026-04-29 14:41:37 | INFO     | ============================================================
2026-04-29 14:41:37 | INFO     | 📁 Directorios de trabajo configurados
2026-04-29 14:41:37 | INFO     | 🚀 Ejecutando modo: SYNC_TRADES
2026-04-29 14:41:37 | INFO     | 
============================================================
2026-04-29 14:41:37 | INFO     | MODO: SYNC TRADES
2026-04-29 14:41:37 | INFO     | ============================================================

2026-04-29 14:41:37 | INFO     | 🔄 Sincronización completada. Trades cerrados registrados: 1
2026-04-29 14:41:37 | INFO     | ✅ MODO SYNC TRADES COMPLETADO

2026-04-29 14:42:37 | INFO     | ============================================================
2026-04-29 14:42:37 | INFO     | TRADING PIPELINE INICIADO
2026-04-29 14:42:37 | INFO     | ============================================================
2026-04-29 14:42:37 | INFO     | 📁 Directorios de trabajo configurados
2026-04-29 14:42:37 | INFO     | 🚀 Ejecutando modo: SYNC_TRADES
2026-04-29 14:42:37 | INFO     | 
============================================================
2026-04-29 14:42:37 | INFO     | MODO: SYNC TRADES
2026-04-29 14:42:37 | INFO     | ============================================================

2026-04-29 14:42:37 | INFO     | 🔄 Sincronización completada. Trades cerrados registrados: 1
2026-04-29 14:42:37 | INFO     | ✅ MODO SYNC TRADES COMPLETADO

2026-04-29 14:43:07 | INFO     | ============================================================
2026-04-29 14:43:07 | INFO     | TRADING PIPELINE INICIADO
2026-04-29 14:43:07 | INFO     | ============================================================
2026-04-29 14:43:07 | INFO     | 📁 Directorios de trabajo configurados
2026-04-29 14:43:07 | INFO     | 🚀 Ejecutando modo: PRODUCTION
2026-04-29 14:43:07 | INFO     | 
============================================================
2026-04-29 14:43:07 | INFO     | MODO: PRODUCCIÓN
2026-04-29 14:43:07 | INFO     | ============================================================

2026-04-29 14:43:07 | INFO     | 📥 Cargando datos para producción...
2026-04-29 14:43:07 | INFO     | PASO 1: CARGANDO DATOS
2026-04-29 14:43:07 | INFO     | ------------------------------------------------------------
2026-04-29 14:43:07 | INFO     |   -> Símbolo 'EURUSD' cargado desde config/config.yaml
2026-04-29 14:43:07 | INFO     |   -> Timeframe 'M5' cargado desde config/config.yaml
2026-04-29 14:43:07 | INFO     | ✓ Datos cargados: 3000 filas, 6 columnas.
2026-04-29 14:43:07 | INFO     | PASO 2: LIMPIANDO DATOS
2026-04-29 14:43:07 | INFO     | ------------------------------------------------------------
2026-04-29 14:43:07 | INFO     | ✓ Datos limpios: 3000 filas restantes.
2026-04-29 14:43:07 | INFO     | PASO 3: GENERANDO FEATURES
2026-04-29 14:43:07 | INFO     | ------------------------------------------------------------
2026-04-29 14:43:07 | INFO     |   -> Retornos agregados para períodos: [1, 5, 10]
2026-04-29 14:43:07 | INFO     |   -> Indicadores técnicos agregados.
2026-04-29 14:43:07 | INFO     |   -> Lags agregados para la columna: 'Close'
2026-04-29 14:43:07 | INFO     |   -> Lags agregados para la columna: 'Volume'
2026-04-29 14:43:07 | INFO     |   -> Conteos de valores NaN generados por las features:
2026-04-29 14:43:07 | INFO     | ✓ Features generadas. Total columnas: 37.
2026-04-29 14:43:07 | INFO     | 🏆 Modelo campeón global según backtest: PROPHET
2026-04-29 14:43:07 | INFO     | 🎯 Producción configurada para operar únicamente con el modelo campeón.
2026-04-29 14:43:07 | INFO     | 📦 Release activa de producción: 20260429_063853 (activada 2026-04-29T06:41:48)
2026-04-29 14:43:07 | INFO     | Presupuesto de riesgo: total=162.56 | abierto=162.17 | restante=0.39 | por_trade=54.19
2026-04-29 14:43:07 | INFO     | 🔎 Generando señales de producción para TODOS los modelos habilitados...

2026-04-29 14:43:07 | INFO     | ➡ Procesando modelo: PROPHET | params={'changepoint_prior_scale': 0.01, 'daily_seasonality': False, 'seasonality_mode': 'additive', 'seasonality_prior_scale': 1.0, 'use_lagged_regressors': True, 'weekly_seasonality': True, 'yearly_seasonality': False}
2026-04-29 14:43:07 | INFO     |   💾 Intentando cargar el modelo desde: C:\Users\USER\Documentos\Maestria\Mark-III\outputs\models\releases\20260429_063853\prophet_best.pkl
2026-04-29 14:43:07 | INFO     | [PROPHET] Cargando artefacto desde: C:\Users\USER\Documentos\Maestria\Mark-III\outputs\models\releases\20260429_063853\prophet_best.pkl
2026-04-29 14:43:07 | INFO     | [PROPHET] Tipo de artefacto: <class 'dict'>
2026-04-29 14:43:07 | INFO     | [PROPHET] Claves del artefacto: ['model_class', 'params', 'model', 'target_name', 'feature_names']
2026-04-29 14:43:07 | INFO     | [PROPHET] Modelo cargado desde: C:\Users\USER\Documentos\Maestria\Mark-III\outputs\models\releases\20260429_063853\prophet_best.pkl
2026-04-29 14:43:07 | INFO     | [PROPHET] Regresores restaurados: ['Open', 'High', 'Low', 'Close', 'TickVolume', 'Volume', 'Return_1', 'LogReturn_1', 'Return_5', 'ReturnFwd_5', 'LogReturn_5', 'Return_10', 'ReturnFwd_10', 'LogReturn_10', 'SMA_20', 'SMA_50', 'EMA_12', 'EMA_26', 'RSI_14', 'MACD', 'MACD_Signal', 'MACD_Hist', 'BB_Upper', 'BB_Lower', 'BB_Width', 'ATR_14', 'Close_lag1', 'Close_lag2', 'Close_lag3', 'Close_lag5', 'Close_lag10', 'Volume_lag1', 'Volume_lag2', 'Volume_lag3', 'Volume_lag5', 'Volume_lag10']
2026-04-29 14:43:07 | INFO     | [PROPHET] Predicción (yhat) para 2026-04-29 22:35:00: -0.000170
2026-04-29 14:43:07 | INFO     |   📈 Modelo PROPHET -> retorno=-0.000170, pips=-1.99, signal=HOLD, confidence=0.621, entry_plan=nan, SL_plan=nan, TP_plan=nan, entry_live=nan, SL_live=nan, TP_live=nan, lots=0.00, balance=5418.72, risk=0.00, open_risk=162.17, remaining_budget=0.39
2026-04-29 14:43:07 | INFO     | 
💾 Señales de producción guardadas en: outputs\production\production_signals.csv
2026-04-29 14:43:07 | INFO     | ✅ MODO PRODUCCIÓN COMPLETADO

2026-04-29 14:43:37 | INFO     | ============================================================
2026-04-29 14:43:37 | INFO     | TRADING PIPELINE INICIADO
2026-04-29 14:43:37 | INFO     | ============================================================
2026-04-29 14:43:37 | INFO     | 📁 Directorios de trabajo configurados
2026-04-29 14:43:37 | INFO     | 🚀 Ejecutando modo: SYNC_TRADES
2026-04-29 14:43:37 | INFO     | 
============================================================
2026-04-29 14:43:37 | INFO     | MODO: SYNC TRADES
2026-04-29 14:43:37 | INFO     | ============================================================

2026-04-29 14:43:37 | INFO     | 🔄 Sincronización completada. Trades cerrados registrados: 1
2026-04-29 14:43:37 | INFO     | ✅ MODO SYNC TRADES COMPLETADO

2026-04-29 14:44:37 | INFO     | ============================================================
2026-04-29 14:44:37 | INFO     | TRADING PIPELINE INICIADO
2026-04-29 14:44:37 | INFO     | ============================================================
2026-04-29 14:44:37 | INFO     | 📁 Directorios de trabajo configurados
2026-04-29 14:44:37 | INFO     | 🚀 Ejecutando modo: SYNC_TRADES
2026-04-29 14:44:37 | INFO     | 
============================================================
2026-04-29 14:44:37 | INFO     | MODO: SYNC TRADES
2026-04-29 14:44:37 | INFO     | ============================================================

2026-04-29 14:44:37 | INFO     | 🔄 Sincronización completada. Trades cerrados registrados: 1
2026-04-29 14:44:37 | INFO     | ✅ MODO SYNC TRADES COMPLETADO

2026-04-29 14:45:38 | INFO     | ============================================================
2026-04-29 14:45:38 | INFO     | TRADING PIPELINE INICIADO
2026-04-29 14:45:38 | INFO     | ============================================================
2026-04-29 14:45:38 | INFO     | 📁 Directorios de trabajo configurados
2026-04-29 14:45:38 | INFO     | 🚀 Ejecutando modo: SYNC_TRADES
2026-04-29 14:45:38 | INFO     | 
============================================================
2026-04-29 14:45:38 | INFO     | MODO: SYNC TRADES
2026-04-29 14:45:38 | INFO     | ============================================================

2026-04-29 14:45:38 | INFO     | 🔄 Sincronización completada. Trades cerrados registrados: 2
2026-04-29 14:45:38 | INFO     | ✅ MODO SYNC TRADES COMPLETADO

2026-04-29 14:46:37 | INFO     | ============================================================
2026-04-29 14:46:37 | INFO     | TRADING PIPELINE INICIADO
2026-04-29 14:46:37 | INFO     | ============================================================
2026-04-29 14:46:37 | INFO     | 📁 Directorios de trabajo configurados
2026-04-29 14:46:37 | INFO     | 🚀 Ejecutando modo: SYNC_TRADES
2026-04-29 14:46:37 | INFO     | 
============================================================
2026-04-29 14:46:37 | INFO     | MODO: SYNC TRADES
2026-04-29 14:46:37 | INFO     | ============================================================

2026-04-29 14:46:37 | INFO     | 🔄 Sincronización completada. Trades cerrados registrados: 2
2026-04-29 14:46:37 | INFO     | ✅ MODO SYNC TRADES COMPLETADO

2026-04-29 14:47:37 | INFO     | ============================================================
2026-04-29 14:47:37 | INFO     | TRADING PIPELINE INICIADO
2026-04-29 14:47:37 | INFO     | ============================================================
2026-04-29 14:47:37 | INFO     | 📁 Directorios de trabajo configurados
2026-04-29 14:47:37 | INFO     | 🚀 Ejecutando modo: SYNC_TRADES
2026-04-29 14:47:37 | INFO     | 
============================================================
2026-04-29 14:47:37 | INFO     | MODO: SYNC TRADES
2026-04-29 14:47:37 | INFO     | ============================================================

2026-04-29 14:47:37 | INFO     | 🔄 Sincronización completada. Trades cerrados registrados: 2
2026-04-29 14:47:37 | INFO     | ✅ MODO SYNC TRADES COMPLETADO

2026-04-29 14:48:07 | INFO     | ============================================================
2026-04-29 14:48:07 | INFO     | TRADING PIPELINE INICIADO
2026-04-29 14:48:07 | INFO     | ============================================================
2026-04-29 14:48:07 | INFO     | 📁 Directorios de trabajo configurados
2026-04-29 14:48:07 | INFO     | 🚀 Ejecutando modo: PRODUCTION
2026-04-29 14:48:07 | INFO     | 
============================================================
2026-04-29 14:48:07 | INFO     | MODO: PRODUCCIÓN
2026-04-29 14:48:07 | INFO     | ============================================================

2026-04-29 14:48:07 | INFO     | 📥 Cargando datos para producción...
2026-04-29 14:48:07 | INFO     | PASO 1: CARGANDO DATOS
2026-04-29 14:48:07 | INFO     | ------------------------------------------------------------
2026-04-29 14:48:07 | INFO     |   -> Símbolo 'EURUSD' cargado desde config/config.yaml
2026-04-29 14:48:07 | INFO     |   -> Timeframe 'M5' cargado desde config/config.yaml
2026-04-29 14:48:07 | INFO     | ✓ Datos cargados: 3000 filas, 6 columnas.
2026-04-29 14:48:07 | INFO     | PASO 2: LIMPIANDO DATOS
2026-04-29 14:48:07 | INFO     | ------------------------------------------------------------
2026-04-29 14:48:07 | INFO     | ✓ Datos limpios: 3000 filas restantes.
2026-04-29 14:48:07 | INFO     | PASO 3: GENERANDO FEATURES
2026-04-29 14:48:07 | INFO     | ------------------------------------------------------------
2026-04-29 14:48:07 | INFO     |   -> Retornos agregados para períodos: [1, 5, 10]
2026-04-29 14:48:07 | INFO     |   -> Indicadores técnicos agregados.
2026-04-29 14:48:07 | INFO     |   -> Lags agregados para la columna: 'Close'
2026-04-29 14:48:07 | INFO     |   -> Lags agregados para la columna: 'Volume'
2026-04-29 14:48:07 | INFO     |   -> Conteos de valores NaN generados por las features:
2026-04-29 14:48:07 | INFO     | ✓ Features generadas. Total columnas: 37.
2026-04-29 14:48:07 | INFO     | 🏆 Modelo campeón global según backtest: PROPHET
2026-04-29 14:48:07 | INFO     | 🎯 Producción configurada para operar únicamente con el modelo campeón.
2026-04-29 14:48:07 | INFO     | 📦 Release activa de producción: 20260429_063853 (activada 2026-04-29T06:41:48)
2026-04-29 14:48:07 | INFO     | Presupuesto de riesgo: total=162.56 | abierto=162.17 | restante=0.39 | por_trade=54.19
2026-04-29 14:48:07 | INFO     | 🔎 Generando señales de producción para TODOS los modelos habilitados...

2026-04-29 14:48:07 | INFO     | ➡ Procesando modelo: PROPHET | params={'changepoint_prior_scale': 0.01, 'daily_seasonality': False, 'seasonality_mode': 'additive', 'seasonality_prior_scale': 1.0, 'use_lagged_regressors': True, 'weekly_seasonality': True, 'yearly_seasonality': False}
2026-04-29 14:48:07 | INFO     |   💾 Intentando cargar el modelo desde: C:\Users\USER\Documentos\Maestria\Mark-III\outputs\models\releases\20260429_063853\prophet_best.pkl
2026-04-29 14:48:07 | INFO     | [PROPHET] Cargando artefacto desde: C:\Users\USER\Documentos\Maestria\Mark-III\outputs\models\releases\20260429_063853\prophet_best.pkl
2026-04-29 14:48:07 | INFO     | [PROPHET] Tipo de artefacto: <class 'dict'>
2026-04-29 14:48:07 | INFO     | [PROPHET] Claves del artefacto: ['model_class', 'params', 'model', 'target_name', 'feature_names']
2026-04-29 14:48:07 | INFO     | [PROPHET] Modelo cargado desde: C:\Users\USER\Documentos\Maestria\Mark-III\outputs\models\releases\20260429_063853\prophet_best.pkl
2026-04-29 14:48:07 | INFO     | [PROPHET] Regresores restaurados: ['Open', 'High', 'Low', 'Close', 'TickVolume', 'Volume', 'Return_1', 'LogReturn_1', 'Return_5', 'ReturnFwd_5', 'LogReturn_5', 'Return_10', 'ReturnFwd_10', 'LogReturn_10', 'SMA_20', 'SMA_50', 'EMA_12', 'EMA_26', 'RSI_14', 'MACD', 'MACD_Signal', 'MACD_Hist', 'BB_Upper', 'BB_Lower', 'BB_Width', 'ATR_14', 'Close_lag1', 'Close_lag2', 'Close_lag3', 'Close_lag5', 'Close_lag10', 'Volume_lag1', 'Volume_lag2', 'Volume_lag3', 'Volume_lag5', 'Volume_lag10']
2026-04-29 14:48:07 | INFO     | [PROPHET] Predicción (yhat) para 2026-04-29 22:40:00: -0.000123
2026-04-29 14:48:07 | INFO     |   📈 Modelo PROPHET -> retorno=-0.000123, pips=-1.43, signal=HOLD, confidence=0.555, entry_plan=nan, SL_plan=nan, TP_plan=nan, entry_live=nan, SL_live=nan, TP_live=nan, lots=0.00, balance=5418.72, risk=0.00, open_risk=162.17, remaining_budget=0.39
2026-04-29 14:48:07 | INFO     | 
💾 Señales de producción guardadas en: outputs\production\production_signals.csv
2026-04-29 14:48:07 | INFO     | ✅ MODO PRODUCCIÓN COMPLETADO

2026-04-29 14:48:37 | INFO     | ============================================================
2026-04-29 14:48:37 | INFO     | TRADING PIPELINE INICIADO
2026-04-29 14:48:37 | INFO     | ============================================================
2026-04-29 14:48:37 | INFO     | 📁 Directorios de trabajo configurados
2026-04-29 14:48:37 | INFO     | 🚀 Ejecutando modo: SYNC_TRADES
2026-04-29 14:48:37 | INFO     | 
============================================================
2026-04-29 14:48:37 | INFO     | MODO: SYNC TRADES
2026-04-29 14:48:37 | INFO     | ============================================================

2026-04-29 14:48:37 | INFO     | 🔄 Sincronización completada. Trades cerrados registrados: 3
2026-04-29 14:48:37 | INFO     | ✅ MODO SYNC TRADES COMPLETADO

2026-04-29 14:49:37 | INFO     | ============================================================
2026-04-29 14:49:37 | INFO     | TRADING PIPELINE INICIADO
2026-04-29 14:49:37 | INFO     | ============================================================
2026-04-29 14:49:37 | INFO     | 📁 Directorios de trabajo configurados
2026-04-29 14:49:37 | INFO     | 🚀 Ejecutando modo: SYNC_TRADES
2026-04-29 14:49:37 | INFO     | 
============================================================
2026-04-29 14:49:37 | INFO     | MODO: SYNC TRADES
2026-04-29 14:49:37 | INFO     | ============================================================

2026-04-29 14:49:37 | INFO     | 🔄 Sincronización completada. Trades cerrados registrados: 3
2026-04-29 14:49:37 | INFO     | ✅ MODO SYNC TRADES COMPLETADO

2026-04-29 14:50:37 | INFO     | ============================================================
2026-04-29 14:50:37 | INFO     | TRADING PIPELINE INICIADO
2026-04-29 14:50:37 | INFO     | ============================================================
2026-04-29 14:50:37 | INFO     | 📁 Directorios de trabajo configurados
2026-04-29 14:50:37 | INFO     | 🚀 Ejecutando modo: SYNC_TRADES
2026-04-29 14:50:37 | INFO     | 
============================================================
2026-04-29 14:50:37 | INFO     | MODO: SYNC TRADES
2026-04-29 14:50:37 | INFO     | ============================================================

2026-04-29 14:50:37 | INFO     | 🔄 Sincronización completada. Trades cerrados registrados: 3
2026-04-29 14:50:37 | INFO     | ✅ MODO SYNC TRADES COMPLETADO

2026-04-29 14:51:37 | INFO     | ============================================================
2026-04-29 14:51:37 | INFO     | TRADING PIPELINE INICIADO
2026-04-29 14:51:37 | INFO     | ============================================================
2026-04-29 14:51:37 | INFO     | 📁 Directorios de trabajo configurados
2026-04-29 14:51:37 | INFO     | 🚀 Ejecutando modo: SYNC_TRADES
2026-04-29 14:51:37 | INFO     | 
============================================================
2026-04-29 14:51:37 | INFO     | MODO: SYNC TRADES
2026-04-29 14:51:37 | INFO     | ============================================================

2026-04-29 14:51:37 | INFO     | 🔄 Sincronización completada. Trades cerrados registrados: 3
2026-04-29 14:51:37 | INFO     | ✅ MODO SYNC TRADES COMPLETADO

2026-04-29 14:52:37 | INFO     | ============================================================
2026-04-29 14:52:37 | INFO     | TRADING PIPELINE INICIADO
2026-04-29 14:52:37 | INFO     | ============================================================
2026-04-29 14:52:37 | INFO     | 📁 Directorios de trabajo configurados
2026-04-29 14:52:37 | INFO     | 🚀 Ejecutando modo: SYNC_TRADES
2026-04-29 14:52:37 | INFO     | 
============================================================
2026-04-29 14:52:37 | INFO     | MODO: SYNC TRADES
2026-04-29 14:52:37 | INFO     | ============================================================

2026-04-29 14:52:37 | INFO     | 🔄 Sincronización completada. Trades cerrados registrados: 3
2026-04-29 14:52:37 | INFO     | ✅ MODO SYNC TRADES COMPLETADO

2026-04-29 14:53:07 | INFO     | ============================================================
2026-04-29 14:53:07 | INFO     | TRADING PIPELINE INICIADO
2026-04-29 14:53:07 | INFO     | ============================================================
2026-04-29 14:53:07 | INFO     | 📁 Directorios de trabajo configurados
2026-04-29 14:53:07 | INFO     | 🚀 Ejecutando modo: PRODUCTION
2026-04-29 14:53:07 | INFO     | 
============================================================
2026-04-29 14:53:07 | INFO     | MODO: PRODUCCIÓN
2026-04-29 14:53:07 | INFO     | ============================================================

2026-04-29 14:53:07 | INFO     | 📥 Cargando datos para producción...
2026-04-29 14:53:07 | INFO     | PASO 1: CARGANDO DATOS
2026-04-29 14:53:07 | INFO     | ------------------------------------------------------------
2026-04-29 14:53:07 | INFO     |   -> Símbolo 'EURUSD' cargado desde config/config.yaml
2026-04-29 14:53:07 | INFO     |   -> Timeframe 'M5' cargado desde config/config.yaml
2026-04-29 14:53:07 | INFO     | ✓ Datos cargados: 3000 filas, 6 columnas.
2026-04-29 14:53:07 | INFO     | PASO 2: LIMPIANDO DATOS
2026-04-29 14:53:07 | INFO     | ------------------------------------------------------------
2026-04-29 14:53:07 | INFO     | ✓ Datos limpios: 3000 filas restantes.
2026-04-29 14:53:07 | INFO     | PASO 3: GENERANDO FEATURES
2026-04-29 14:53:07 | INFO     | ------------------------------------------------------------
2026-04-29 14:53:07 | INFO     |   -> Retornos agregados para períodos: [1, 5, 10]
2026-04-29 14:53:07 | INFO     |   -> Indicadores técnicos agregados.
2026-04-29 14:53:07 | INFO     |   -> Lags agregados para la columna: 'Close'
2026-04-29 14:53:07 | INFO     |   -> Lags agregados para la columna: 'Volume'
2026-04-29 14:53:07 | INFO     |   -> Conteos de valores NaN generados por las features:
2026-04-29 14:53:07 | INFO     | ✓ Features generadas. Total columnas: 37.
2026-04-29 14:53:07 | INFO     | 🏆 Modelo campeón global según backtest: PROPHET
2026-04-29 14:53:07 | INFO     | 🎯 Producción configurada para operar únicamente con el modelo campeón.
2026-04-29 14:53:07 | INFO     | 📦 Release activa de producción: 20260429_063853 (activada 2026-04-29T06:41:48)
2026-04-29 14:53:07 | INFO     | Presupuesto de riesgo: total=162.56 | abierto=162.17 | restante=0.39 | por_trade=54.19
2026-04-29 14:53:07 | INFO     | 🔎 Generando señales de producción para TODOS los modelos habilitados...

2026-04-29 14:53:07 | INFO     | ➡ Procesando modelo: PROPHET | params={'changepoint_prior_scale': 0.01, 'daily_seasonality': False, 'seasonality_mode': 'additive', 'seasonality_prior_scale': 1.0, 'use_lagged_regressors': True, 'weekly_seasonality': True, 'yearly_seasonality': False}
2026-04-29 14:53:07 | INFO     |   💾 Intentando cargar el modelo desde: C:\Users\USER\Documentos\Maestria\Mark-III\outputs\models\releases\20260429_063853\prophet_best.pkl
2026-04-29 14:53:07 | INFO     | [PROPHET] Cargando artefacto desde: C:\Users\USER\Documentos\Maestria\Mark-III\outputs\models\releases\20260429_063853\prophet_best.pkl
2026-04-29 14:53:07 | INFO     | [PROPHET] Tipo de artefacto: <class 'dict'>
2026-04-29 14:53:07 | INFO     | [PROPHET] Claves del artefacto: ['model_class', 'params', 'model', 'target_name', 'feature_names']
2026-04-29 14:53:07 | INFO     | [PROPHET] Modelo cargado desde: C:\Users\USER\Documentos\Maestria\Mark-III\outputs\models\releases\20260429_063853\prophet_best.pkl
2026-04-29 14:53:07 | INFO     | [PROPHET] Regresores restaurados: ['Open', 'High', 'Low', 'Close', 'TickVolume', 'Volume', 'Return_1', 'LogReturn_1', 'Return_5', 'ReturnFwd_5', 'LogReturn_5', 'Return_10', 'ReturnFwd_10', 'LogReturn_10', 'SMA_20', 'SMA_50', 'EMA_12', 'EMA_26', 'RSI_14', 'MACD', 'MACD_Signal', 'MACD_Hist', 'BB_Upper', 'BB_Lower', 'BB_Width', 'ATR_14', 'Close_lag1', 'Close_lag2', 'Close_lag3', 'Close_lag5', 'Close_lag10', 'Volume_lag1', 'Volume_lag2', 'Volume_lag3', 'Volume_lag5', 'Volume_lag10']
2026-04-29 14:53:07 | INFO     | [PROPHET] Predicción (yhat) para 2026-04-29 22:45:00: 0.000196
2026-04-29 14:53:07 | INFO     |   📈 Modelo PROPHET -> retorno=0.000196, pips=2.29, signal=HOLD, confidence=0.656, entry_plan=nan, SL_plan=nan, TP_plan=nan, entry_live=nan, SL_live=nan, TP_live=nan, lots=0.00, balance=5418.72, risk=0.00, open_risk=162.17, remaining_budget=0.39
2026-04-29 14:53:07 | INFO     | 
💾 Señales de producción guardadas en: outputs\production\production_signals.csv
2026-04-29 14:53:07 | INFO     | ✅ MODO PRODUCCIÓN COMPLETADO

2026-04-29 14:53:37 | INFO     | ============================================================
2026-04-29 14:53:37 | INFO     | TRADING PIPELINE INICIADO
2026-04-29 14:53:37 | INFO     | ============================================================
2026-04-29 14:53:37 | INFO     | 📁 Directorios de trabajo configurados
2026-04-29 14:53:37 | INFO     | 🚀 Ejecutando modo: SYNC_TRADES
2026-04-29 14:53:37 | INFO     | 
============================================================
2026-04-29 14:53:37 | INFO     | MODO: SYNC TRADES
2026-04-29 14:53:37 | INFO     | ============================================================

2026-04-29 14:53:37 | INFO     | 🔄 Sincronización completada. Trades cerrados registrados: 3
2026-04-29 14:53:37 | INFO     | ✅ MODO SYNC TRADES COMPLETADO

2026-04-29 14:54:37 | INFO     | ============================================================
2026-04-29 14:54:37 | INFO     | TRADING PIPELINE INICIADO
2026-04-29 14:54:37 | INFO     | ============================================================
2026-04-29 14:54:37 | INFO     | 📁 Directorios de trabajo configurados
2026-04-29 14:54:37 | INFO     | 🚀 Ejecutando modo: SYNC_TRADES
2026-04-29 14:54:37 | INFO     | 
============================================================
2026-04-29 14:54:37 | INFO     | MODO: SYNC TRADES
2026-04-29 14:54:37 | INFO     | ============================================================

2026-04-29 14:54:37 | INFO     | 🔄 Sincronización completada. Trades cerrados registrados: 3
2026-04-29 14:54:37 | INFO     | ✅ MODO SYNC TRADES COMPLETADO

2026-04-29 14:55:38 | INFO     | ============================================================
2026-04-29 14:55:38 | INFO     | TRADING PIPELINE INICIADO
2026-04-29 14:55:38 | INFO     | ============================================================
2026-04-29 14:55:38 | INFO     | 📁 Directorios de trabajo configurados
2026-04-29 14:55:38 | INFO     | 🚀 Ejecutando modo: SYNC_TRADES
2026-04-29 14:55:38 | INFO     | 
============================================================
2026-04-29 14:55:38 | INFO     | MODO: SYNC TRADES
2026-04-29 14:55:38 | INFO     | ============================================================

2026-04-29 14:55:38 | INFO     | 🔄 Sincronización completada. Trades cerrados registrados: 3
2026-04-29 14:55:38 | INFO     | ✅ MODO SYNC TRADES COMPLETADO

2026-04-29 14:56:37 | INFO     | ============================================================
2026-04-29 14:56:37 | INFO     | TRADING PIPELINE INICIADO
2026-04-29 14:56:37 | INFO     | ============================================================
2026-04-29 14:56:37 | INFO     | 📁 Directorios de trabajo configurados
2026-04-29 14:56:37 | INFO     | 🚀 Ejecutando modo: SYNC_TRADES
2026-04-29 14:56:37 | INFO     | 
============================================================
2026-04-29 14:56:37 | INFO     | MODO: SYNC TRADES
2026-04-29 14:56:37 | INFO     | ============================================================

2026-04-29 14:56:37 | INFO     | 🔄 Sincronización completada. Trades cerrados registrados: 3
2026-04-29 14:56:37 | INFO     | ✅ MODO SYNC TRADES COMPLETADO

2026-04-29 14:57:37 | INFO     | ============================================================
2026-04-29 14:57:37 | INFO     | TRADING PIPELINE INICIADO
2026-04-29 14:57:37 | INFO     | ============================================================
2026-04-29 14:57:37 | INFO     | 📁 Directorios de trabajo configurados
2026-04-29 14:57:37 | INFO     | 🚀 Ejecutando modo: SYNC_TRADES
2026-04-29 14:57:37 | INFO     | 
============================================================
2026-04-29 14:57:37 | INFO     | MODO: SYNC TRADES
2026-04-29 14:57:37 | INFO     | ============================================================

2026-04-29 14:57:37 | INFO     | 🔄 Sincronización completada. Trades cerrados registrados: 3
2026-04-29 14:57:37 | INFO     | ✅ MODO SYNC TRADES COMPLETADO

2026-04-29 14:58:07 | INFO     | ============================================================
2026-04-29 14:58:07 | INFO     | TRADING PIPELINE INICIADO
2026-04-29 14:58:07 | INFO     | ============================================================
2026-04-29 14:58:07 | INFO     | 📁 Directorios de trabajo configurados
2026-04-29 14:58:07 | INFO     | 🚀 Ejecutando modo: PRODUCTION
2026-04-29 14:58:07 | INFO     | 
============================================================
2026-04-29 14:58:07 | INFO     | MODO: PRODUCCIÓN
2026-04-29 14:58:07 | INFO     | ============================================================

2026-04-29 14:58:07 | INFO     | 📥 Cargando datos para producción...
2026-04-29 14:58:07 | INFO     | PASO 1: CARGANDO DATOS
2026-04-29 14:58:07 | INFO     | ------------------------------------------------------------
2026-04-29 14:58:07 | INFO     |   -> Símbolo 'EURUSD' cargado desde config/config.yaml
2026-04-29 14:58:07 | INFO     |   -> Timeframe 'M5' cargado desde config/config.yaml
2026-04-29 14:58:07 | INFO     | ✓ Datos cargados: 3000 filas, 6 columnas.
2026-04-29 14:58:07 | INFO     | PASO 2: LIMPIANDO DATOS
2026-04-29 14:58:07 | INFO     | ------------------------------------------------------------
2026-04-29 14:58:07 | INFO     | ✓ Datos limpios: 3000 filas restantes.
2026-04-29 14:58:07 | INFO     | PASO 3: GENERANDO FEATURES
2026-04-29 14:58:07 | INFO     | ------------------------------------------------------------
2026-04-29 14:58:07 | INFO     |   -> Retornos agregados para períodos: [1, 5, 10]
2026-04-29 14:58:07 | INFO     |   -> Indicadores técnicos agregados.
2026-04-29 14:58:07 | INFO     |   -> Lags agregados para la columna: 'Close'
2026-04-29 14:58:07 | INFO     |   -> Lags agregados para la columna: 'Volume'
2026-04-29 14:58:07 | INFO     |   -> Conteos de valores NaN generados por las features:
2026-04-29 14:58:07 | INFO     | ✓ Features generadas. Total columnas: 37.
2026-04-29 14:58:07 | INFO     | 🏆 Modelo campeón global según backtest: PROPHET
2026-04-29 14:58:07 | INFO     | 🎯 Producción configurada para operar únicamente con el modelo campeón.
2026-04-29 14:58:07 | INFO     | 📦 Release activa de producción: 20260429_063853 (activada 2026-04-29T06:41:48)
2026-04-29 14:58:07 | INFO     | Presupuesto de riesgo: total=162.56 | abierto=162.17 | restante=0.39 | por_trade=54.19
2026-04-29 14:58:07 | INFO     | 🔎 Generando señales de producción para TODOS los modelos habilitados...

2026-04-29 14:58:07 | INFO     | ➡ Procesando modelo: PROPHET | params={'changepoint_prior_scale': 0.01, 'daily_seasonality': False, 'seasonality_mode': 'additive', 'seasonality_prior_scale': 1.0, 'use_lagged_regressors': True, 'weekly_seasonality': True, 'yearly_seasonality': False}
2026-04-29 14:58:07 | INFO     |   💾 Intentando cargar el modelo desde: C:\Users\USER\Documentos\Maestria\Mark-III\outputs\models\releases\20260429_063853\prophet_best.pkl
2026-04-29 14:58:07 | INFO     | [PROPHET] Cargando artefacto desde: C:\Users\USER\Documentos\Maestria\Mark-III\outputs\models\releases\20260429_063853\prophet_best.pkl
2026-04-29 14:58:07 | INFO     | [PROPHET] Tipo de artefacto: <class 'dict'>
2026-04-29 14:58:07 | INFO     | [PROPHET] Claves del artefacto: ['model_class', 'params', 'model', 'target_name', 'feature_names']
2026-04-29 14:58:07 | INFO     | [PROPHET] Modelo cargado desde: C:\Users\USER\Documentos\Maestria\Mark-III\outputs\models\releases\20260429_063853\prophet_best.pkl
2026-04-29 14:58:07 | INFO     | [PROPHET] Regresores restaurados: ['Open', 'High', 'Low', 'Close', 'TickVolume', 'Volume', 'Return_1', 'LogReturn_1', 'Return_5', 'ReturnFwd_5', 'LogReturn_5', 'Return_10', 'ReturnFwd_10', 'LogReturn_10', 'SMA_20', 'SMA_50', 'EMA_12', 'EMA_26', 'RSI_14', 'MACD', 'MACD_Signal', 'MACD_Hist', 'BB_Upper', 'BB_Lower', 'BB_Width', 'ATR_14', 'Close_lag1', 'Close_lag2', 'Close_lag3', 'Close_lag5', 'Close_lag10', 'Volume_lag1', 'Volume_lag2', 'Volume_lag3', 'Volume_lag5', 'Volume_lag10']
2026-04-29 14:58:07 | INFO     | [PROPHET] Predicción (yhat) para 2026-04-29 22:50:00: 0.000226
2026-04-29 14:58:07 | INFO     |   📈 Modelo PROPHET -> retorno=0.000226, pips=2.64, signal=BUY, confidence=0.697, entry_plan=1.16732, SL_plan=1.16632, TP_plan=1.16932, entry_live=1.16771, SL_live=1.16671, TP_live=1.16971, lots=0.00, balance=5418.72, risk=0.00, open_risk=162.17, remaining_budget=0.39
2026-04-29 14:58:07 | INFO     | 
💾 Señales de producción guardadas en: outputs\production\production_signals.csv
2026-04-29 14:58:07 | INFO     | ✅ MODO PRODUCCIÓN COMPLETADO

2026-04-29 14:58:37 | INFO     | ============================================================
2026-04-29 14:58:37 | INFO     | TRADING PIPELINE INICIADO
2026-04-29 14:58:37 | INFO     | ============================================================
2026-04-29 14:58:37 | INFO     | 📁 Directorios de trabajo configurados
2026-04-29 14:58:37 | INFO     | 🚀 Ejecutando modo: SYNC_TRADES
2026-04-29 14:58:37 | INFO     | 
============================================================
2026-04-29 14:58:37 | INFO     | MODO: SYNC TRADES
2026-04-29 14:58:37 | INFO     | ============================================================

2026-04-29 14:58:37 | INFO     | 🔄 Sincronización completada. Trades cerrados registrados: 3
2026-04-29 14:58:37 | INFO     | ✅ MODO SYNC TRADES COMPLETADO

2026-04-29 14:59:40 | INFO     | ============================================================
2026-04-29 14:59:40 | INFO     | TRADING PIPELINE INICIADO
2026-04-29 14:59:40 | INFO     | ============================================================
2026-04-29 14:59:40 | INFO     | 📁 Directorios de trabajo configurados
2026-04-29 14:59:40 | INFO     | 🚀 Ejecutando modo: SYNC_TRADES
2026-04-29 14:59:40 | INFO     | 
============================================================
2026-04-29 14:59:40 | INFO     | MODO: SYNC TRADES
2026-04-29 14:59:40 | INFO     | ============================================================

2026-04-29 14:59:41 | INFO     | 🔄 Sincronización completada. Trades cerrados registrados: 3
2026-04-29 14:59:41 | INFO     | ✅ MODO SYNC TRADES COMPLETADO

2026-04-29 15:00:37 | INFO     | ============================================================
2026-04-29 15:00:37 | INFO     | TRADING PIPELINE INICIADO
2026-04-29 15:00:37 | INFO     | ============================================================
2026-04-29 15:00:37 | INFO     | 📁 Directorios de trabajo configurados
2026-04-29 15:00:37 | INFO     | 🚀 Ejecutando modo: SYNC_TRADES
2026-04-29 15:00:37 | INFO     | 
============================================================
2026-04-29 15:00:37 | INFO     | MODO: SYNC TRADES
2026-04-29 15:00:37 | INFO     | ============================================================

2026-04-29 15:00:37 | INFO     | 🔄 Sincronización completada. Trades cerrados registrados: 3
2026-04-29 15:00:37 | INFO     | ✅ MODO SYNC TRADES COMPLETADO

2026-04-29 15:01:37 | INFO     | ============================================================
2026-04-29 15:01:37 | INFO     | TRADING PIPELINE INICIADO
2026-04-29 15:01:37 | INFO     | ============================================================
2026-04-29 15:01:37 | INFO     | 📁 Directorios de trabajo configurados
2026-04-29 15:01:37 | INFO     | 🚀 Ejecutando modo: SYNC_TRADES
2026-04-29 15:01:37 | INFO     | 
============================================================
2026-04-29 15:01:37 | INFO     | MODO: SYNC TRADES
2026-04-29 15:01:37 | INFO     | ============================================================

2026-04-29 15:01:37 | INFO     | 🔄 Sincronización completada. Trades cerrados registrados: 3
2026-04-29 15:01:37 | INFO     | ✅ MODO SYNC TRADES COMPLETADO

2026-04-29 15:02:37 | INFO     | ============================================================
2026-04-29 15:02:37 | INFO     | TRADING PIPELINE INICIADO
2026-04-29 15:02:37 | INFO     | ============================================================
2026-04-29 15:02:37 | INFO     | 📁 Directorios de trabajo configurados
2026-04-29 15:02:37 | INFO     | 🚀 Ejecutando modo: SYNC_TRADES
2026-04-29 15:02:37 | INFO     | 
============================================================
2026-04-29 15:02:37 | INFO     | MODO: SYNC TRADES
2026-04-29 15:02:37 | INFO     | ============================================================

2026-04-29 15:02:37 | INFO     | 🔄 Sincronización completada. Trades cerrados registrados: 3
2026-04-29 15:02:37 | INFO     | ✅ MODO SYNC TRADES COMPLETADO

2026-04-29 15:03:07 | INFO     | ============================================================
2026-04-29 15:03:07 | INFO     | TRADING PIPELINE INICIADO
2026-04-29 15:03:07 | INFO     | ============================================================
2026-04-29 15:03:07 | INFO     | 📁 Directorios de trabajo configurados
2026-04-29 15:03:07 | INFO     | 🚀 Ejecutando modo: PRODUCTION
2026-04-29 15:03:07 | INFO     | 
============================================================
2026-04-29 15:03:07 | INFO     | MODO: PRODUCCIÓN
2026-04-29 15:03:07 | INFO     | ============================================================

2026-04-29 15:03:07 | INFO     | 📥 Cargando datos para producción...
2026-04-29 15:03:07 | INFO     | PASO 1: CARGANDO DATOS
2026-04-29 15:03:07 | INFO     | ------------------------------------------------------------
2026-04-29 15:03:07 | INFO     |   -> Símbolo 'EURUSD' cargado desde config/config.yaml
2026-04-29 15:03:07 | INFO     |   -> Timeframe 'M5' cargado desde config/config.yaml
2026-04-29 15:03:07 | INFO     | ✓ Datos cargados: 3000 filas, 6 columnas.
2026-04-29 15:03:07 | INFO     | PASO 2: LIMPIANDO DATOS
2026-04-29 15:03:07 | INFO     | ------------------------------------------------------------
2026-04-29 15:03:07 | INFO     | ✓ Datos limpios: 3000 filas restantes.
2026-04-29 15:03:07 | INFO     | PASO 3: GENERANDO FEATURES
2026-04-29 15:03:07 | INFO     | ------------------------------------------------------------
2026-04-29 15:03:07 | INFO     |   -> Retornos agregados para períodos: [1, 5, 10]
2026-04-29 15:03:07 | INFO     |   -> Indicadores técnicos agregados.
2026-04-29 15:03:07 | INFO     |   -> Lags agregados para la columna: 'Close'
2026-04-29 15:03:07 | INFO     |   -> Lags agregados para la columna: 'Volume'
2026-04-29 15:03:07 | INFO     |   -> Conteos de valores NaN generados por las features:
2026-04-29 15:03:07 | INFO     | ✓ Features generadas. Total columnas: 37.
2026-04-29 15:03:07 | INFO     | 🏆 Modelo campeón global según backtest: PROPHET
2026-04-29 15:03:07 | INFO     | 🎯 Producción configurada para operar únicamente con el modelo campeón.
2026-04-29 15:03:07 | INFO     | 📦 Release activa de producción: 20260429_063853 (activada 2026-04-29T06:41:48)
2026-04-29 15:03:07 | INFO     | Presupuesto de riesgo: total=162.56 | abierto=162.17 | restante=0.39 | por_trade=54.19
2026-04-29 15:03:07 | INFO     | 🔎 Generando señales de producción para TODOS los modelos habilitados...

2026-04-29 15:03:07 | INFO     | ➡ Procesando modelo: PROPHET | params={'changepoint_prior_scale': 0.01, 'daily_seasonality': False, 'seasonality_mode': 'additive', 'seasonality_prior_scale': 1.0, 'use_lagged_regressors': True, 'weekly_seasonality': True, 'yearly_seasonality': False}
2026-04-29 15:03:07 | INFO     |   💾 Intentando cargar el modelo desde: C:\Users\USER\Documentos\Maestria\Mark-III\outputs\models\releases\20260429_063853\prophet_best.pkl
2026-04-29 15:03:07 | INFO     | [PROPHET] Cargando artefacto desde: C:\Users\USER\Documentos\Maestria\Mark-III\outputs\models\releases\20260429_063853\prophet_best.pkl
2026-04-29 15:03:07 | INFO     | [PROPHET] Tipo de artefacto: <class 'dict'>
2026-04-29 15:03:07 | INFO     | [PROPHET] Claves del artefacto: ['model_class', 'params', 'model', 'target_name', 'feature_names']
2026-04-29 15:03:07 | INFO     | [PROPHET] Modelo cargado desde: C:\Users\USER\Documentos\Maestria\Mark-III\outputs\models\releases\20260429_063853\prophet_best.pkl
2026-04-29 15:03:07 | INFO     | [PROPHET] Regresores restaurados: ['Open', 'High', 'Low', 'Close', 'TickVolume', 'Volume', 'Return_1', 'LogReturn_1', 'Return_5', 'ReturnFwd_5', 'LogReturn_5', 'Return_10', 'ReturnFwd_10', 'LogReturn_10', 'SMA_20', 'SMA_50', 'EMA_12', 'EMA_26', 'RSI_14', 'MACD', 'MACD_Signal', 'MACD_Hist', 'BB_Upper', 'BB_Lower', 'BB_Width', 'ATR_14', 'Close_lag1', 'Close_lag2', 'Close_lag3', 'Close_lag5', 'Close_lag10', 'Volume_lag1', 'Volume_lag2', 'Volume_lag3', 'Volume_lag5', 'Volume_lag10']
2026-04-29 15:03:07 | INFO     | [PROPHET] Predicción (yhat) para 2026-04-29 22:55:00: -0.000004
2026-04-29 15:03:07 | INFO     |   📈 Modelo PROPHET -> retorno=-0.000004, pips=-0.05, signal=HOLD, confidence=0.392, entry_plan=nan, SL_plan=nan, TP_plan=nan, entry_live=nan, SL_live=nan, TP_live=nan, lots=0.00, balance=5418.72, risk=0.00, open_risk=162.17, remaining_budget=0.39
2026-04-29 15:03:07 | INFO     | 
💾 Señales de producción guardadas en: outputs\production\production_signals.csv
2026-04-29 15:03:07 | INFO     | ✅ MODO PRODUCCIÓN COMPLETADO

2026-04-29 15:03:37 | INFO     | ============================================================
2026-04-29 15:03:37 | INFO     | TRADING PIPELINE INICIADO
2026-04-29 15:03:37 | INFO     | ============================================================
2026-04-29 15:03:37 | INFO     | 📁 Directorios de trabajo configurados
2026-04-29 15:03:37 | INFO     | 🚀 Ejecutando modo: SYNC_TRADES
2026-04-29 15:03:37 | INFO     | 
============================================================
2026-04-29 15:03:37 | INFO     | MODO: SYNC TRADES
2026-04-29 15:03:37 | INFO     | ============================================================

2026-04-29 15:03:37 | INFO     | 🔄 Sincronización completada. Trades cerrados registrados: 3
2026-04-29 15:03:37 | INFO     | ✅ MODO SYNC TRADES COMPLETADO

2026-04-29 15:04:37 | INFO     | ============================================================
2026-04-29 15:04:37 | INFO     | TRADING PIPELINE INICIADO
2026-04-29 15:04:37 | INFO     | ============================================================
2026-04-29 15:04:37 | INFO     | 📁 Directorios de trabajo configurados
2026-04-29 15:04:37 | INFO     | 🚀 Ejecutando modo: SYNC_TRADES
2026-04-29 15:04:37 | INFO     | 
============================================================
2026-04-29 15:04:37 | INFO     | MODO: SYNC TRADES
2026-04-29 15:04:37 | INFO     | ============================================================

2026-04-29 15:04:37 | INFO     | 🔄 Sincronización completada. Trades cerrados registrados: 3
2026-04-29 15:04:37 | INFO     | ✅ MODO SYNC TRADES COMPLETADO

2026-04-29 15:05:38 | INFO     | ============================================================
2026-04-29 15:05:38 | INFO     | TRADING PIPELINE INICIADO
2026-04-29 15:05:38 | INFO     | ============================================================
2026-04-29 15:05:38 | INFO     | 📁 Directorios de trabajo configurados
2026-04-29 15:05:38 | INFO     | 🚀 Ejecutando modo: SYNC_TRADES
2026-04-29 15:05:38 | INFO     | 
============================================================
2026-04-29 15:05:38 | INFO     | MODO: SYNC TRADES
2026-04-29 15:05:38 | INFO     | ============================================================

2026-04-29 15:05:38 | INFO     | 🔄 Sincronización completada. Trades cerrados registrados: 3
2026-04-29 15:05:38 | INFO     | ✅ MODO SYNC TRADES COMPLETADO

2026-04-29 15:06:37 | INFO     | ============================================================
2026-04-29 15:06:37 | INFO     | TRADING PIPELINE INICIADO
2026-04-29 15:06:37 | INFO     | ============================================================
2026-04-29 15:06:37 | INFO     | 📁 Directorios de trabajo configurados
2026-04-29 15:06:37 | INFO     | 🚀 Ejecutando modo: SYNC_TRADES
2026-04-29 15:06:37 | INFO     | 
============================================================
2026-04-29 15:06:37 | INFO     | MODO: SYNC TRADES
2026-04-29 15:06:37 | INFO     | ============================================================

2026-04-29 15:06:37 | INFO     | 🔄 Sincronización completada. Trades cerrados registrados: 3
2026-04-29 15:06:37 | INFO     | ✅ MODO SYNC TRADES COMPLETADO

2026-04-29 15:07:37 | INFO     | ============================================================
2026-04-29 15:07:37 | INFO     | TRADING PIPELINE INICIADO
2026-04-29 15:07:37 | INFO     | ============================================================
2026-04-29 15:07:37 | INFO     | 📁 Directorios de trabajo configurados
2026-04-29 15:07:37 | INFO     | 🚀 Ejecutando modo: SYNC_TRADES
2026-04-29 15:07:37 | INFO     | 
============================================================
2026-04-29 15:07:37 | INFO     | MODO: SYNC TRADES
2026-04-29 15:07:37 | INFO     | ============================================================

2026-04-29 15:07:37 | INFO     | 🔄 Sincronización completada. Trades cerrados registrados: 3
2026-04-29 15:07:37 | INFO     | ✅ MODO SYNC TRADES COMPLETADO

2026-04-29 15:08:07 | INFO     | ============================================================
2026-04-29 15:08:07 | INFO     | TRADING PIPELINE INICIADO
2026-04-29 15:08:07 | INFO     | ============================================================
2026-04-29 15:08:07 | INFO     | 📁 Directorios de trabajo configurados
2026-04-29 15:08:07 | INFO     | 🚀 Ejecutando modo: PRODUCTION
2026-04-29 15:08:07 | INFO     | 
============================================================
2026-04-29 15:08:07 | INFO     | MODO: PRODUCCIÓN
2026-04-29 15:08:07 | INFO     | ============================================================

2026-04-29 15:08:07 | INFO     | 📥 Cargando datos para producción...
2026-04-29 15:08:07 | INFO     | PASO 1: CARGANDO DATOS
2026-04-29 15:08:07 | INFO     | ------------------------------------------------------------
2026-04-29 15:08:07 | INFO     |   -> Símbolo 'EURUSD' cargado desde config/config.yaml
2026-04-29 15:08:07 | INFO     |   -> Timeframe 'M5' cargado desde config/config.yaml
2026-04-29 15:08:07 | INFO     | ✓ Datos cargados: 3000 filas, 6 columnas.
2026-04-29 15:08:07 | INFO     | PASO 2: LIMPIANDO DATOS
2026-04-29 15:08:07 | INFO     | ------------------------------------------------------------
2026-04-29 15:08:07 | INFO     | ✓ Datos limpios: 3000 filas restantes.
2026-04-29 15:08:07 | INFO     | PASO 3: GENERANDO FEATURES
2026-04-29 15:08:07 | INFO     | ------------------------------------------------------------
2026-04-29 15:08:07 | INFO     |   -> Retornos agregados para períodos: [1, 5, 10]
2026-04-29 15:08:07 | INFO     |   -> Indicadores técnicos agregados.
2026-04-29 15:08:07 | INFO     |   -> Lags agregados para la columna: 'Close'
2026-04-29 15:08:07 | INFO     |   -> Lags agregados para la columna: 'Volume'
2026-04-29 15:08:07 | INFO     |   -> Conteos de valores NaN generados por las features:
2026-04-29 15:08:07 | INFO     | ✓ Features generadas. Total columnas: 37.
2026-04-29 15:08:07 | INFO     | 🏆 Modelo campeón global según backtest: PROPHET
2026-04-29 15:08:07 | INFO     | 🎯 Producción configurada para operar únicamente con el modelo campeón.
2026-04-29 15:08:07 | INFO     | 📦 Release activa de producción: 20260429_063853 (activada 2026-04-29T06:41:48)
2026-04-29 15:08:07 | INFO     | Presupuesto de riesgo: total=162.56 | abierto=162.17 | restante=0.39 | por_trade=54.19
2026-04-29 15:08:07 | INFO     | 🔎 Generando señales de producción para TODOS los modelos habilitados...

2026-04-29 15:08:07 | INFO     | ➡ Procesando modelo: PROPHET | params={'changepoint_prior_scale': 0.01, 'daily_seasonality': False, 'seasonality_mode': 'additive', 'seasonality_prior_scale': 1.0, 'use_lagged_regressors': True, 'weekly_seasonality': True, 'yearly_seasonality': False}
2026-04-29 15:08:07 | INFO     |   💾 Intentando cargar el modelo desde: C:\Users\USER\Documentos\Maestria\Mark-III\outputs\models\releases\20260429_063853\prophet_best.pkl
2026-04-29 15:08:07 | INFO     | [PROPHET] Cargando artefacto desde: C:\Users\USER\Documentos\Maestria\Mark-III\outputs\models\releases\20260429_063853\prophet_best.pkl
2026-04-29 15:08:07 | INFO     | [PROPHET] Tipo de artefacto: <class 'dict'>
2026-04-29 15:08:07 | INFO     | [PROPHET] Claves del artefacto: ['model_class', 'params', 'model', 'target_name', 'feature_names']
2026-04-29 15:08:07 | INFO     | [PROPHET] Modelo cargado desde: C:\Users\USER\Documentos\Maestria\Mark-III\outputs\models\releases\20260429_063853\prophet_best.pkl
2026-04-29 15:08:07 | INFO     | [PROPHET] Regresores restaurados: ['Open', 'High', 'Low', 'Close', 'TickVolume', 'Volume', 'Return_1', 'LogReturn_1', 'Return_5', 'ReturnFwd_5', 'LogReturn_5', 'Return_10', 'ReturnFwd_10', 'LogReturn_10', 'SMA_20', 'SMA_50', 'EMA_12', 'EMA_26', 'RSI_14', 'MACD', 'MACD_Signal', 'MACD_Hist', 'BB_Upper', 'BB_Lower', 'BB_Width', 'ATR_14', 'Close_lag1', 'Close_lag2', 'Close_lag3', 'Close_lag5', 'Close_lag10', 'Volume_lag1', 'Volume_lag2', 'Volume_lag3', 'Volume_lag5', 'Volume_lag10']
2026-04-29 15:08:07 | INFO     | [PROPHET] Predicción (yhat) para 2026-04-29 23:00:00: -0.000159
2026-04-29 15:08:07 | INFO     |   📈 Modelo PROPHET -> retorno=-0.000159, pips=-1.86, signal=HOLD, confidence=0.606, entry_plan=nan, SL_plan=nan, TP_plan=nan, entry_live=nan, SL_live=nan, TP_live=nan, lots=0.00, balance=5418.72, risk=0.00, open_risk=162.17, remaining_budget=0.39
2026-04-29 15:08:07 | INFO     | 
💾 Señales de producción guardadas en: outputs\production\production_signals.csv
2026-04-29 15:08:08 | INFO     | ✅ MODO PRODUCCIÓN COMPLETADO

2026-04-29 15:08:37 | INFO     | ============================================================
2026-04-29 15:08:37 | INFO     | TRADING PIPELINE INICIADO
2026-04-29 15:08:37 | INFO     | ============================================================
2026-04-29 15:08:37 | INFO     | 📁 Directorios de trabajo configurados
2026-04-29 15:08:37 | INFO     | 🚀 Ejecutando modo: SYNC_TRADES
2026-04-29 15:08:37 | INFO     | 
============================================================
2026-04-29 15:08:37 | INFO     | MODO: SYNC TRADES
2026-04-29 15:08:37 | INFO     | ============================================================

2026-04-29 15:08:37 | INFO     | 🔄 Sincronización completada. Trades cerrados registrados: 3
2026-04-29 15:08:37 | INFO     | ✅ MODO SYNC TRADES COMPLETADO

2026-04-29 15:09:37 | INFO     | ============================================================
2026-04-29 15:09:37 | INFO     | TRADING PIPELINE INICIADO
2026-04-29 15:09:37 | INFO     | ============================================================
2026-04-29 15:09:37 | INFO     | 📁 Directorios de trabajo configurados
2026-04-29 15:09:37 | INFO     | 🚀 Ejecutando modo: SYNC_TRADES
2026-04-29 15:09:37 | INFO     | 
============================================================
2026-04-29 15:09:37 | INFO     | MODO: SYNC TRADES
2026-04-29 15:09:37 | INFO     | ============================================================

2026-04-29 15:09:37 | INFO     | 🔄 Sincronización completada. Trades cerrados registrados: 3
2026-04-29 15:09:37 | INFO     | ✅ MODO SYNC TRADES COMPLETADO

2026-04-29 15:10:37 | INFO     | ============================================================
2026-04-29 15:10:37 | INFO     | TRADING PIPELINE INICIADO
2026-04-29 15:10:37 | INFO     | ============================================================
2026-04-29 15:10:37 | INFO     | 📁 Directorios de trabajo configurados
2026-04-29 15:10:37 | INFO     | 🚀 Ejecutando modo: SYNC_TRADES
2026-04-29 15:10:37 | INFO     | 
============================================================
2026-04-29 15:10:37 | INFO     | MODO: SYNC TRADES
2026-04-29 15:10:37 | INFO     | ============================================================

2026-04-29 15:10:37 | INFO     | 🔄 Sincronización completada. Trades cerrados registrados: 3
2026-04-29 15:10:37 | INFO     | ✅ MODO SYNC TRADES COMPLETADO

2026-04-29 15:11:37 | INFO     | ============================================================
2026-04-29 15:11:37 | INFO     | TRADING PIPELINE INICIADO
2026-04-29 15:11:37 | INFO     | ============================================================
2026-04-29 15:11:37 | INFO     | 📁 Directorios de trabajo configurados
2026-04-29 15:11:37 | INFO     | 🚀 Ejecutando modo: SYNC_TRADES
2026-04-29 15:11:37 | INFO     | 
============================================================
2026-04-29 15:11:37 | INFO     | MODO: SYNC TRADES
2026-04-29 15:11:37 | INFO     | ============================================================

2026-04-29 15:11:37 | INFO     | 🔄 Sincronización completada. Trades cerrados registrados: 3
2026-04-29 15:11:37 | INFO     | ✅ MODO SYNC TRADES COMPLETADO

2026-04-29 15:12:37 | INFO     | ============================================================
2026-04-29 15:12:37 | INFO     | TRADING PIPELINE INICIADO
2026-04-29 15:12:37 | INFO     | ============================================================
2026-04-29 15:12:37 | INFO     | 📁 Directorios de trabajo configurados
2026-04-29 15:12:37 | INFO     | 🚀 Ejecutando modo: SYNC_TRADES
2026-04-29 15:12:37 | INFO     | 
============================================================
2026-04-29 15:12:37 | INFO     | MODO: SYNC TRADES
2026-04-29 15:12:37 | INFO     | ============================================================

2026-04-29 15:12:38 | INFO     | 🔄 Sincronización completada. Trades cerrados registrados: 3
2026-04-29 15:12:38 | INFO     | ✅ MODO SYNC TRADES COMPLETADO

2026-04-29 15:13:07 | INFO     | ============================================================
2026-04-29 15:13:07 | INFO     | TRADING PIPELINE INICIADO
2026-04-29 15:13:07 | INFO     | ============================================================
2026-04-29 15:13:07 | INFO     | 📁 Directorios de trabajo configurados
2026-04-29 15:13:07 | INFO     | 🚀 Ejecutando modo: PRODUCTION
2026-04-29 15:13:07 | INFO     | 
============================================================
2026-04-29 15:13:07 | INFO     | MODO: PRODUCCIÓN
2026-04-29 15:13:07 | INFO     | ============================================================

2026-04-29 15:13:07 | INFO     | 📥 Cargando datos para producción...
2026-04-29 15:13:07 | INFO     | PASO 1: CARGANDO DATOS
2026-04-29 15:13:07 | INFO     | ------------------------------------------------------------
2026-04-29 15:13:07 | INFO     |   -> Símbolo 'EURUSD' cargado desde config/config.yaml
2026-04-29 15:13:07 | INFO     |   -> Timeframe 'M5' cargado desde config/config.yaml
2026-04-29 15:13:07 | INFO     | ✓ Datos cargados: 3000 filas, 6 columnas.
2026-04-29 15:13:07 | INFO     | PASO 2: LIMPIANDO DATOS
2026-04-29 15:13:07 | INFO     | ------------------------------------------------------------
2026-04-29 15:13:07 | INFO     | ✓ Datos limpios: 3000 filas restantes.
2026-04-29 15:13:07 | INFO     | PASO 3: GENERANDO FEATURES
2026-04-29 15:13:07 | INFO     | ------------------------------------------------------------
2026-04-29 15:13:07 | INFO     |   -> Retornos agregados para períodos: [1, 5, 10]
2026-04-29 15:13:07 | INFO     |   -> Indicadores técnicos agregados.
2026-04-29 15:13:07 | INFO     |   -> Lags agregados para la columna: 'Close'
2026-04-29 15:13:07 | INFO     |   -> Lags agregados para la columna: 'Volume'
2026-04-29 15:13:07 | INFO     |   -> Conteos de valores NaN generados por las features:
2026-04-29 15:13:07 | INFO     | ✓ Features generadas. Total columnas: 37.
2026-04-29 15:13:07 | INFO     | 🏆 Modelo campeón global según backtest: PROPHET
2026-04-29 15:13:07 | INFO     | 🎯 Producción configurada para operar únicamente con el modelo campeón.
2026-04-29 15:13:07 | INFO     | 📦 Release activa de producción: 20260429_063853 (activada 2026-04-29T06:41:48)
2026-04-29 15:13:07 | INFO     | Presupuesto de riesgo: total=162.56 | abierto=162.17 | restante=0.39 | por_trade=54.19
2026-04-29 15:13:07 | INFO     | 🔎 Generando señales de producción para TODOS los modelos habilitados...

2026-04-29 15:13:07 | INFO     | ➡ Procesando modelo: PROPHET | params={'changepoint_prior_scale': 0.01, 'daily_seasonality': False, 'seasonality_mode': 'additive', 'seasonality_prior_scale': 1.0, 'use_lagged_regressors': True, 'weekly_seasonality': True, 'yearly_seasonality': False}
2026-04-29 15:13:07 | INFO     |   💾 Intentando cargar el modelo desde: C:\Users\USER\Documentos\Maestria\Mark-III\outputs\models\releases\20260429_063853\prophet_best.pkl
2026-04-29 15:13:07 | INFO     | [PROPHET] Cargando artefacto desde: C:\Users\USER\Documentos\Maestria\Mark-III\outputs\models\releases\20260429_063853\prophet_best.pkl
2026-04-29 15:13:07 | INFO     | [PROPHET] Tipo de artefacto: <class 'dict'>
2026-04-29 15:13:07 | INFO     | [PROPHET] Claves del artefacto: ['model_class', 'params', 'model', 'target_name', 'feature_names']
2026-04-29 15:13:07 | INFO     | [PROPHET] Modelo cargado desde: C:\Users\USER\Documentos\Maestria\Mark-III\outputs\models\releases\20260429_063853\prophet_best.pkl
2026-04-29 15:13:07 | INFO     | [PROPHET] Regresores restaurados: ['Open', 'High', 'Low', 'Close', 'TickVolume', 'Volume', 'Return_1', 'LogReturn_1', 'Return_5', 'ReturnFwd_5', 'LogReturn_5', 'Return_10', 'ReturnFwd_10', 'LogReturn_10', 'SMA_20', 'SMA_50', 'EMA_12', 'EMA_26', 'RSI_14', 'MACD', 'MACD_Signal', 'MACD_Hist', 'BB_Upper', 'BB_Lower', 'BB_Width', 'ATR_14', 'Close_lag1', 'Close_lag2', 'Close_lag3', 'Close_lag5', 'Close_lag10', 'Volume_lag1', 'Volume_lag2', 'Volume_lag3', 'Volume_lag5', 'Volume_lag10']
2026-04-29 15:13:07 | INFO     | [PROPHET] Predicción (yhat) para 2026-04-29 23:05:00: -0.000196
2026-04-29 15:13:07 | INFO     |   📈 Modelo PROPHET -> retorno=-0.000196, pips=-2.28, signal=HOLD, confidence=0.656, entry_plan=nan, SL_plan=nan, TP_plan=nan, entry_live=nan, SL_live=nan, TP_live=nan, lots=0.00, balance=5418.72, risk=0.00, open_risk=162.17, remaining_budget=0.39
2026-04-29 15:13:07 | INFO     | 
💾 Señales de producción guardadas en: outputs\production\production_signals.csv
2026-04-29 15:13:07 | INFO     | ✅ MODO PRODUCCIÓN COMPLETADO

2026-04-29 15:13:37 | INFO     | ============================================================
2026-04-29 15:13:37 | INFO     | TRADING PIPELINE INICIADO
2026-04-29 15:13:37 | INFO     | ============================================================
2026-04-29 15:13:37 | INFO     | 📁 Directorios de trabajo configurados
2026-04-29 15:13:37 | INFO     | 🚀 Ejecutando modo: SYNC_TRADES
2026-04-29 15:13:37 | INFO     | 
============================================================
2026-04-29 15:13:37 | INFO     | MODO: SYNC TRADES
2026-04-29 15:13:37 | INFO     | ============================================================

2026-04-29 15:13:37 | INFO     | 🔄 Sincronización completada. Trades cerrados registrados: 3
2026-04-29 15:13:37 | INFO     | ✅ MODO SYNC TRADES COMPLETADO

2026-04-29 15:14:37 | INFO     | ============================================================
2026-04-29 15:14:37 | INFO     | TRADING PIPELINE INICIADO
2026-04-29 15:14:37 | INFO     | ============================================================
2026-04-29 15:14:37 | INFO     | 📁 Directorios de trabajo configurados
2026-04-29 15:14:37 | INFO     | 🚀 Ejecutando modo: SYNC_TRADES
2026-04-29 15:14:37 | INFO     | 
============================================================
2026-04-29 15:14:37 | INFO     | MODO: SYNC TRADES
2026-04-29 15:14:37 | INFO     | ============================================================

2026-04-29 15:14:37 | INFO     | 🔄 Sincronización completada. Trades cerrados registrados: 3
2026-04-29 15:14:37 | INFO     | ✅ MODO SYNC TRADES COMPLETADO

2026-04-29 15:15:39 | INFO     | ============================================================
2026-04-29 15:15:39 | INFO     | TRADING PIPELINE INICIADO
2026-04-29 15:15:39 | INFO     | ============================================================
2026-04-29 15:15:39 | INFO     | 📁 Directorios de trabajo configurados
2026-04-29 15:15:39 | INFO     | 🚀 Ejecutando modo: SYNC_TRADES
2026-04-29 15:15:39 | INFO     | 
============================================================
2026-04-29 15:15:39 | INFO     | MODO: SYNC TRADES
2026-04-29 15:15:39 | INFO     | ============================================================

2026-04-29 15:15:39 | INFO     | 🔄 Sincronización completada. Trades cerrados registrados: 3
2026-04-29 15:15:39 | INFO     | ✅ MODO SYNC TRADES COMPLETADO

2026-04-29 15:16:37 | INFO     | ============================================================
2026-04-29 15:16:37 | INFO     | TRADING PIPELINE INICIADO
2026-04-29 15:16:37 | INFO     | ============================================================
2026-04-29 15:16:37 | INFO     | 📁 Directorios de trabajo configurados
2026-04-29 15:16:37 | INFO     | 🚀 Ejecutando modo: SYNC_TRADES
2026-04-29 15:16:37 | INFO     | 
============================================================
2026-04-29 15:16:37 | INFO     | MODO: SYNC TRADES
2026-04-29 15:16:37 | INFO     | ============================================================

2026-04-29 15:16:37 | INFO     | 🔄 Sincronización completada. Trades cerrados registrados: 3
2026-04-29 15:16:37 | INFO     | ✅ MODO SYNC TRADES COMPLETADO

2026-04-29 15:17:37 | INFO     | ============================================================
2026-04-29 15:17:37 | INFO     | TRADING PIPELINE INICIADO
2026-04-29 15:17:37 | INFO     | ============================================================
2026-04-29 15:17:37 | INFO     | 📁 Directorios de trabajo configurados
2026-04-29 15:17:37 | INFO     | 🚀 Ejecutando modo: SYNC_TRADES
2026-04-29 15:17:37 | INFO     | 
============================================================
2026-04-29 15:17:37 | INFO     | MODO: SYNC TRADES
2026-04-29 15:17:37 | INFO     | ============================================================

2026-04-29 15:17:37 | INFO     | 🔄 Sincronización completada. Trades cerrados registrados: 3
2026-04-29 15:17:37 | INFO     | ✅ MODO SYNC TRADES COMPLETADO

2026-04-29 15:18:07 | INFO     | ============================================================
2026-04-29 15:18:07 | INFO     | TRADING PIPELINE INICIADO
2026-04-29 15:18:07 | INFO     | ============================================================
2026-04-29 15:18:07 | INFO     | 📁 Directorios de trabajo configurados
2026-04-29 15:18:07 | INFO     | 🚀 Ejecutando modo: PRODUCTION
2026-04-29 15:18:07 | INFO     | 
============================================================
2026-04-29 15:18:07 | INFO     | MODO: PRODUCCIÓN
2026-04-29 15:18:07 | INFO     | ============================================================

2026-04-29 15:18:07 | INFO     | 📥 Cargando datos para producción...
2026-04-29 15:18:07 | INFO     | PASO 1: CARGANDO DATOS
2026-04-29 15:18:07 | INFO     | ------------------------------------------------------------
2026-04-29 15:18:07 | INFO     |   -> Símbolo 'EURUSD' cargado desde config/config.yaml
2026-04-29 15:18:07 | INFO     |   -> Timeframe 'M5' cargado desde config/config.yaml
2026-04-29 15:18:07 | INFO     | ✓ Datos cargados: 3000 filas, 6 columnas.
2026-04-29 15:18:07 | INFO     | PASO 2: LIMPIANDO DATOS
2026-04-29 15:18:07 | INFO     | ------------------------------------------------------------
2026-04-29 15:18:07 | INFO     | ✓ Datos limpios: 3000 filas restantes.
2026-04-29 15:18:07 | INFO     | PASO 3: GENERANDO FEATURES
2026-04-29 15:18:07 | INFO     | ------------------------------------------------------------
2026-04-29 15:18:07 | INFO     |   -> Retornos agregados para períodos: [1, 5, 10]
2026-04-29 15:18:07 | INFO     |   -> Indicadores técnicos agregados.
2026-04-29 15:18:07 | INFO     |   -> Lags agregados para la columna: 'Close'
2026-04-29 15:18:07 | INFO     |   -> Lags agregados para la columna: 'Volume'
2026-04-29 15:18:07 | INFO     |   -> Conteos de valores NaN generados por las features:
2026-04-29 15:18:07 | INFO     | ✓ Features generadas. Total columnas: 37.
2026-04-29 15:18:07 | INFO     | 🏆 Modelo campeón global según backtest: PROPHET
2026-04-29 15:18:07 | INFO     | 🎯 Producción configurada para operar únicamente con el modelo campeón.
2026-04-29 15:18:07 | INFO     | 📦 Release activa de producción: 20260429_063853 (activada 2026-04-29T06:41:48)
2026-04-29 15:18:07 | INFO     | Presupuesto de riesgo: total=162.56 | abierto=162.17 | restante=0.39 | por_trade=54.19
2026-04-29 15:18:07 | INFO     | 🔎 Generando señales de producción para TODOS los modelos habilitados...

2026-04-29 15:18:07 | INFO     | ➡ Procesando modelo: PROPHET | params={'changepoint_prior_scale': 0.01, 'daily_seasonality': False, 'seasonality_mode': 'additive', 'seasonality_prior_scale': 1.0, 'use_lagged_regressors': True, 'weekly_seasonality': True, 'yearly_seasonality': False}
2026-04-29 15:18:07 | INFO     |   💾 Intentando cargar el modelo desde: C:\Users\USER\Documentos\Maestria\Mark-III\outputs\models\releases\20260429_063853\prophet_best.pkl
2026-04-29 15:18:07 | INFO     | [PROPHET] Cargando artefacto desde: C:\Users\USER\Documentos\Maestria\Mark-III\outputs\models\releases\20260429_063853\prophet_best.pkl
2026-04-29 15:18:07 | INFO     | [PROPHET] Tipo de artefacto: <class 'dict'>
2026-04-29 15:18:07 | INFO     | [PROPHET] Claves del artefacto: ['model_class', 'params', 'model', 'target_name', 'feature_names']
2026-04-29 15:18:07 | INFO     | [PROPHET] Modelo cargado desde: C:\Users\USER\Documentos\Maestria\Mark-III\outputs\models\releases\20260429_063853\prophet_best.pkl
2026-04-29 15:18:07 | INFO     | [PROPHET] Regresores restaurados: ['Open', 'High', 'Low', 'Close', 'TickVolume', 'Volume', 'Return_1', 'LogReturn_1', 'Return_5', 'ReturnFwd_5', 'LogReturn_5', 'Return_10', 'ReturnFwd_10', 'LogReturn_10', 'SMA_20', 'SMA_50', 'EMA_12', 'EMA_26', 'RSI_14', 'MACD', 'MACD_Signal', 'MACD_Hist', 'BB_Upper', 'BB_Lower', 'BB_Width', 'ATR_14', 'Close_lag1', 'Close_lag2', 'Close_lag3', 'Close_lag5', 'Close_lag10', 'Volume_lag1', 'Volume_lag2', 'Volume_lag3', 'Volume_lag5', 'Volume_lag10']
2026-04-29 15:18:07 | INFO     | [PROPHET] Predicción (yhat) para 2026-04-29 23:10:00: -0.000126
2026-04-29 15:18:07 | INFO     |   📈 Modelo PROPHET -> retorno=-0.000126, pips=-1.47, signal=HOLD, confidence=0.560, entry_plan=nan, SL_plan=nan, TP_plan=nan, entry_live=nan, SL_live=nan, TP_live=nan, lots=0.00, balance=5418.72, risk=0.00, open_risk=162.17, remaining_budget=0.39
2026-04-29 15:18:07 | INFO     | 
💾 Señales de producción guardadas en: outputs\production\production_signals.csv
2026-04-29 15:18:07 | INFO     | ✅ MODO PRODUCCIÓN COMPLETADO

2026-04-29 15:18:37 | INFO     | ============================================================
2026-04-29 15:18:37 | INFO     | TRADING PIPELINE INICIADO
2026-04-29 15:18:37 | INFO     | ============================================================
2026-04-29 15:18:37 | INFO     | 📁 Directorios de trabajo configurados
2026-04-29 15:18:37 | INFO     | 🚀 Ejecutando modo: SYNC_TRADES
2026-04-29 15:18:37 | INFO     | 
============================================================
2026-04-29 15:18:37 | INFO     | MODO: SYNC TRADES
2026-04-29 15:18:37 | INFO     | ============================================================

2026-04-29 15:18:37 | INFO     | 🔄 Sincronización completada. Trades cerrados registrados: 3
2026-04-29 15:18:37 | INFO     | ✅ MODO SYNC TRADES COMPLETADO

2026-04-29 15:19:37 | INFO     | ============================================================
2026-04-29 15:19:37 | INFO     | TRADING PIPELINE INICIADO
2026-04-29 15:19:37 | INFO     | ============================================================
2026-04-29 15:19:37 | INFO     | 📁 Directorios de trabajo configurados
2026-04-29 15:19:37 | INFO     | 🚀 Ejecutando modo: SYNC_TRADES
2026-04-29 15:19:37 | INFO     | 
============================================================
2026-04-29 15:19:37 | INFO     | MODO: SYNC TRADES
2026-04-29 15:19:37 | INFO     | ============================================================

2026-04-29 15:19:38 | INFO     | 🔄 Sincronización completada. Trades cerrados registrados: 3
2026-04-29 15:19:38 | INFO     | ✅ MODO SYNC TRADES COMPLETADO

2026-04-29 15:20:37 | INFO     | ============================================================
2026-04-29 15:20:37 | INFO     | TRADING PIPELINE INICIADO
2026-04-29 15:20:37 | INFO     | ============================================================
2026-04-29 15:20:37 | INFO     | 📁 Directorios de trabajo configurados
2026-04-29 15:20:37 | INFO     | 🚀 Ejecutando modo: SYNC_TRADES
2026-04-29 15:20:37 | INFO     | 
============================================================
2026-04-29 15:20:37 | INFO     | MODO: SYNC TRADES
2026-04-29 15:20:37 | INFO     | ============================================================

2026-04-29 15:20:37 | INFO     | 🔄 Sincronización completada. Trades cerrados registrados: 3
2026-04-29 15:20:37 | INFO     | ✅ MODO SYNC TRADES COMPLETADO

2026-04-29 15:21:37 | INFO     | ============================================================
2026-04-29 15:21:37 | INFO     | TRADING PIPELINE INICIADO
2026-04-29 15:21:37 | INFO     | ============================================================
2026-04-29 15:21:37 | INFO     | 📁 Directorios de trabajo configurados
2026-04-29 15:21:37 | INFO     | 🚀 Ejecutando modo: SYNC_TRADES
2026-04-29 15:21:37 | INFO     | 
============================================================
2026-04-29 15:21:37 | INFO     | MODO: SYNC TRADES
2026-04-29 15:21:37 | INFO     | ============================================================

2026-04-29 15:21:37 | INFO     | 🔄 Sincronización completada. Trades cerrados registrados: 3
2026-04-29 15:21:37 | INFO     | ✅ MODO SYNC TRADES COMPLETADO

2026-04-29 15:22:37 | INFO     | ============================================================
2026-04-29 15:22:37 | INFO     | TRADING PIPELINE INICIADO
2026-04-29 15:22:37 | INFO     | ============================================================
2026-04-29 15:22:37 | INFO     | 📁 Directorios de trabajo configurados
2026-04-29 15:22:37 | INFO     | 🚀 Ejecutando modo: SYNC_TRADES
2026-04-29 15:22:37 | INFO     | 
============================================================
2026-04-29 15:22:37 | INFO     | MODO: SYNC TRADES
2026-04-29 15:22:37 | INFO     | ============================================================

2026-04-29 15:22:37 | INFO     | 🔄 Sincronización completada. Trades cerrados registrados: 3
2026-04-29 15:22:37 | INFO     | ✅ MODO SYNC TRADES COMPLETADO

2026-04-29 15:23:07 | INFO     | ============================================================
2026-04-29 15:23:07 | INFO     | TRADING PIPELINE INICIADO
2026-04-29 15:23:07 | INFO     | ============================================================
2026-04-29 15:23:07 | INFO     | 📁 Directorios de trabajo configurados
2026-04-29 15:23:07 | INFO     | 🚀 Ejecutando modo: PRODUCTION
2026-04-29 15:23:07 | INFO     | 
============================================================
2026-04-29 15:23:07 | INFO     | MODO: PRODUCCIÓN
2026-04-29 15:23:07 | INFO     | ============================================================

2026-04-29 15:23:07 | INFO     | 📥 Cargando datos para producción...
2026-04-29 15:23:07 | INFO     | PASO 1: CARGANDO DATOS
2026-04-29 15:23:07 | INFO     | ------------------------------------------------------------
2026-04-29 15:23:07 | INFO     |   -> Símbolo 'EURUSD' cargado desde config/config.yaml
2026-04-29 15:23:07 | INFO     |   -> Timeframe 'M5' cargado desde config/config.yaml
2026-04-29 15:23:07 | INFO     | ✓ Datos cargados: 3000 filas, 6 columnas.
2026-04-29 15:23:07 | INFO     | PASO 2: LIMPIANDO DATOS
2026-04-29 15:23:07 | INFO     | ------------------------------------------------------------
2026-04-29 15:23:07 | INFO     | ✓ Datos limpios: 3000 filas restantes.
2026-04-29 15:23:07 | INFO     | PASO 3: GENERANDO FEATURES
2026-04-29 15:23:07 | INFO     | ------------------------------------------------------------
2026-04-29 15:23:07 | INFO     |   -> Retornos agregados para períodos: [1, 5, 10]
2026-04-29 15:23:07 | INFO     |   -> Indicadores técnicos agregados.
2026-04-29 15:23:07 | INFO     |   -> Lags agregados para la columna: 'Close'
2026-04-29 15:23:07 | INFO     |   -> Lags agregados para la columna: 'Volume'
2026-04-29 15:23:07 | INFO     |   -> Conteos de valores NaN generados por las features:
2026-04-29 15:23:07 | INFO     | ✓ Features generadas. Total columnas: 37.
2026-04-29 15:23:07 | INFO     | 🏆 Modelo campeón global según backtest: PROPHET
2026-04-29 15:23:07 | INFO     | 🎯 Producción configurada para operar únicamente con el modelo campeón.
2026-04-29 15:23:07 | INFO     | 📦 Release activa de producción: 20260429_063853 (activada 2026-04-29T06:41:48)
2026-04-29 15:23:07 | INFO     | Presupuesto de riesgo: total=162.56 | abierto=162.17 | restante=0.39 | por_trade=54.19
2026-04-29 15:23:07 | INFO     | 🔎 Generando señales de producción para TODOS los modelos habilitados...

2026-04-29 15:23:07 | INFO     | ➡ Procesando modelo: PROPHET | params={'changepoint_prior_scale': 0.01, 'daily_seasonality': False, 'seasonality_mode': 'additive', 'seasonality_prior_scale': 1.0, 'use_lagged_regressors': True, 'weekly_seasonality': True, 'yearly_seasonality': False}
2026-04-29 15:23:07 | INFO     |   💾 Intentando cargar el modelo desde: C:\Users\USER\Documentos\Maestria\Mark-III\outputs\models\releases\20260429_063853\prophet_best.pkl
2026-04-29 15:23:07 | INFO     | [PROPHET] Cargando artefacto desde: C:\Users\USER\Documentos\Maestria\Mark-III\outputs\models\releases\20260429_063853\prophet_best.pkl
2026-04-29 15:23:07 | INFO     | [PROPHET] Tipo de artefacto: <class 'dict'>
2026-04-29 15:23:07 | INFO     | [PROPHET] Claves del artefacto: ['model_class', 'params', 'model', 'target_name', 'feature_names']
2026-04-29 15:23:07 | INFO     | [PROPHET] Modelo cargado desde: C:\Users\USER\Documentos\Maestria\Mark-III\outputs\models\releases\20260429_063853\prophet_best.pkl
2026-04-29 15:23:07 | INFO     | [PROPHET] Regresores restaurados: ['Open', 'High', 'Low', 'Close', 'TickVolume', 'Volume', 'Return_1', 'LogReturn_1', 'Return_5', 'ReturnFwd_5', 'LogReturn_5', 'Return_10', 'ReturnFwd_10', 'LogReturn_10', 'SMA_20', 'SMA_50', 'EMA_12', 'EMA_26', 'RSI_14', 'MACD', 'MACD_Signal', 'MACD_Hist', 'BB_Upper', 'BB_Lower', 'BB_Width', 'ATR_14', 'Close_lag1', 'Close_lag2', 'Close_lag3', 'Close_lag5', 'Close_lag10', 'Volume_lag1', 'Volume_lag2', 'Volume_lag3', 'Volume_lag5', 'Volume_lag10']
2026-04-29 15:23:07 | INFO     | [PROPHET] Predicción (yhat) para 2026-04-29 23:15:00: 0.000071
2026-04-29 15:23:07 | INFO     |   📈 Modelo PROPHET -> retorno=0.000071, pips=0.83, signal=HOLD, confidence=0.484, entry_plan=nan, SL_plan=nan, TP_plan=nan, entry_live=nan, SL_live=nan, TP_live=nan, lots=0.00, balance=5418.72, risk=0.00, open_risk=162.17, remaining_budget=0.39
2026-04-29 15:23:07 | INFO     | 
💾 Señales de producción guardadas en: outputs\production\production_signals.csv
2026-04-29 15:23:07 | INFO     | ✅ MODO PRODUCCIÓN COMPLETADO

2026-04-29 15:23:38 | INFO     | ============================================================
2026-04-29 15:23:38 | INFO     | TRADING PIPELINE INICIADO
2026-04-29 15:23:38 | INFO     | ============================================================
2026-04-29 15:23:38 | INFO     | 📁 Directorios de trabajo configurados
2026-04-29 15:23:38 | INFO     | 🚀 Ejecutando modo: SYNC_TRADES
2026-04-29 15:23:38 | INFO     | 
============================================================
2026-04-29 15:23:38 | INFO     | MODO: SYNC TRADES
2026-04-29 15:23:38 | INFO     | ============================================================

2026-04-29 15:23:38 | INFO     | 🔄 Sincronización completada. Trades cerrados registrados: 3
2026-04-29 15:23:38 | INFO     | ✅ MODO SYNC TRADES COMPLETADO

2026-04-29 15:24:37 | INFO     | ============================================================
2026-04-29 15:24:37 | INFO     | TRADING PIPELINE INICIADO
2026-04-29 15:24:37 | INFO     | ============================================================
2026-04-29 15:24:37 | INFO     | 📁 Directorios de trabajo configurados
2026-04-29 15:24:37 | INFO     | 🚀 Ejecutando modo: SYNC_TRADES
2026-04-29 15:24:37 | INFO     | 
============================================================
2026-04-29 15:24:37 | INFO     | MODO: SYNC TRADES
2026-04-29 15:24:37 | INFO     | ============================================================

2026-04-29 15:24:37 | INFO     | 🔄 Sincronización completada. Trades cerrados registrados: 3
2026-04-29 15:24:37 | INFO     | ✅ MODO SYNC TRADES COMPLETADO

2026-04-29 15:25:38 | INFO     | ============================================================
2026-04-29 15:25:38 | INFO     | TRADING PIPELINE INICIADO
2026-04-29 15:25:38 | INFO     | ============================================================
2026-04-29 15:25:38 | INFO     | 📁 Directorios de trabajo configurados
2026-04-29 15:25:38 | INFO     | 🚀 Ejecutando modo: SYNC_TRADES
2026-04-29 15:25:38 | INFO     | 
============================================================
2026-04-29 15:25:38 | INFO     | MODO: SYNC TRADES
2026-04-29 15:25:38 | INFO     | ============================================================

2026-04-29 15:25:38 | INFO     | 🔄 Sincronización completada. Trades cerrados registrados: 3
2026-04-29 15:25:38 | INFO     | ✅ MODO SYNC TRADES COMPLETADO

2026-04-29 15:26:37 | INFO     | ============================================================
2026-04-29 15:26:37 | INFO     | TRADING PIPELINE INICIADO
2026-04-29 15:26:37 | INFO     | ============================================================
2026-04-29 15:26:37 | INFO     | 📁 Directorios de trabajo configurados
2026-04-29 15:26:37 | INFO     | 🚀 Ejecutando modo: SYNC_TRADES
2026-04-29 15:26:37 | INFO     | 
============================================================
2026-04-29 15:26:37 | INFO     | MODO: SYNC TRADES
2026-04-29 15:26:37 | INFO     | ============================================================

2026-04-29 15:26:37 | INFO     | 🔄 Sincronización completada. Trades cerrados registrados: 3
2026-04-29 15:26:37 | INFO     | ✅ MODO SYNC TRADES COMPLETADO

2026-04-29 15:27:37 | INFO     | ============================================================
2026-04-29 15:27:37 | INFO     | TRADING PIPELINE INICIADO
2026-04-29 15:27:37 | INFO     | ============================================================
2026-04-29 15:27:37 | INFO     | 📁 Directorios de trabajo configurados
2026-04-29 15:27:37 | INFO     | 🚀 Ejecutando modo: SYNC_TRADES
2026-04-29 15:27:37 | INFO     | 
============================================================
2026-04-29 15:27:37 | INFO     | MODO: SYNC TRADES
2026-04-29 15:27:37 | INFO     | ============================================================

2026-04-29 15:27:37 | INFO     | 🔄 Sincronización completada. Trades cerrados registrados: 3
2026-04-29 15:27:37 | INFO     | ✅ MODO SYNC TRADES COMPLETADO

2026-04-29 15:28:07 | INFO     | ============================================================
2026-04-29 15:28:07 | INFO     | TRADING PIPELINE INICIADO
2026-04-29 15:28:07 | INFO     | ============================================================
2026-04-29 15:28:07 | INFO     | 📁 Directorios de trabajo configurados
2026-04-29 15:28:07 | INFO     | 🚀 Ejecutando modo: PRODUCTION
2026-04-29 15:28:07 | INFO     | 
============================================================
2026-04-29 15:28:07 | INFO     | MODO: PRODUCCIÓN
2026-04-29 15:28:07 | INFO     | ============================================================

2026-04-29 15:28:07 | INFO     | 📥 Cargando datos para producción...
2026-04-29 15:28:07 | INFO     | PASO 1: CARGANDO DATOS
2026-04-29 15:28:07 | INFO     | ------------------------------------------------------------
2026-04-29 15:28:07 | INFO     |   -> Símbolo 'EURUSD' cargado desde config/config.yaml
2026-04-29 15:28:07 | INFO     |   -> Timeframe 'M5' cargado desde config/config.yaml
2026-04-29 15:28:07 | INFO     | ✓ Datos cargados: 3000 filas, 6 columnas.
2026-04-29 15:28:07 | INFO     | PASO 2: LIMPIANDO DATOS
2026-04-29 15:28:07 | INFO     | ------------------------------------------------------------
2026-04-29 15:28:07 | INFO     | ✓ Datos limpios: 3000 filas restantes.
2026-04-29 15:28:07 | INFO     | PASO 3: GENERANDO FEATURES
2026-04-29 15:28:07 | INFO     | ------------------------------------------------------------
2026-04-29 15:28:07 | INFO     |   -> Retornos agregados para períodos: [1, 5, 10]
2026-04-29 15:28:07 | INFO     |   -> Indicadores técnicos agregados.
2026-04-29 15:28:07 | INFO     |   -> Lags agregados para la columna: 'Close'
2026-04-29 15:28:07 | INFO     |   -> Lags agregados para la columna: 'Volume'
2026-04-29 15:28:07 | INFO     |   -> Conteos de valores NaN generados por las features:
2026-04-29 15:28:07 | INFO     | ✓ Features generadas. Total columnas: 37.
2026-04-29 15:28:07 | INFO     | 🏆 Modelo campeón global según backtest: PROPHET
2026-04-29 15:28:07 | INFO     | 🎯 Producción configurada para operar únicamente con el modelo campeón.
2026-04-29 15:28:07 | INFO     | 📦 Release activa de producción: 20260429_063853 (activada 2026-04-29T06:41:48)
2026-04-29 15:28:07 | INFO     | Presupuesto de riesgo: total=162.56 | abierto=162.17 | restante=0.39 | por_trade=54.19
2026-04-29 15:28:07 | INFO     | 🔎 Generando señales de producción para TODOS los modelos habilitados...

2026-04-29 15:28:07 | INFO     | ➡ Procesando modelo: PROPHET | params={'changepoint_prior_scale': 0.01, 'daily_seasonality': False, 'seasonality_mode': 'additive', 'seasonality_prior_scale': 1.0, 'use_lagged_regressors': True, 'weekly_seasonality': True, 'yearly_seasonality': False}
2026-04-29 15:28:07 | INFO     |   💾 Intentando cargar el modelo desde: C:\Users\USER\Documentos\Maestria\Mark-III\outputs\models\releases\20260429_063853\prophet_best.pkl
2026-04-29 15:28:07 | INFO     | [PROPHET] Cargando artefacto desde: C:\Users\USER\Documentos\Maestria\Mark-III\outputs\models\releases\20260429_063853\prophet_best.pkl
2026-04-29 15:28:07 | INFO     | [PROPHET] Tipo de artefacto: <class 'dict'>
2026-04-29 15:28:07 | INFO     | [PROPHET] Claves del artefacto: ['model_class', 'params', 'model', 'target_name', 'feature_names']
2026-04-29 15:28:07 | INFO     | [PROPHET] Modelo cargado desde: C:\Users\USER\Documentos\Maestria\Mark-III\outputs\models\releases\20260429_063853\prophet_best.pkl
2026-04-29 15:28:07 | INFO     | [PROPHET] Regresores restaurados: ['Open', 'High', 'Low', 'Close', 'TickVolume', 'Volume', 'Return_1', 'LogReturn_1', 'Return_5', 'ReturnFwd_5', 'LogReturn_5', 'Return_10', 'ReturnFwd_10', 'LogReturn_10', 'SMA_20', 'SMA_50', 'EMA_12', 'EMA_26', 'RSI_14', 'MACD', 'MACD_Signal', 'MACD_Hist', 'BB_Upper', 'BB_Lower', 'BB_Width', 'ATR_14', 'Close_lag1', 'Close_lag2', 'Close_lag3', 'Close_lag5', 'Close_lag10', 'Volume_lag1', 'Volume_lag2', 'Volume_lag3', 'Volume_lag5', 'Volume_lag10']
2026-04-29 15:28:07 | INFO     | [PROPHET] Predicción (yhat) para 2026-04-29 23:20:00: 0.000107
2026-04-29 15:28:07 | INFO     |   📈 Modelo PROPHET -> retorno=0.000107, pips=1.25, signal=HOLD, confidence=0.534, entry_plan=nan, SL_plan=nan, TP_plan=nan, entry_live=nan, SL_live=nan, TP_live=nan, lots=0.00, balance=5418.72, risk=0.00, open_risk=162.17, remaining_budget=0.39
2026-04-29 15:28:07 | INFO     | 
💾 Señales de producción guardadas en: outputs\production\production_signals.csv
2026-04-29 15:28:07 | INFO     | ✅ MODO PRODUCCIÓN COMPLETADO

2026-04-29 15:28:37 | INFO     | ============================================================
2026-04-29 15:28:37 | INFO     | TRADING PIPELINE INICIADO
2026-04-29 15:28:37 | INFO     | ============================================================
2026-04-29 15:28:37 | INFO     | 📁 Directorios de trabajo configurados
2026-04-29 15:28:37 | INFO     | 🚀 Ejecutando modo: SYNC_TRADES
2026-04-29 15:28:37 | INFO     | 
============================================================
2026-04-29 15:28:37 | INFO     | MODO: SYNC TRADES
2026-04-29 15:28:37 | INFO     | ============================================================

2026-04-29 15:28:37 | INFO     | 🔄 Sincronización completada. Trades cerrados registrados: 3
2026-04-29 15:28:37 | INFO     | ✅ MODO SYNC TRADES COMPLETADO

2026-04-29 15:29:37 | INFO     | ============================================================
2026-04-29 15:29:37 | INFO     | TRADING PIPELINE INICIADO
2026-04-29 15:29:37 | INFO     | ============================================================
2026-04-29 15:29:37 | INFO     | 📁 Directorios de trabajo configurados
2026-04-29 15:29:37 | INFO     | 🚀 Ejecutando modo: SYNC_TRADES
2026-04-29 15:29:37 | INFO     | 
============================================================
2026-04-29 15:29:37 | INFO     | MODO: SYNC TRADES
2026-04-29 15:29:37 | INFO     | ============================================================

2026-04-29 15:29:37 | INFO     | 🔄 Sincronización completada. Trades cerrados registrados: 3
2026-04-29 15:29:37 | INFO     | ✅ MODO SYNC TRADES COMPLETADO

2026-04-29 15:30:37 | INFO     | ============================================================
2026-04-29 15:30:37 | INFO     | TRADING PIPELINE INICIADO
2026-04-29 15:30:37 | INFO     | ============================================================
2026-04-29 15:30:37 | INFO     | 📁 Directorios de trabajo configurados
2026-04-29 15:30:37 | INFO     | 🚀 Ejecutando modo: SYNC_TRADES
2026-04-29 15:30:37 | INFO     | 
============================================================
2026-04-29 15:30:37 | INFO     | MODO: SYNC TRADES
2026-04-29 15:30:37 | INFO     | ============================================================

2026-04-29 15:30:37 | INFO     | 🔄 Sincronización completada. Trades cerrados registrados: 3
2026-04-29 15:30:37 | INFO     | ✅ MODO SYNC TRADES COMPLETADO

2026-04-29 15:31:37 | INFO     | ============================================================
2026-04-29 15:31:37 | INFO     | TRADING PIPELINE INICIADO
2026-04-29 15:31:37 | INFO     | ============================================================
2026-04-29 15:31:37 | INFO     | 📁 Directorios de trabajo configurados
2026-04-29 15:31:37 | INFO     | 🚀 Ejecutando modo: SYNC_TRADES
2026-04-29 15:31:37 | INFO     | 
============================================================
2026-04-29 15:31:37 | INFO     | MODO: SYNC TRADES
2026-04-29 15:31:37 | INFO     | ============================================================

2026-04-29 15:31:37 | INFO     | 🔄 Sincronización completada. Trades cerrados registrados: 3
2026-04-29 15:31:37 | INFO     | ✅ MODO SYNC TRADES COMPLETADO

2026-04-29 15:32:37 | INFO     | ============================================================
2026-04-29 15:32:37 | INFO     | TRADING PIPELINE INICIADO
2026-04-29 15:32:37 | INFO     | ============================================================
2026-04-29 15:32:37 | INFO     | 📁 Directorios de trabajo configurados
2026-04-29 15:32:37 | INFO     | 🚀 Ejecutando modo: SYNC_TRADES
2026-04-29 15:32:37 | INFO     | 
============================================================
2026-04-29 15:32:37 | INFO     | MODO: SYNC TRADES
2026-04-29 15:32:37 | INFO     | ============================================================

2026-04-29 15:32:37 | INFO     | 🔄 Sincronización completada. Trades cerrados registrados: 3
2026-04-29 15:32:37 | INFO     | ✅ MODO SYNC TRADES COMPLETADO

2026-04-29 15:33:07 | INFO     | ============================================================
2026-04-29 15:33:07 | INFO     | TRADING PIPELINE INICIADO
2026-04-29 15:33:07 | INFO     | ============================================================
2026-04-29 15:33:07 | INFO     | 📁 Directorios de trabajo configurados
2026-04-29 15:33:07 | INFO     | 🚀 Ejecutando modo: PRODUCTION
2026-04-29 15:33:07 | INFO     | 
============================================================
2026-04-29 15:33:07 | INFO     | MODO: PRODUCCIÓN
2026-04-29 15:33:07 | INFO     | ============================================================

2026-04-29 15:33:07 | INFO     | 📥 Cargando datos para producción...
2026-04-29 15:33:07 | INFO     | PASO 1: CARGANDO DATOS
2026-04-29 15:33:07 | INFO     | ------------------------------------------------------------
2026-04-29 15:33:07 | INFO     |   -> Símbolo 'EURUSD' cargado desde config/config.yaml
2026-04-29 15:33:07 | INFO     |   -> Timeframe 'M5' cargado desde config/config.yaml
2026-04-29 15:33:07 | INFO     | ✓ Datos cargados: 3000 filas, 6 columnas.
2026-04-29 15:33:07 | INFO     | PASO 2: LIMPIANDO DATOS
2026-04-29 15:33:07 | INFO     | ------------------------------------------------------------
2026-04-29 15:33:07 | INFO     | ✓ Datos limpios: 3000 filas restantes.
2026-04-29 15:33:07 | INFO     | PASO 3: GENERANDO FEATURES
2026-04-29 15:33:07 | INFO     | ------------------------------------------------------------
2026-04-29 15:33:07 | INFO     |   -> Retornos agregados para períodos: [1, 5, 10]
2026-04-29 15:33:07 | INFO     |   -> Indicadores técnicos agregados.
2026-04-29 15:33:07 | INFO     |   -> Lags agregados para la columna: 'Close'
2026-04-29 15:33:07 | INFO     |   -> Lags agregados para la columna: 'Volume'
2026-04-29 15:33:07 | INFO     |   -> Conteos de valores NaN generados por las features:
2026-04-29 15:33:07 | INFO     | ✓ Features generadas. Total columnas: 37.
2026-04-29 15:33:07 | INFO     | 🏆 Modelo campeón global según backtest: PROPHET
2026-04-29 15:33:07 | INFO     | 🎯 Producción configurada para operar únicamente con el modelo campeón.
2026-04-29 15:33:07 | INFO     | 📦 Release activa de producción: 20260429_063853 (activada 2026-04-29T06:41:48)
2026-04-29 15:33:07 | INFO     | Presupuesto de riesgo: total=162.56 | abierto=162.17 | restante=0.39 | por_trade=54.19
2026-04-29 15:33:07 | INFO     | 🔎 Generando señales de producción para TODOS los modelos habilitados...

2026-04-29 15:33:07 | INFO     | ➡ Procesando modelo: PROPHET | params={'changepoint_prior_scale': 0.01, 'daily_seasonality': False, 'seasonality_mode': 'additive', 'seasonality_prior_scale': 1.0, 'use_lagged_regressors': True, 'weekly_seasonality': True, 'yearly_seasonality': False}
2026-04-29 15:33:07 | INFO     |   💾 Intentando cargar el modelo desde: C:\Users\USER\Documentos\Maestria\Mark-III\outputs\models\releases\20260429_063853\prophet_best.pkl
2026-04-29 15:33:07 | INFO     | [PROPHET] Cargando artefacto desde: C:\Users\USER\Documentos\Maestria\Mark-III\outputs\models\releases\20260429_063853\prophet_best.pkl
2026-04-29 15:33:07 | INFO     | [PROPHET] Tipo de artefacto: <class 'dict'>
2026-04-29 15:33:07 | INFO     | [PROPHET] Claves del artefacto: ['model_class', 'params', 'model', 'target_name', 'feature_names']
2026-04-29 15:33:07 | INFO     | [PROPHET] Modelo cargado desde: C:\Users\USER\Documentos\Maestria\Mark-III\outputs\models\releases\20260429_063853\prophet_best.pkl
2026-04-29 15:33:07 | INFO     | [PROPHET] Regresores restaurados: ['Open', 'High', 'Low', 'Close', 'TickVolume', 'Volume', 'Return_1', 'LogReturn_1', 'Return_5', 'ReturnFwd_5', 'LogReturn_5', 'Return_10', 'ReturnFwd_10', 'LogReturn_10', 'SMA_20', 'SMA_50', 'EMA_12', 'EMA_26', 'RSI_14', 'MACD', 'MACD_Signal', 'MACD_Hist', 'BB_Upper', 'BB_Lower', 'BB_Width', 'ATR_14', 'Close_lag1', 'Close_lag2', 'Close_lag3', 'Close_lag5', 'Close_lag10', 'Volume_lag1', 'Volume_lag2', 'Volume_lag3', 'Volume_lag5', 'Volume_lag10']
2026-04-29 15:33:07 | INFO     | [PROPHET] Predicción (yhat) para 2026-04-29 23:25:00: -0.000016
2026-04-29 15:33:07 | INFO     |   📈 Modelo PROPHET -> retorno=-0.000016, pips=-0.19, signal=HOLD, confidence=0.409, entry_plan=nan, SL_plan=nan, TP_plan=nan, entry_live=nan, SL_live=nan, TP_live=nan, lots=0.00, balance=5418.72, risk=0.00, open_risk=162.17, remaining_budget=0.39
2026-04-29 15:33:07 | INFO     | 
💾 Señales de producción guardadas en: outputs\production\production_signals.csv
2026-04-29 15:33:07 | INFO     | ✅ MODO PRODUCCIÓN COMPLETADO

2026-04-29 15:33:38 | INFO     | ============================================================
2026-04-29 15:33:38 | INFO     | TRADING PIPELINE INICIADO
2026-04-29 15:33:38 | INFO     | ============================================================
2026-04-29 15:33:38 | INFO     | 📁 Directorios de trabajo configurados
2026-04-29 15:33:38 | INFO     | 🚀 Ejecutando modo: SYNC_TRADES
2026-04-29 15:33:38 | INFO     | 
============================================================
2026-04-29 15:33:38 | INFO     | MODO: SYNC TRADES
2026-04-29 15:33:38 | INFO     | ============================================================

2026-04-29 15:33:38 | INFO     | 🔄 Sincronización completada. Trades cerrados registrados: 3
2026-04-29 15:33:38 | INFO     | ✅ MODO SYNC TRADES COMPLETADO

2026-04-29 15:34:37 | INFO     | ============================================================
2026-04-29 15:34:37 | INFO     | TRADING PIPELINE INICIADO
2026-04-29 15:34:37 | INFO     | ============================================================
2026-04-29 15:34:37 | INFO     | 📁 Directorios de trabajo configurados
2026-04-29 15:34:37 | INFO     | 🚀 Ejecutando modo: SYNC_TRADES
2026-04-29 15:34:37 | INFO     | 
============================================================
2026-04-29 15:34:37 | INFO     | MODO: SYNC TRADES
2026-04-29 15:34:37 | INFO     | ============================================================

2026-04-29 15:34:38 | INFO     | 🔄 Sincronización completada. Trades cerrados registrados: 3
2026-04-29 15:34:38 | INFO     | ✅ MODO SYNC TRADES COMPLETADO

2026-04-29 15:35:38 | INFO     | ============================================================
2026-04-29 15:35:38 | INFO     | TRADING PIPELINE INICIADO
2026-04-29 15:35:38 | INFO     | ============================================================
2026-04-29 15:35:38 | INFO     | 📁 Directorios de trabajo configurados
2026-04-29 15:35:38 | INFO     | 🚀 Ejecutando modo: SYNC_TRADES
2026-04-29 15:35:38 | INFO     | 
============================================================
2026-04-29 15:35:38 | INFO     | MODO: SYNC TRADES
2026-04-29 15:35:38 | INFO     | ============================================================

2026-04-29 15:35:39 | INFO     | 🔄 Sincronización completada. Trades cerrados registrados: 3
2026-04-29 15:35:39 | INFO     | ✅ MODO SYNC TRADES COMPLETADO

2026-04-29 15:36:38 | INFO     | ============================================================
2026-04-29 15:36:38 | INFO     | TRADING PIPELINE INICIADO
2026-04-29 15:36:38 | INFO     | ============================================================
2026-04-29 15:36:38 | INFO     | 📁 Directorios de trabajo configurados
2026-04-29 15:36:38 | INFO     | 🚀 Ejecutando modo: SYNC_TRADES
2026-04-29 15:36:38 | INFO     | 
============================================================
2026-04-29 15:36:38 | INFO     | MODO: SYNC TRADES
2026-04-29 15:36:38 | INFO     | ============================================================

2026-04-29 15:36:38 | INFO     | 🔄 Sincronización completada. Trades cerrados registrados: 3
2026-04-29 15:36:38 | INFO     | ✅ MODO SYNC TRADES COMPLETADO

2026-04-29 15:37:37 | INFO     | ============================================================
2026-04-29 15:37:37 | INFO     | TRADING PIPELINE INICIADO
2026-04-29 15:37:37 | INFO     | ============================================================
2026-04-29 15:37:37 | INFO     | 📁 Directorios de trabajo configurados
2026-04-29 15:37:37 | INFO     | 🚀 Ejecutando modo: SYNC_TRADES
2026-04-29 15:37:37 | INFO     | 
============================================================
2026-04-29 15:37:37 | INFO     | MODO: SYNC TRADES
2026-04-29 15:37:37 | INFO     | ============================================================

2026-04-29 15:37:37 | INFO     | 🔄 Sincronización completada. Trades cerrados registrados: 3
2026-04-29 15:37:37 | INFO     | ✅ MODO SYNC TRADES COMPLETADO

2026-04-29 15:38:07 | INFO     | ============================================================
2026-04-29 15:38:07 | INFO     | TRADING PIPELINE INICIADO
2026-04-29 15:38:07 | INFO     | ============================================================
2026-04-29 15:38:07 | INFO     | 📁 Directorios de trabajo configurados
2026-04-29 15:38:07 | INFO     | 🚀 Ejecutando modo: PRODUCTION
2026-04-29 15:38:07 | INFO     | 
============================================================
2026-04-29 15:38:07 | INFO     | MODO: PRODUCCIÓN
2026-04-29 15:38:07 | INFO     | ============================================================

2026-04-29 15:38:07 | INFO     | 📥 Cargando datos para producción...
2026-04-29 15:38:07 | INFO     | PASO 1: CARGANDO DATOS
2026-04-29 15:38:07 | INFO     | ------------------------------------------------------------
2026-04-29 15:38:07 | INFO     |   -> Símbolo 'EURUSD' cargado desde config/config.yaml
2026-04-29 15:38:07 | INFO     |   -> Timeframe 'M5' cargado desde config/config.yaml
2026-04-29 15:38:07 | INFO     | ✓ Datos cargados: 3000 filas, 6 columnas.
2026-04-29 15:38:07 | INFO     | PASO 2: LIMPIANDO DATOS
2026-04-29 15:38:07 | INFO     | ------------------------------------------------------------
2026-04-29 15:38:07 | INFO     | ✓ Datos limpios: 3000 filas restantes.
2026-04-29 15:38:07 | INFO     | PASO 3: GENERANDO FEATURES
2026-04-29 15:38:07 | INFO     | ------------------------------------------------------------
2026-04-29 15:38:07 | INFO     |   -> Retornos agregados para períodos: [1, 5, 10]
2026-04-29 15:38:07 | INFO     |   -> Indicadores técnicos agregados.
2026-04-29 15:38:07 | INFO     |   -> Lags agregados para la columna: 'Close'
2026-04-29 15:38:07 | INFO     |   -> Lags agregados para la columna: 'Volume'
2026-04-29 15:38:07 | INFO     |   -> Conteos de valores NaN generados por las features:
2026-04-29 15:38:07 | INFO     | ✓ Features generadas. Total columnas: 37.
2026-04-29 15:38:07 | INFO     | 🏆 Modelo campeón global según backtest: PROPHET
2026-04-29 15:38:07 | INFO     | 🎯 Producción configurada para operar únicamente con el modelo campeón.
2026-04-29 15:38:07 | INFO     | 📦 Release activa de producción: 20260429_063853 (activada 2026-04-29T06:41:48)
2026-04-29 15:38:07 | INFO     | Presupuesto de riesgo: total=162.56 | abierto=162.17 | restante=0.39 | por_trade=54.19
2026-04-29 15:38:07 | INFO     | 🔎 Generando señales de producción para TODOS los modelos habilitados...

2026-04-29 15:38:07 | INFO     | ➡ Procesando modelo: PROPHET | params={'changepoint_prior_scale': 0.01, 'daily_seasonality': False, 'seasonality_mode': 'additive', 'seasonality_prior_scale': 1.0, 'use_lagged_regressors': True, 'weekly_seasonality': True, 'yearly_seasonality': False}
2026-04-29 15:38:07 | INFO     |   💾 Intentando cargar el modelo desde: C:\Users\USER\Documentos\Maestria\Mark-III\outputs\models\releases\20260429_063853\prophet_best.pkl
2026-04-29 15:38:07 | INFO     | [PROPHET] Cargando artefacto desde: C:\Users\USER\Documentos\Maestria\Mark-III\outputs\models\releases\20260429_063853\prophet_best.pkl
2026-04-29 15:38:07 | INFO     | [PROPHET] Tipo de artefacto: <class 'dict'>
2026-04-29 15:38:07 | INFO     | [PROPHET] Claves del artefacto: ['model_class', 'params', 'model', 'target_name', 'feature_names']
2026-04-29 15:38:07 | INFO     | [PROPHET] Modelo cargado desde: C:\Users\USER\Documentos\Maestria\Mark-III\outputs\models\releases\20260429_063853\prophet_best.pkl
2026-04-29 15:38:07 | INFO     | [PROPHET] Regresores restaurados: ['Open', 'High', 'Low', 'Close', 'TickVolume', 'Volume', 'Return_1', 'LogReturn_1', 'Return_5', 'ReturnFwd_5', 'LogReturn_5', 'Return_10', 'ReturnFwd_10', 'LogReturn_10', 'SMA_20', 'SMA_50', 'EMA_12', 'EMA_26', 'RSI_14', 'MACD', 'MACD_Signal', 'MACD_Hist', 'BB_Upper', 'BB_Lower', 'BB_Width', 'ATR_14', 'Close_lag1', 'Close_lag2', 'Close_lag3', 'Close_lag5', 'Close_lag10', 'Volume_lag1', 'Volume_lag2', 'Volume_lag3', 'Volume_lag5', 'Volume_lag10']
2026-04-29 15:38:07 | INFO     | [PROPHET] Predicción (yhat) para 2026-04-29 23:30:00: 0.000138
2026-04-29 15:38:07 | INFO     |   📈 Modelo PROPHET -> retorno=0.000138, pips=1.61, signal=HOLD, confidence=0.576, entry_plan=nan, SL_plan=nan, TP_plan=nan, entry_live=nan, SL_live=nan, TP_live=nan, lots=0.00, balance=5418.72, risk=0.00, open_risk=162.17, remaining_budget=0.39
2026-04-29 15:38:07 | INFO     | 
💾 Señales de producción guardadas en: outputs\production\production_signals.csv
2026-04-29 15:38:07 | INFO     | ✅ MODO PRODUCCIÓN COMPLETADO

2026-04-29 15:38:38 | INFO     | ============================================================
2026-04-29 15:38:38 | INFO     | TRADING PIPELINE INICIADO
2026-04-29 15:38:38 | INFO     | ============================================================
2026-04-29 15:38:38 | INFO     | 📁 Directorios de trabajo configurados
2026-04-29 15:38:38 | INFO     | 🚀 Ejecutando modo: SYNC_TRADES
2026-04-29 15:38:38 | INFO     | 
============================================================
2026-04-29 15:38:38 | INFO     | MODO: SYNC TRADES
2026-04-29 15:38:38 | INFO     | ============================================================

2026-04-29 15:38:38 | INFO     | 🔄 Sincronización completada. Trades cerrados registrados: 3
2026-04-29 15:38:38 | INFO     | ✅ MODO SYNC TRADES COMPLETADO

2026-04-29 15:39:38 | INFO     | ============================================================
2026-04-29 15:39:38 | INFO     | TRADING PIPELINE INICIADO
2026-04-29 15:39:38 | INFO     | ============================================================
2026-04-29 15:39:38 | INFO     | 📁 Directorios de trabajo configurados
2026-04-29 15:39:38 | INFO     | 🚀 Ejecutando modo: SYNC_TRADES
2026-04-29 15:39:38 | INFO     | 
============================================================
2026-04-29 15:39:38 | INFO     | MODO: SYNC TRADES
2026-04-29 15:39:38 | INFO     | ============================================================

2026-04-29 15:39:38 | INFO     | 🔄 Sincronización completada. Trades cerrados registrados: 3
2026-04-29 15:39:38 | INFO     | ✅ MODO SYNC TRADES COMPLETADO

2026-04-29 15:40:37 | INFO     | ============================================================
2026-04-29 15:40:37 | INFO     | TRADING PIPELINE INICIADO
2026-04-29 15:40:37 | INFO     | ============================================================
2026-04-29 15:40:37 | INFO     | 📁 Directorios de trabajo configurados
2026-04-29 15:40:37 | INFO     | 🚀 Ejecutando modo: SYNC_TRADES
2026-04-29 15:40:37 | INFO     | 
============================================================
2026-04-29 15:40:37 | INFO     | MODO: SYNC TRADES
2026-04-29 15:40:37 | INFO     | ============================================================

2026-04-29 15:40:37 | INFO     | 🔄 Sincronización completada. Trades cerrados registrados: 3
2026-04-29 15:40:37 | INFO     | ✅ MODO SYNC TRADES COMPLETADO

2026-04-29 15:41:37 | INFO     | ============================================================
2026-04-29 15:41:37 | INFO     | TRADING PIPELINE INICIADO
2026-04-29 15:41:37 | INFO     | ============================================================
2026-04-29 15:41:37 | INFO     | 📁 Directorios de trabajo configurados
2026-04-29 15:41:37 | INFO     | 🚀 Ejecutando modo: SYNC_TRADES
2026-04-29 15:41:37 | INFO     | 
============================================================
2026-04-29 15:41:37 | INFO     | MODO: SYNC TRADES
2026-04-29 15:41:37 | INFO     | ============================================================

2026-04-29 15:41:37 | INFO     | 🔄 Sincronización completada. Trades cerrados registrados: 3
2026-04-29 15:41:37 | INFO     | ✅ MODO SYNC TRADES COMPLETADO

2026-04-29 15:42:37 | INFO     | ============================================================
2026-04-29 15:42:37 | INFO     | TRADING PIPELINE INICIADO
2026-04-29 15:42:37 | INFO     | ============================================================
2026-04-29 15:42:37 | INFO     | 📁 Directorios de trabajo configurados
2026-04-29 15:42:37 | INFO     | 🚀 Ejecutando modo: SYNC_TRADES
2026-04-29 15:42:37 | INFO     | 
============================================================
2026-04-29 15:42:37 | INFO     | MODO: SYNC TRADES
2026-04-29 15:42:37 | INFO     | ============================================================

2026-04-29 15:42:37 | INFO     | 🔄 Sincronización completada. Trades cerrados registrados: 3
2026-04-29 15:42:37 | INFO     | ✅ MODO SYNC TRADES COMPLETADO

2026-04-29 15:43:07 | INFO     | ============================================================
2026-04-29 15:43:07 | INFO     | TRADING PIPELINE INICIADO
2026-04-29 15:43:07 | INFO     | ============================================================
2026-04-29 15:43:07 | INFO     | 📁 Directorios de trabajo configurados
2026-04-29 15:43:07 | INFO     | 🚀 Ejecutando modo: PRODUCTION
2026-04-29 15:43:07 | INFO     | 
============================================================
2026-04-29 15:43:07 | INFO     | MODO: PRODUCCIÓN
2026-04-29 15:43:07 | INFO     | ============================================================

2026-04-29 15:43:07 | INFO     | 📥 Cargando datos para producción...
2026-04-29 15:43:07 | INFO     | PASO 1: CARGANDO DATOS
2026-04-29 15:43:07 | INFO     | ------------------------------------------------------------
2026-04-29 15:43:07 | INFO     |   -> Símbolo 'EURUSD' cargado desde config/config.yaml
2026-04-29 15:43:07 | INFO     |   -> Timeframe 'M5' cargado desde config/config.yaml
2026-04-29 15:43:07 | INFO     | ✓ Datos cargados: 3000 filas, 6 columnas.
2026-04-29 15:43:07 | INFO     | PASO 2: LIMPIANDO DATOS
2026-04-29 15:43:07 | INFO     | ------------------------------------------------------------
2026-04-29 15:43:07 | INFO     | ✓ Datos limpios: 3000 filas restantes.
2026-04-29 15:43:07 | INFO     | PASO 3: GENERANDO FEATURES
2026-04-29 15:43:07 | INFO     | ------------------------------------------------------------
2026-04-29 15:43:07 | INFO     |   -> Retornos agregados para períodos: [1, 5, 10]
2026-04-29 15:43:07 | INFO     |   -> Indicadores técnicos agregados.
2026-04-29 15:43:07 | INFO     |   -> Lags agregados para la columna: 'Close'
2026-04-29 15:43:07 | INFO     |   -> Lags agregados para la columna: 'Volume'
2026-04-29 15:43:07 | INFO     |   -> Conteos de valores NaN generados por las features:
2026-04-29 15:43:07 | INFO     | ✓ Features generadas. Total columnas: 37.
2026-04-29 15:43:07 | INFO     | 🏆 Modelo campeón global según backtest: PROPHET
2026-04-29 15:43:07 | INFO     | 🎯 Producción configurada para operar únicamente con el modelo campeón.
2026-04-29 15:43:07 | INFO     | 📦 Release activa de producción: 20260429_063853 (activada 2026-04-29T06:41:48)
2026-04-29 15:43:07 | INFO     | Presupuesto de riesgo: total=162.56 | abierto=162.17 | restante=0.39 | por_trade=54.19
2026-04-29 15:43:07 | INFO     | 🔎 Generando señales de producción para TODOS los modelos habilitados...

2026-04-29 15:43:07 | INFO     | ➡ Procesando modelo: PROPHET | params={'changepoint_prior_scale': 0.01, 'daily_seasonality': False, 'seasonality_mode': 'additive', 'seasonality_prior_scale': 1.0, 'use_lagged_regressors': True, 'weekly_seasonality': True, 'yearly_seasonality': False}
2026-04-29 15:43:07 | INFO     |   💾 Intentando cargar el modelo desde: C:\Users\USER\Documentos\Maestria\Mark-III\outputs\models\releases\20260429_063853\prophet_best.pkl
2026-04-29 15:43:07 | INFO     | [PROPHET] Cargando artefacto desde: C:\Users\USER\Documentos\Maestria\Mark-III\outputs\models\releases\20260429_063853\prophet_best.pkl
2026-04-29 15:43:07 | INFO     | [PROPHET] Tipo de artefacto: <class 'dict'>
2026-04-29 15:43:07 | INFO     | [PROPHET] Claves del artefacto: ['model_class', 'params', 'model', 'target_name', 'feature_names']
2026-04-29 15:43:07 | INFO     | [PROPHET] Modelo cargado desde: C:\Users\USER\Documentos\Maestria\Mark-III\outputs\models\releases\20260429_063853\prophet_best.pkl
2026-04-29 15:43:07 | INFO     | [PROPHET] Regresores restaurados: ['Open', 'High', 'Low', 'Close', 'TickVolume', 'Volume', 'Return_1', 'LogReturn_1', 'Return_5', 'ReturnFwd_5', 'LogReturn_5', 'Return_10', 'ReturnFwd_10', 'LogReturn_10', 'SMA_20', 'SMA_50', 'EMA_12', 'EMA_26', 'RSI_14', 'MACD', 'MACD_Signal', 'MACD_Hist', 'BB_Upper', 'BB_Lower', 'BB_Width', 'ATR_14', 'Close_lag1', 'Close_lag2', 'Close_lag3', 'Close_lag5', 'Close_lag10', 'Volume_lag1', 'Volume_lag2', 'Volume_lag3', 'Volume_lag5', 'Volume_lag10']
2026-04-29 15:43:07 | INFO     | [PROPHET] Predicción (yhat) para 2026-04-29 23:35:00: 0.000047
2026-04-29 15:43:07 | INFO     |   📈 Modelo PROPHET -> retorno=0.000047, pips=0.55, signal=HOLD, confidence=0.452, entry_plan=nan, SL_plan=nan, TP_plan=nan, entry_live=nan, SL_live=nan, TP_live=nan, lots=0.00, balance=5418.72, risk=0.00, open_risk=162.17, remaining_budget=0.39
2026-04-29 15:43:07 | INFO     | 
💾 Señales de producción guardadas en: outputs\production\production_signals.csv
2026-04-29 15:43:08 | INFO     | ✅ MODO PRODUCCIÓN COMPLETADO

2026-04-29 15:43:37 | INFO     | ============================================================
2026-04-29 15:43:37 | INFO     | TRADING PIPELINE INICIADO
2026-04-29 15:43:37 | INFO     | ============================================================
2026-04-29 15:43:37 | INFO     | 📁 Directorios de trabajo configurados
2026-04-29 15:43:37 | INFO     | 🚀 Ejecutando modo: SYNC_TRADES
2026-04-29 15:43:37 | INFO     | 
============================================================
2026-04-29 15:43:37 | INFO     | MODO: SYNC TRADES
2026-04-29 15:43:37 | INFO     | ============================================================

2026-04-29 15:43:37 | INFO     | 🔄 Sincronización completada. Trades cerrados registrados: 3
2026-04-29 15:43:37 | INFO     | ✅ MODO SYNC TRADES COMPLETADO

2026-04-29 15:44:37 | INFO     | ============================================================
2026-04-29 15:44:37 | INFO     | TRADING PIPELINE INICIADO
2026-04-29 15:44:37 | INFO     | ============================================================
2026-04-29 15:44:37 | INFO     | 📁 Directorios de trabajo configurados
2026-04-29 15:44:37 | INFO     | 🚀 Ejecutando modo: SYNC_TRADES
2026-04-29 15:44:37 | INFO     | 
============================================================
2026-04-29 15:44:37 | INFO     | MODO: SYNC TRADES
2026-04-29 15:44:37 | INFO     | ============================================================

2026-04-29 15:44:37 | INFO     | 🔄 Sincronización completada. Trades cerrados registrados: 3
2026-04-29 15:44:37 | INFO     | ✅ MODO SYNC TRADES COMPLETADO

2026-04-29 15:45:38 | INFO     | ============================================================
2026-04-29 15:45:38 | INFO     | TRADING PIPELINE INICIADO
2026-04-29 15:45:38 | INFO     | ============================================================
2026-04-29 15:45:38 | INFO     | 📁 Directorios de trabajo configurados
2026-04-29 15:45:38 | INFO     | 🚀 Ejecutando modo: SYNC_TRADES
2026-04-29 15:45:38 | INFO     | 
============================================================
2026-04-29 15:45:38 | INFO     | MODO: SYNC TRADES
2026-04-29 15:45:38 | INFO     | ============================================================

2026-04-29 15:45:38 | INFO     | 🔄 Sincronización completada. Trades cerrados registrados: 3
2026-04-29 15:45:38 | INFO     | ✅ MODO SYNC TRADES COMPLETADO

2026-04-29 15:46:37 | INFO     | ============================================================
2026-04-29 15:46:37 | INFO     | TRADING PIPELINE INICIADO
2026-04-29 15:46:37 | INFO     | ============================================================
2026-04-29 15:46:37 | INFO     | 📁 Directorios de trabajo configurados
2026-04-29 15:46:37 | INFO     | 🚀 Ejecutando modo: SYNC_TRADES
2026-04-29 15:46:37 | INFO     | 
============================================================
2026-04-29 15:46:37 | INFO     | MODO: SYNC TRADES
2026-04-29 15:46:37 | INFO     | ============================================================

2026-04-29 15:46:37 | INFO     | 🔄 Sincronización completada. Trades cerrados registrados: 3
2026-04-29 15:46:37 | INFO     | ✅ MODO SYNC TRADES COMPLETADO

2026-04-29 15:47:37 | INFO     | ============================================================
2026-04-29 15:47:37 | INFO     | TRADING PIPELINE INICIADO
2026-04-29 15:47:37 | INFO     | ============================================================
2026-04-29 15:47:37 | INFO     | 📁 Directorios de trabajo configurados
2026-04-29 15:47:37 | INFO     | 🚀 Ejecutando modo: SYNC_TRADES
2026-04-29 15:47:37 | INFO     | 
============================================================
2026-04-29 15:47:37 | INFO     | MODO: SYNC TRADES
2026-04-29 15:47:37 | INFO     | ============================================================

2026-04-29 15:47:37 | INFO     | 🔄 Sincronización completada. Trades cerrados registrados: 3
2026-04-29 15:47:37 | INFO     | ✅ MODO SYNC TRADES COMPLETADO

2026-04-29 15:48:07 | INFO     | ============================================================
2026-04-29 15:48:07 | INFO     | TRADING PIPELINE INICIADO
2026-04-29 15:48:07 | INFO     | ============================================================
2026-04-29 15:48:07 | INFO     | 📁 Directorios de trabajo configurados
2026-04-29 15:48:07 | INFO     | 🚀 Ejecutando modo: PRODUCTION
2026-04-29 15:48:07 | INFO     | 
============================================================
2026-04-29 15:48:07 | INFO     | MODO: PRODUCCIÓN
2026-04-29 15:48:07 | INFO     | ============================================================

2026-04-29 15:48:07 | INFO     | 📥 Cargando datos para producción...
2026-04-29 15:48:07 | INFO     | PASO 1: CARGANDO DATOS
2026-04-29 15:48:07 | INFO     | ------------------------------------------------------------
2026-04-29 15:48:07 | INFO     |   -> Símbolo 'EURUSD' cargado desde config/config.yaml
2026-04-29 15:48:07 | INFO     |   -> Timeframe 'M5' cargado desde config/config.yaml
2026-04-29 15:48:07 | INFO     | ✓ Datos cargados: 3000 filas, 6 columnas.
2026-04-29 15:48:07 | INFO     | PASO 2: LIMPIANDO DATOS
2026-04-29 15:48:07 | INFO     | ------------------------------------------------------------
2026-04-29 15:48:07 | INFO     | ✓ Datos limpios: 3000 filas restantes.
2026-04-29 15:48:07 | INFO     | PASO 3: GENERANDO FEATURES
2026-04-29 15:48:07 | INFO     | ------------------------------------------------------------
2026-04-29 15:48:07 | INFO     |   -> Retornos agregados para períodos: [1, 5, 10]
2026-04-29 15:48:07 | INFO     |   -> Indicadores técnicos agregados.
2026-04-29 15:48:07 | INFO     |   -> Lags agregados para la columna: 'Close'
2026-04-29 15:48:07 | INFO     |   -> Lags agregados para la columna: 'Volume'
2026-04-29 15:48:07 | INFO     |   -> Conteos de valores NaN generados por las features:
2026-04-29 15:48:07 | INFO     | ✓ Features generadas. Total columnas: 37.
2026-04-29 15:48:07 | INFO     | 🏆 Modelo campeón global según backtest: PROPHET
2026-04-29 15:48:07 | INFO     | 🎯 Producción configurada para operar únicamente con el modelo campeón.
2026-04-29 15:48:07 | INFO     | 📦 Release activa de producción: 20260429_063853 (activada 2026-04-29T06:41:48)
2026-04-29 15:48:07 | INFO     | Presupuesto de riesgo: total=162.56 | abierto=162.17 | restante=0.39 | por_trade=54.19
2026-04-29 15:48:07 | INFO     | 🔎 Generando señales de producción para TODOS los modelos habilitados...

2026-04-29 15:48:07 | INFO     | ➡ Procesando modelo: PROPHET | params={'changepoint_prior_scale': 0.01, 'daily_seasonality': False, 'seasonality_mode': 'additive', 'seasonality_prior_scale': 1.0, 'use_lagged_regressors': True, 'weekly_seasonality': True, 'yearly_seasonality': False}
2026-04-29 15:48:07 | INFO     |   💾 Intentando cargar el modelo desde: C:\Users\USER\Documentos\Maestria\Mark-III\outputs\models\releases\20260429_063853\prophet_best.pkl
2026-04-29 15:48:07 | INFO     | [PROPHET] Cargando artefacto desde: C:\Users\USER\Documentos\Maestria\Mark-III\outputs\models\releases\20260429_063853\prophet_best.pkl
2026-04-29 15:48:07 | INFO     | [PROPHET] Tipo de artefacto: <class 'dict'>
2026-04-29 15:48:07 | INFO     | [PROPHET] Claves del artefacto: ['model_class', 'params', 'model', 'target_name', 'feature_names']
2026-04-29 15:48:07 | INFO     | [PROPHET] Modelo cargado desde: C:\Users\USER\Documentos\Maestria\Mark-III\outputs\models\releases\20260429_063853\prophet_best.pkl
2026-04-29 15:48:07 | INFO     | [PROPHET] Regresores restaurados: ['Open', 'High', 'Low', 'Close', 'TickVolume', 'Volume', 'Return_1', 'LogReturn_1', 'Return_5', 'ReturnFwd_5', 'LogReturn_5', 'Return_10', 'ReturnFwd_10', 'LogReturn_10', 'SMA_20', 'SMA_50', 'EMA_12', 'EMA_26', 'RSI_14', 'MACD', 'MACD_Signal', 'MACD_Hist', 'BB_Upper', 'BB_Lower', 'BB_Width', 'ATR_14', 'Close_lag1', 'Close_lag2', 'Close_lag3', 'Close_lag5', 'Close_lag10', 'Volume_lag1', 'Volume_lag2', 'Volume_lag3', 'Volume_lag5', 'Volume_lag10']
2026-04-29 15:48:07 | INFO     | [PROPHET] Predicción (yhat) para 2026-04-29 23:40:00: 0.000009
2026-04-29 15:48:07 | INFO     |   📈 Modelo PROPHET -> retorno=0.000009, pips=0.11, signal=HOLD, confidence=0.399, entry_plan=nan, SL_plan=nan, TP_plan=nan, entry_live=nan, SL_live=nan, TP_live=nan, lots=0.00, balance=5418.72, risk=0.00, open_risk=162.17, remaining_budget=0.39
2026-04-29 15:48:07 | INFO     | 
💾 Señales de producción guardadas en: outputs\production\production_signals.csv
2026-04-29 15:48:07 | INFO     | ✅ MODO PRODUCCIÓN COMPLETADO

2026-04-29 15:48:37 | INFO     | ============================================================
2026-04-29 15:48:37 | INFO     | TRADING PIPELINE INICIADO
2026-04-29 15:48:37 | INFO     | ============================================================
2026-04-29 15:48:37 | INFO     | 📁 Directorios de trabajo configurados
2026-04-29 15:48:37 | INFO     | 🚀 Ejecutando modo: SYNC_TRADES
2026-04-29 15:48:37 | INFO     | 
============================================================
2026-04-29 15:48:37 | INFO     | MODO: SYNC TRADES
2026-04-29 15:48:37 | INFO     | ============================================================

2026-04-29 15:48:37 | INFO     | 🔄 Sincronización completada. Trades cerrados registrados: 3
2026-04-29 15:48:37 | INFO     | ✅ MODO SYNC TRADES COMPLETADO

2026-04-29 15:49:37 | INFO     | ============================================================
2026-04-29 15:49:37 | INFO     | TRADING PIPELINE INICIADO
2026-04-29 15:49:37 | INFO     | ============================================================
2026-04-29 15:49:37 | INFO     | 📁 Directorios de trabajo configurados
2026-04-29 15:49:37 | INFO     | 🚀 Ejecutando modo: SYNC_TRADES
2026-04-29 15:49:37 | INFO     | 
============================================================
2026-04-29 15:49:37 | INFO     | MODO: SYNC TRADES
2026-04-29 15:49:37 | INFO     | ============================================================

2026-04-29 15:49:37 | INFO     | 🔄 Sincronización completada. Trades cerrados registrados: 3
2026-04-29 15:49:37 | INFO     | ✅ MODO SYNC TRADES COMPLETADO

2026-04-29 15:50:37 | INFO     | ============================================================
2026-04-29 15:50:37 | INFO     | TRADING PIPELINE INICIADO
2026-04-29 15:50:37 | INFO     | ============================================================
2026-04-29 15:50:37 | INFO     | 📁 Directorios de trabajo configurados
2026-04-29 15:50:37 | INFO     | 🚀 Ejecutando modo: SYNC_TRADES
2026-04-29 15:50:37 | INFO     | 
============================================================
2026-04-29 15:50:37 | INFO     | MODO: SYNC TRADES
2026-04-29 15:50:37 | INFO     | ============================================================

2026-04-29 15:50:37 | INFO     | 🔄 Sincronización completada. Trades cerrados registrados: 3
2026-04-29 15:50:37 | INFO     | ✅ MODO SYNC TRADES COMPLETADO

2026-04-29 15:51:37 | INFO     | ============================================================
2026-04-29 15:51:37 | INFO     | TRADING PIPELINE INICIADO
2026-04-29 15:51:37 | INFO     | ============================================================
2026-04-29 15:51:37 | INFO     | 📁 Directorios de trabajo configurados
2026-04-29 15:51:37 | INFO     | 🚀 Ejecutando modo: SYNC_TRADES
2026-04-29 15:51:37 | INFO     | 
============================================================
2026-04-29 15:51:37 | INFO     | MODO: SYNC TRADES
2026-04-29 15:51:37 | INFO     | ============================================================

2026-04-29 15:51:37 | INFO     | 🔄 Sincronización completada. Trades cerrados registrados: 3
2026-04-29 15:51:37 | INFO     | ✅ MODO SYNC TRADES COMPLETADO

2026-04-29 15:52:37 | INFO     | ============================================================
2026-04-29 15:52:37 | INFO     | TRADING PIPELINE INICIADO
2026-04-29 15:52:37 | INFO     | ============================================================
2026-04-29 15:52:37 | INFO     | 📁 Directorios de trabajo configurados
2026-04-29 15:52:37 | INFO     | 🚀 Ejecutando modo: SYNC_TRADES
2026-04-29 15:52:37 | INFO     | 
============================================================
2026-04-29 15:52:37 | INFO     | MODO: SYNC TRADES
2026-04-29 15:52:37 | INFO     | ============================================================

2026-04-29 15:52:37 | INFO     | 🔄 Sincronización completada. Trades cerrados registrados: 3
2026-04-29 15:52:37 | INFO     | ✅ MODO SYNC TRADES COMPLETADO

2026-04-29 15:53:07 | INFO     | ============================================================
2026-04-29 15:53:07 | INFO     | TRADING PIPELINE INICIADO
2026-04-29 15:53:07 | INFO     | ============================================================
2026-04-29 15:53:07 | INFO     | 📁 Directorios de trabajo configurados
2026-04-29 15:53:07 | INFO     | 🚀 Ejecutando modo: PRODUCTION
2026-04-29 15:53:07 | INFO     | 
============================================================
2026-04-29 15:53:07 | INFO     | MODO: PRODUCCIÓN
2026-04-29 15:53:07 | INFO     | ============================================================

2026-04-29 15:53:07 | INFO     | 📥 Cargando datos para producción...
2026-04-29 15:53:07 | INFO     | PASO 1: CARGANDO DATOS
2026-04-29 15:53:07 | INFO     | ------------------------------------------------------------
2026-04-29 15:53:07 | INFO     |   -> Símbolo 'EURUSD' cargado desde config/config.yaml
2026-04-29 15:53:07 | INFO     |   -> Timeframe 'M5' cargado desde config/config.yaml
2026-04-29 15:53:07 | INFO     | ✓ Datos cargados: 3000 filas, 6 columnas.
2026-04-29 15:53:07 | INFO     | PASO 2: LIMPIANDO DATOS
2026-04-29 15:53:07 | INFO     | ------------------------------------------------------------
2026-04-29 15:53:07 | INFO     | ✓ Datos limpios: 3000 filas restantes.
2026-04-29 15:53:07 | INFO     | PASO 3: GENERANDO FEATURES
2026-04-29 15:53:07 | INFO     | ------------------------------------------------------------
2026-04-29 15:53:07 | INFO     |   -> Retornos agregados para períodos: [1, 5, 10]
2026-04-29 15:53:07 | INFO     |   -> Indicadores técnicos agregados.
2026-04-29 15:53:07 | INFO     |   -> Lags agregados para la columna: 'Close'
2026-04-29 15:53:07 | INFO     |   -> Lags agregados para la columna: 'Volume'
2026-04-29 15:53:07 | INFO     |   -> Conteos de valores NaN generados por las features:
2026-04-29 15:53:07 | INFO     | ✓ Features generadas. Total columnas: 37.
2026-04-29 15:53:07 | INFO     | 🏆 Modelo campeón global según backtest: PROPHET
2026-04-29 15:53:07 | INFO     | 🎯 Producción configurada para operar únicamente con el modelo campeón.
2026-04-29 15:53:07 | INFO     | 📦 Release activa de producción: 20260429_063853 (activada 2026-04-29T06:41:48)
2026-04-29 15:53:07 | INFO     | Presupuesto de riesgo: total=162.56 | abierto=162.17 | restante=0.39 | por_trade=54.19
2026-04-29 15:53:07 | INFO     | 🔎 Generando señales de producción para TODOS los modelos habilitados...

2026-04-29 15:53:07 | INFO     | ➡ Procesando modelo: PROPHET | params={'changepoint_prior_scale': 0.01, 'daily_seasonality': False, 'seasonality_mode': 'additive', 'seasonality_prior_scale': 1.0, 'use_lagged_regressors': True, 'weekly_seasonality': True, 'yearly_seasonality': False}
2026-04-29 15:53:07 | INFO     |   💾 Intentando cargar el modelo desde: C:\Users\USER\Documentos\Maestria\Mark-III\outputs\models\releases\20260429_063853\prophet_best.pkl
2026-04-29 15:53:07 | INFO     | [PROPHET] Cargando artefacto desde: C:\Users\USER\Documentos\Maestria\Mark-III\outputs\models\releases\20260429_063853\prophet_best.pkl
2026-04-29 15:53:07 | INFO     | [PROPHET] Tipo de artefacto: <class 'dict'>
2026-04-29 15:53:07 | INFO     | [PROPHET] Claves del artefacto: ['model_class', 'params', 'model', 'target_name', 'feature_names']
2026-04-29 15:53:07 | INFO     | [PROPHET] Modelo cargado desde: C:\Users\USER\Documentos\Maestria\Mark-III\outputs\models\releases\20260429_063853\prophet_best.pkl
2026-04-29 15:53:07 | INFO     | [PROPHET] Regresores restaurados: ['Open', 'High', 'Low', 'Close', 'TickVolume', 'Volume', 'Return_1', 'LogReturn_1', 'Return_5', 'ReturnFwd_5', 'LogReturn_5', 'Return_10', 'ReturnFwd_10', 'LogReturn_10', 'SMA_20', 'SMA_50', 'EMA_12', 'EMA_26', 'RSI_14', 'MACD', 'MACD_Signal', 'MACD_Hist', 'BB_Upper', 'BB_Lower', 'BB_Width', 'ATR_14', 'Close_lag1', 'Close_lag2', 'Close_lag3', 'Close_lag5', 'Close_lag10', 'Volume_lag1', 'Volume_lag2', 'Volume_lag3', 'Volume_lag5', 'Volume_lag10']
2026-04-29 15:53:07 | INFO     | [PROPHET] Predicción (yhat) para 2026-04-29 23:45:00: -0.000128
2026-04-29 15:53:07 | INFO     |   📈 Modelo PROPHET -> retorno=-0.000128, pips=-1.50, signal=HOLD, confidence=0.563, entry_plan=nan, SL_plan=nan, TP_plan=nan, entry_live=nan, SL_live=nan, TP_live=nan, lots=0.00, balance=5418.72, risk=0.00, open_risk=162.17, remaining_budget=0.39
2026-04-29 15:53:07 | INFO     | 
💾 Señales de producción guardadas en: outputs\production\production_signals.csv
2026-04-29 15:53:07 | INFO     | ✅ MODO PRODUCCIÓN COMPLETADO

2026-04-29 15:53:37 | INFO     | ============================================================
2026-04-29 15:53:37 | INFO     | TRADING PIPELINE INICIADO
2026-04-29 15:53:37 | INFO     | ============================================================
2026-04-29 15:53:37 | INFO     | 📁 Directorios de trabajo configurados
2026-04-29 15:53:37 | INFO     | 🚀 Ejecutando modo: SYNC_TRADES
2026-04-29 15:53:37 | INFO     | 
============================================================
2026-04-29 15:53:37 | INFO     | MODO: SYNC TRADES
2026-04-29 15:53:37 | INFO     | ============================================================

2026-04-29 15:53:37 | INFO     | 🔄 Sincronización completada. Trades cerrados registrados: 3
2026-04-29 15:53:37 | INFO     | ✅ MODO SYNC TRADES COMPLETADO

2026-04-29 15:54:38 | INFO     | ============================================================
2026-04-29 15:54:38 | INFO     | TRADING PIPELINE INICIADO
2026-04-29 15:54:38 | INFO     | ============================================================
2026-04-29 15:54:38 | INFO     | 📁 Directorios de trabajo configurados
2026-04-29 15:54:38 | INFO     | 🚀 Ejecutando modo: SYNC_TRADES
2026-04-29 15:54:38 | INFO     | 
============================================================
2026-04-29 15:54:38 | INFO     | MODO: SYNC TRADES
2026-04-29 15:54:38 | INFO     | ============================================================

2026-04-29 15:54:38 | INFO     | 🔄 Sincronización completada. Trades cerrados registrados: 3
2026-04-29 15:54:38 | INFO     | ✅ MODO SYNC TRADES COMPLETADO

2026-04-29 21:18:38 | INFO     | ============================================================
2026-04-29 21:18:38 | INFO     | TRADING PIPELINE INICIADO
2026-04-29 21:18:38 | INFO     | ============================================================
2026-04-29 21:18:38 | INFO     | 📁 Directorios de trabajo configurados
2026-04-29 21:18:39 | INFO     | Se normalizo el historico legado de senales en production_signals.csv: columnas_legacy=1, filas_migradas=2
