model,d,p,q,mae,rmse,hit_rate,dm_stat,dm_pvalue,sharpe,sortino,max_drawdown,profit_factor,win_rate,payoff_ratio,n_test_points,n_trades
ARIMA,0,2,1,0.002997,0.003957,82.5,-4.266679,2e-05,8.065003,21.998111,-0.004211,14.190041,82.5,3.010009,160,80
ARIMA,0,5,2,0.002999,0.003971,82.716049,-4.414836,1e-05,8.121998,22.135469,-0.004211,14.272401,82.716049,2.982293,160,81
ARIMA,0,1,2,0.003009,0.003998,82.051282,-4.290083,1.8e-05,7.831832,19.956163,-0.004211,13.961871,82.051282,3.054159,160,78
ARIMA,0,2,0,0.003009,0.003999,82.278481,-4.291125,1.8e-05,7.966179,20.359214,-0.004211,14.22366,82.278481,3.063558,160,79
ARIMA,0,5,0,0.003001,0.003999,83.544304,-4.282594,1.8e-05,8.119567,20.673549,-0.004211,14.671936,83.544304,2.889927,160,79
ARIMA,0,5,1,0.003001,0.004,83.544304,-4.28154,1.9e-05,8.119567,20.673549,-0.004211,14.671936,83.544304,2.889927,160,79
ARIMA,0,1,0,0.00302,0.004004,82.051282,-4.238439,2.3e-05,7.803331,19.83694,-0.004211,13.884434,82.051282,3.03722,160,78
ARIMA,0,1,1,0.003019,0.004005,82.051282,-4.238782,2.2e-05,7.803331,19.83694,-0.004211,13.884434,82.051282,3.03722,160,78
ARIMA,0,2,2,0.003013,0.004014,82.894737,-4.157807,3.2e-05,7.75188,19.523593,-0.004211,13.911442,82.894737,2.870615,160,76
