model,d,p,q,rmse,mae,hit_rate,dm_stat,dm_pvalue,sharpe,sortino,max_drawdown,profit_factor,win_rate,payoff_ratio
ARIMA,1,1,0,0.003093,0.002953,60.0,-0.194129,0.846075,9.9485,150.722054,-0.002507,4.727513,60.0,3.151675
ARIMA,1,5,2,0.003219,0.003033,20.0,-0.059121,0.952855,-3.240908,-9.939488,-0.008992,0.596953,20.0,2.387813
ARIMA,1,5,0,0.003512,0.003013,60.0,0.532805,0.594169,4.439621,11.110327,-0.003636,2.023277,60.0,1.348852
ARIMA,1,1,2,0.003673,0.003416,20.0,1.36176,0.173274,-3.240908,-9.939488,-0.008992,0.596953,20.0,2.387813
