model,d,p,q,rmse,mae,hit_rate,accuracy,dm_stat,dm_pvalue
ARIMA,1,1,2,0.004717,0.004185,40.0,40.0,,
ARIMA,1,5,2,0.005173,0.004628,40.0,40.0,,
ARIMA,1,5,0,0.005292,0.004455,40.0,40.0,,
ARIMA,1,1,0,0.005899,0.005095,40.0,40.0,,
